ticker,fund_name,issuer,column,existing_value,suggested_value,confidence
497780 KS,SAMSUNGACTIVE KOACT US NATURAL GAS INFRASTRUCTURE ACTIVE ETF,Samsung Asset Management Co Lt,asset_class,Commodity,Equity,HIGH
AAAA US,AMPLIUS AGGRESSIVE ASSET ALLOCATION ETF,EA Series Trust,sub_strategy,Allocation,Broad,HIGH
AALG US,LEVERAGE SHARES 2X LONG AAL DAILY ETF,Themes ETF Trust,underlier_name,AAL US,AAL,HIGH
AALG US,LEVERAGE SHARES 2X LONG AAL DAILY ETF,Themes ETF Trust,mechanism,physical,swap,HIGH
AAOX US,TRADR 2X LONG AAOI DAILY ETF,Investment Managers Series Tru,mechanism,physical,swap,HIGH
AAPB US,GRANITESHARES 2X LONG AAPL DAILY ETF,GraniteShares ETF Trust,underlier_name,AAPL US,AAPL,HIGH
AAPB US,GRANITESHARES 2X LONG AAPL DAILY ETF,GraniteShares ETF Trust,mechanism,physical,swap,HIGH
AAPD US,DIREXION DAILY AAPL BEAR 1X ETF,Direxion ETFs/USA,underlier_name,AAPL US,AAPL,HIGH
AAPD US,DIREXION DAILY AAPL BEAR 1X ETF,Direxion ETFs/USA,mechanism,physical,swap,HIGH
AAPR US,INNOVATOR EQUITY DEFINED PROTECTION ETF - 2 YR TO APRIL 2028,Innovator ETF Trust,mechanism,physical,options,HIGH
AAPU US,DIREXION DAILY AAPL BULL 2X ETF,Direxion ETFs/USA,underlier_name,AAPL US,AAPL,HIGH
AAPU US,DIREXION DAILY AAPL BULL 2X ETF,Direxion ETFs/USA,mechanism,physical,swap,HIGH
AAPW US,ROUNDHILL AAPL WEEKLYPAY ETF,Roundhill ETF Trust,sub_strategy,Derivative Income > Covered Call,Derivative Income > 0DTE / Weekly,HIGH
AAPW US,ROUNDHILL AAPL WEEKLYPAY ETF,Roundhill ETF Trust,underlier_name,AAPL US,AAPL,HIGH
AAPW US,ROUNDHILL AAPL WEEKLYPAY ETF,Roundhill ETF Trust,mechanism,physical,swap,HIGH
AAPX US,T-REX 2X LONG APPLE DAILY TARGET ETF,ETF Opportunities Trust/REX Sh,underlier_name,AAPL US,AAPL,HIGH
AAPX US,T-REX 2X LONG APPLE DAILY TARGET ETF,ETF Opportunities Trust/REX Sh,mechanism,physical,swap,HIGH
AAPY US,KURV YIELD PREMIUM STRATEGY APPLE AAPL ETF/DE,Kurv ETF Trust,underlier_name,AAPL US,AAPL,HIGH
AAPY US,KURV YIELD PREMIUM STRATEGY APPLE AAPL ETF/DE,Kurv ETF Trust,mechanism,physical,options,HIGH
AAVM US,ALPHA ARCHITECT GLOBAL FACTOR EQUITY ETF,EA Series Trust,primary_strategy,Risk Mgmt,Plain Beta,HIGH
AAVM US,ALPHA ARCHITECT GLOBAL FACTOR EQUITY ETF,EA Series Trust,sub_strategy,Alternatives,Broad,HIGH
ABI US,VICTORYSHARES PIONEER ASSET-BASED INCOME ETF,Victory Portfolios II,mechanism,physical,options,MEDIUM
ABLD US,ABACUS FCF REAL ASSETS LEADERS ETF,Abacus FCF ETFs/USA,sub_strategy,Thematic,Broad,LOW
ABNG US,LEVERAGE SHARES 2X LONG ABNB DAILY ETF,Themes ETF Trust,underlier_name,ABNB US,ABNB,HIGH
ABNG US,LEVERAGE SHARES 2X LONG ABNB DAILY ETF,Themes ETF Trust,mechanism,physical,swap,HIGH
ABNY US,YIELDMAX ABNB OPTION INCOME STRATEGY ETF,Tidal Trust II,underlier_name,ABNB US,ABNB,HIGH
ABNY US,YIELDMAX ABNB OPTION INCOME STRATEGY ETF,Tidal Trust II,mechanism,physical,options,HIGH
ABUF US,APTUS LADDERED BUFFER ETF,ETF Series Solutions/Aptus Cap,mechanism,physical,options,HIGH
ACEI US,INNOVATOR EQUITY AUTOCALLABLE INCOME STRATEGY ETF,Innovator ETF Trust,asset_class,Equity,Multi-Asset,HIGH
ACEI US,INNOVATOR EQUITY AUTOCALLABLE INCOME STRATEGY ETF,Innovator ETF Trust,mechanism,physical,swap,HIGH
ACII US,INNOVATOR INDEX AUTOCALLABLE INCOME STRATEGY ETF,Innovator ETF Trust,asset_class,Equity,Multi-Asset,HIGH
ACII US,INNOVATOR INDEX AUTOCALLABLE INCOME STRATEGY ETF,Innovator ETF Trust,mechanism,physical,swap,HIGH
ACIO US,APTUS COLLARED INVESTMENT OPPORTUNITY ETF,ETF Series Solutions/Aptus Cap,sub_strategy,Derivative Income > Covered Call,Derivative Income > Collared,MEDIUM
ACIO US,APTUS COLLARED INVESTMENT OPPORTUNITY ETF,ETF Series Solutions/Aptus Cap,mechanism,physical,options,HIGH
ACKY US,VISTASHARES TARGET 15 ACKTIVIST SELECT INCOME ETF,Tidal Trust III,primary_strategy,Income,Plain Beta,LOW
ACKY US,VISTASHARES TARGET 15 ACKTIVIST SELECT INCOME ETF,Tidal Trust III,sub_strategy,Derivative Income > Covered Call,Broad,LOW
ACKY US,VISTASHARES TARGET 15 ACKTIVIST SELECT INCOME ETF,Tidal Trust III,mechanism,physical,options,MEDIUM
ACYN US,FT VEST LADDERED AUTOCALLABLE BARRIER & INCOME ETF,First Trust Exchange-Traded Fu,primary_strategy,Income,Defined Outcome,MEDIUM
ACYN US,FT VEST LADDERED AUTOCALLABLE BARRIER & INCOME ETF,First Trust Exchange-Traded Fu,sub_strategy,Structured Product Income > Autocallable,Buffer,MEDIUM
ACYN US,FT VEST LADDERED AUTOCALLABLE BARRIER & INCOME ETF,First Trust Exchange-Traded Fu,mechanism,physical,options,HIGH
ADBG US,LEVERAGE SHARES 2X LONG ADBE DAILY ETF,Themes ETF Trust,underlier_name,ADBE US,ADBE,HIGH
ADBG US,LEVERAGE SHARES 2X LONG ADBE DAILY ETF,Themes ETF Trust,mechanism,physical,swap,HIGH
ADBU US,DIREXION DAILY ADBE BULL 2X ETF,Direxion ETFs/USA,mechanism,physical,swap,HIGH
ADPV US,ADAPTIV SELECT ETF,Series Portfolios Trust,primary_strategy,Risk Mgmt,Plain Beta,HIGH
ADPV US,ADAPTIV SELECT ETF,Series Portfolios Trust,sub_strategy,Alternatives,Broad,HIGH
ADZCF US,DB AGRICULTURE SHORT EXCHANGE TRADED NOTES,DB ETNs/USA,mechanism,physical,swap,HIGH
AEMS US,ANFIELD ENHANCED MARKET ETF,Two Roads Shared Trust/Anfield,mechanism,physical,options,MEDIUM
AESR US,ANFIELD US EQUITY SECTOR ROTATION ETF,Two Roads Shared Trust/Anfield,sub_strategy,Sector,Broad,LOW
AETH US,BITWISE TRENDWISE ETHER AND TREASURIES ROTATION STRATEGY ETF,Bitwise Funds Trust,underlier_name,crypto + traditional asset,Ethereum,MEDIUM
AETH US,BITWISE TRENDWISE ETHER AND TREASURIES ROTATION STRATEGY ETF,Bitwise Funds Trust,concentration,single,basket,MEDIUM
AETH US,BITWISE TRENDWISE ETHER AND TREASURIES ROTATION STRATEGY ETF,Bitwise Funds Trust,mechanism,physical,options,MEDIUM
AFRU US,T-REX 2X LONG AFRM DAILY TARGET ETF,ETF Opportunities Trust/REX Sh,underlier_name,AFRM US,AFRM,HIGH
AFRU US,T-REX 2X LONG AFRM DAILY TARGET ETF,ETF Opportunities Trust/REX Sh,mechanism,physical,swap,HIGH
AGFXF US,DB AGRICULTURE LONG EXCHANGE TRADED NOTES,DB ETNs/USA,mechanism,physical,options,MEDIUM
AGGH US,SIMPLIFY AGGREGATE BOND ETF,Simplify Exchange Traded Funds,mechanism,physical,swap,HIGH
AGGZ US,TWIN OAK ENHANCED FIXED INCOME ETF,Twin Oak ETF Co/USA,mechanism,physical,swap,HIGH
AGIQ US,SOFI AGENTIC AI ETF,Tidal Trust I,sub_strategy,Thematic,Broad,LOW
AGMI US,THEMES SILVER MINERS ETF,Themes ETF Trust,asset_class,Commodity,Equity,HIGH
AGMI US,THEMES SILVER MINERS ETF,Themes ETF Trust,sub_strategy,Broad,Sector,MEDIUM
AGQ US,PROSHARES ULTRA SILVER,ProShares Trust II,direction,long,neutral,HIGH
AGQ US,PROSHARES ULTRA SILVER,ProShares Trust II,underlier_name,XAG Curncy,XAG,HIGH
AGQ US,PROSHARES ULTRA SILVER,ProShares Trust II,mechanism,physical,swap,HIGH
AGQI US,FIRST TRUST ACTIVE GLOBAL QUALITY INCOME ETF,First Trust Exchange-Traded Fu,sub_strategy,Style,Broad,MEDIUM
AGRH US,ISHARES INTEREST RATE HEDGED U.S. AGGREGATE BOND ETF,iShares US ETF Trust,asset_class,Fixed Income,Multi-Asset,HIGH
AGRH US,ISHARES INTEREST RATE HEDGED U.S. AGGREGATE BOND ETF,iShares US ETF Trust,mechanism,physical,swap,HIGH
AHLT US,AMERICAN BEACON AHL TREND ETF,American Beacon Funds,asset_class,Equity,Multi-Asset,HIGH
AIBD US,DIREXION DAILY AI AND BIG DATA BEAR 2X ETF,Direxion ETFs/USA,mechanism,physical,swap,HIGH
AIBU US,DIREXION DAILY AI AND BIG DATA BULL 2X ETF,Direxion ETFs/USA,mechanism,physical,swap,HIGH
AINT US,FINQ DOLLAR NEUTRAL US LARGE CAP AI-MANAGED EQUITY ETF,Tidal Trust I,sub_strategy,Thematic,Broad,HIGH
AIOO US,ALLIANZIM U.S. EQUITY BUFFER100 PROTECTION ETF,AIM ETF Products Trust,mechanism,physical,options,HIGH
AIPI US,REX AI EQUITY PREMIUM INCOME ETF,Rex Shares/ETF Opportunities T,mechanism,physical,options,HIGH
AIRR US,FIRST TRUST RBA AMERICAN INDUSTRIAL RENAISSANCE ETF,First Trust Exchange-Traded Fu,sub_strategy,Broad,Sector,MEDIUM
AIUP US,FINQ FIRST US LARGE CAP AI-MANAGED EQUITY ETF,Tidal Trust I,sub_strategy,Thematic,Broad,LOW
AIYY US,YIELDMAX AI OPTION INCOME STRATEGY ETF,Tidal Trust II,underlier_name,AI US,AI,HIGH
AIYY US,YIELDMAX AI OPTION INCOME STRATEGY ETF,Tidal Trust II,mechanism,physical,options,HIGH
AJAN US,INNOVATOR EQUITY DEFINED PROTECTION ETF - 2 YR TO JANUARY 2028,Innovator ETF Trust,mechanism,physical,options,HIGH
AJUL US,INNOVATOR EQUITY DEFINED PROTECTION ETF - 2 YR TO JULY 2026,Innovator ETF Trust,mechanism,physical,options,HIGH
ALBG US,LEVERAGE SHARES 2X LONG ALB DAILY ETF,Themes ETF Trust,underlier_name,ALB US,ALB,HIGH
ALBG US,LEVERAGE SHARES 2X LONG ALB DAILY ETF,Themes ETF Trust,mechanism,physical,swap,HIGH
ALLW US,STATE STREET BRIDGEWATER ALL WEATHER ETF,SSGA Active Trust,sub_strategy,Allocation,Broad,HIGH
ALLW US,STATE STREET BRIDGEWATER ALL WEATHER ETF,SSGA Active Trust,mechanism,physical,swap,HIGH
ALTY US,GLOBAL X ALTERNATIVE INCOME ETF,Global X ETFs/USA,primary_strategy,Income,Plain Beta,HIGH
ALTY US,GLOBAL X ALTERNATIVE INCOME ETF,Global X ETFs/USA,sub_strategy,Alternative Income,Broad,HIGH
AMAX US,ADAPTIVE HEDGED MULTI-ASSET INCOME ETF,Starboard Investment Trust,sub_strategy,Allocation,Broad,HIGH
AMDD US,DIREXION DAILY AMD BEAR 1X ETF,Direxion ETFs/USA,underlier_name,AMD US,AMD,HIGH
AMDD US,DIREXION DAILY AMD BEAR 1X ETF,Direxion ETFs/USA,mechanism,physical,swap,HIGH
AMDG US,LEVERAGE SHARES 2X LONG AMD DAILY ETF,Themes ETF Trust,underlier_name,AMD US,AMD,HIGH
AMDG US,LEVERAGE SHARES 2X LONG AMD DAILY ETF,Themes ETF Trust,mechanism,physical,swap,HIGH
AMDL US,GRANITESHARES 2X LONG AMD DAILY ETF,GraniteShares ETF Trust,underlier_name,AMD US,AMD,HIGH
AMDL US,GRANITESHARES 2X LONG AMD DAILY ETF,GraniteShares ETF Trust,mechanism,physical,swap,HIGH
AMDW US,ROUNDHILL AMD WEEKLYPAY ETF,Roundhill ETF Trust,sub_strategy,Derivative Income > Covered Call,Derivative Income > 0DTE / Weekly,HIGH
AMDW US,ROUNDHILL AMD WEEKLYPAY ETF,Roundhill ETF Trust,underlier_name,AMD US,AMD,HIGH
AMDW US,ROUNDHILL AMD WEEKLYPAY ETF,Roundhill ETF Trust,mechanism,physical,swap,HIGH
AMDY US,YIELDMAX AMD OPTION INCOME STRATEGY ETF,Tidal Trust II,underlier_name,AMD US,AMD,HIGH
AMDY US,YIELDMAX AMD OPTION INCOME STRATEGY ETF,Tidal Trust II,mechanism,physical,options,HIGH
AMJB US,ALERIAN MLP INDEX ETNS DUE JANUARY 28 2044,JP Morgan ETNs/USA,sub_strategy,Broad,Sector,MEDIUM
AMLP US,ALERIAN MLP ETF,ALPS ETF Trust,sub_strategy,Broad,Sector,MEDIUM
AMOM US,QRAFT AI-ENHANCED US LARGE CAP MOMENTUM ETF,Exchange Listed Funds Trust,sub_strategy,Thematic,Style,LOW
AMUU US,DIREXION DAILY AMD BULL 2X ETF,Direxion ETFs/USA,underlier_name,AMD US,AMD,HIGH
AMUU US,DIREXION DAILY AMD BULL 2X ETF,Direxion ETFs/USA,mechanism,physical,swap,HIGH
AMYY US,GRANITESHARES YIELDBOOST AMD ETF,GraniteShares ETF Trust,underlier_name,AMD US,AMD,HIGH
AMYY US,GRANITESHARES YIELDBOOST AMD ETF,GraniteShares ETF Trust,mechanism,physical,options,HIGH
AMZD US,DIREXION DAILY AMZN BEAR 1X ETF,Direxion ETFs/USA,underlier_name,AMZN US,AMZN,HIGH
AMZD US,DIREXION DAILY AMZN BEAR 1X ETF,Direxion ETFs/USA,mechanism,physical,swap,HIGH
AMZO US,TRADR 2X SHORT AMZN DAILY ETF,Investment Managers Series Tru,mechanism,physical,swap,HIGH
AMZP US,KURV YIELD PREMIUM STRATEGY AMAZON AMZN ETF/DE,Kurv ETF Trust,underlier_name,AMZN US,AMZN,HIGH
AMZP US,KURV YIELD PREMIUM STRATEGY AMAZON AMZN ETF/DE,Kurv ETF Trust,mechanism,physical,options,HIGH
AMZU US,DIREXION DAILY AMZN BULL 2X ETF,Direxion ETFs/USA,underlier_name,AMZN US,AMZN,HIGH
AMZU US,DIREXION DAILY AMZN BULL 2X ETF,Direxion ETFs/USA,mechanism,physical,swap,HIGH
AMZW US,ROUNDHILL AMZN WEEKLYPAY ETF,Roundhill ETF Trust,sub_strategy,Derivative Income > Covered Call,Derivative Income > 0DTE / Weekly,HIGH
AMZW US,ROUNDHILL AMZN WEEKLYPAY ETF,Roundhill ETF Trust,underlier_name,AMZN US,AMZN,HIGH
AMZW US,ROUNDHILL AMZN WEEKLYPAY ETF,Roundhill ETF Trust,mechanism,physical,swap,HIGH
AMZY US,YIELDMAX AMZN OPTION INCOME ETF,Tidal Trust II,underlier_name,AMZN US,AMZN,HIGH
AMZY US,YIELDMAX AMZN OPTION INCOME ETF,Tidal Trust II,mechanism,physical,options,HIGH
AMZZ US,GRANITESHARES 2X LONG AMZN DAILY ETF,GraniteShares ETF Trust,underlier_name,AMZN US,AMZN,HIGH
AMZZ US,GRANITESHARES 2X LONG AMZN DAILY ETF,GraniteShares ETF Trust,mechanism,physical,swap,HIGH
ANEL US,DEFIANCE DAILY TARGET 2X LONG ANET ETF,Tidal Trust II,underlier_name,ANET US,ANET,HIGH
ANEL US,DEFIANCE DAILY TARGET 2X LONG ANET ETF,Tidal Trust II,mechanism,physical,swap,HIGH
ANEW US,PROSHARES MSCI TRANSFORMATIONAL CHANGES ETF,ProShares Trust,sub_strategy,Thematic,Broad,LOW
ANV US,GRANITESHARES AUTOCALLABLE NVDA ETF,GraniteShares ETF Trust,asset_class,Equity,Multi-Asset,HIGH
ANV US,GRANITESHARES AUTOCALLABLE NVDA ETF,GraniteShares ETF Trust,concentration,single,basket,MEDIUM
ANV US,GRANITESHARES AUTOCALLABLE NVDA ETF,GraniteShares ETF Trust,mechanism,physical,options,HIGH
AOA US,ISHARES CORE 80/20 AGGRESSIVE ALLOCATION ETF,iShares Trust,sub_strategy,Allocation,Broad,HIGH
AOCT US,INNOVATOR EQUITY DEFINED PROTECTION ETF - 2 YR TO OCTOBER 2026,Innovator ETF Trust,mechanism,physical,options,HIGH
AOK US,ISHARES CORE 30/70 CONSERVATIVE ALLOCATION ETF,iShares Trust,sub_strategy,Allocation,Broad,HIGH
AOM US,ISHARES CORE 40/60 MODERATE ALLOCATION ETF,iShares Trust,sub_strategy,Allocation,Broad,HIGH
AOR US,ISHARES CORE 60/40 BALANCED ALLOCATION ETF,iShares Trust,sub_strategy,Allocation,Broad,HIGH
AOTS US,AOT SOFTWARE PLATFORM ETF,EA Series Trust,sub_strategy,Broad,Sector,MEDIUM
APHU US,T-REX 2X LONG APH DAILY TARGET ETF,ETF Opportunities Trust/REX Sh,mechanism,physical,swap,HIGH
APLX US,TRADR 2X LONG APLD DAILY ETF,Investment Managers Series Tru,underlier_name,APLD US,APLD,HIGH
APLX US,TRADR 2X LONG APLD DAILY ETF,Investment Managers Series Tru,mechanism,physical,swap,HIGH
APLY US,YIELDMAX AAPL OPTION INCOME STRATEGY ETF,Tidal Trust II,underlier_name,AAPL US,AAPL,HIGH
APLY US,YIELDMAX AAPL OPTION INCOME STRATEGY ETF,Tidal Trust II,mechanism,physical,options,HIGH
APLZ US,TRADR 2X SHORT APLD DAILY ETF,Investment Managers Series Tru,mechanism,physical,swap,HIGH
APOC US,INNOVATOR EQUITY DEFINED PROTECTION ETF - 6 MO APR/OCT,Innovator ETF Trust,mechanism,physical,options,HIGH
APPX US,TRADR 2X LONG APP DAILY ETF,Investment Managers Series Tru,underlier_name,APP US,APP,HIGH
APPX US,TRADR 2X LONG APP DAILY ETF,Investment Managers Series Tru,mechanism,physical,swap,HIGH
APRB US,APTUS APRIL BUFFER ETF,ETF Series Solutions/Aptus Cap,mechanism,physical,options,HIGH
APRH US,INNOVATOR PREMIUM INCOME 20 BARRIER ETF - APRIL,Innovator ETF Trust,mechanism,physical,options,HIGH
APRJ US,INNOVATOR PREMIUM INCOME 30 BARRIER ETF - APRIL,Innovator ETF Trust,mechanism,physical,options,HIGH
APRP US,PGIM S&P 500 BUFFER 12 ETF - APRIL,PGIM Rock ETF Trust,mechanism,physical,options,HIGH
APRP US,PGIM S&P 500 BUFFER 12 ETF - APRIL,PGIM Rock ETF Trust,buffer_pct,12.0,500.0,HIGH
APRT US,ALLIANZIM US EQUITY BUFFER10 APR ETF,AIM ETF Products Trust,mechanism,physical,options,HIGH
APRW US,ALLIANZIM US EQ BUFFER20 APR,AIM ETF Products Trust,mechanism,physical,options,HIGH
APRZ US,ELEVATION SERIES TRUST - TRUESHARES STRUCTURED OUTCOME APRIL ETF,Elevation Series Trust,mechanism,physical,options,HIGH
APXM US,FT VEST US EQUITY MAX BUFFER ETF - APRIL,First Trust Exchange-Traded Fu,mechanism,physical,options,HIGH
AQLT US,ISHARES MSCI GLOBAL QUALITY FACTOR ETF,iShares Trust,sub_strategy,Style,Broad,MEDIUM
AQWA US,GLOBAL X CLEAN WATER ETF,Global X ETFs/USA,sub_strategy,Thematic,Broad,MEDIUM
ARB US,ALTSHARES MERGER ARBITRAGE ETF,AltShares Trust,sub_strategy,Alternatives,Risk-Adaptive,HIGH
ARCX US,TRADR 2X LONG ACHR DAILY ETF,Investment Managers Series Tru,underlier_name,ACHR US,ACHR,HIGH
ARCX US,TRADR 2X LONG ACHR DAILY ETF,Investment Managers Series Tru,mechanism,physical,swap,HIGH
ARKD US,ARK DIET Q1 BUFFER ETF,ARK ETF Trust,mechanism,physical,options,HIGH
ARKD US,ARK DIET Q1 BUFFER ETF,ARK ETF Trust,buffer_pct,10.0,1.0,HIGH
ARKF US,ARK BLOCKCHAIN & FINTECH INNOVATION ETF,ARK ETF Trust,asset_class,Equity,Crypto,HIGH
ARKF US,ARK BLOCKCHAIN & FINTECH INNOVATION ETF,ARK ETF Trust,sub_strategy,Thematic,Single-Access,MEDIUM
ARKI US,ARK DIET Q2 BUFFER ETF,ARK ETF Trust,mechanism,physical,options,HIGH
ARKI US,ARK DIET Q2 BUFFER ETF,ARK ETF Trust,buffer_pct,10.0,2.0,HIGH
ARKT US,ARK DIET Q4 BUFFER ETF,ARK ETF Trust,mechanism,physical,options,HIGH
ARKT US,ARK DIET Q4 BUFFER ETF,ARK ETF Trust,buffer_pct,10.0,4.0,HIGH
ARLI US,ALLIANZIM INTERNATIONAL EQUITY BUFFER15 UNCAPPED APR ETF,AIM ETF Products Trust,mechanism,physical,options,HIGH
ARLU US,ALLIANZIM US EQUITY BUFFER15 UNCAPPED APR ETF,AIM ETF Products Trust,mechanism,physical,options,HIGH
ARMG US,LEVERAGE SHARES 2X LONG ARM DAILY ETF,Themes ETF Trust,underlier_name,ARM US,ARM,HIGH
ARMG US,LEVERAGE SHARES 2X LONG ARM DAILY ETF,Themes ETF Trust,mechanism,physical,swap,HIGH
ARMW US,ROUNDHILL ARM WEEKLYPAY ETF,Roundhill ETF Trust,sub_strategy,Derivative Income > Covered Call,Derivative Income > 0DTE / Weekly,HIGH
ARMW US,ROUNDHILL ARM WEEKLYPAY ETF,Roundhill ETF Trust,underlier_name,ARM US,ARM,HIGH
ARMW US,ROUNDHILL ARM WEEKLYPAY ETF,Roundhill ETF Trust,mechanism,physical,swap,HIGH
ARP US,PMV ADAPTIVE RISK PARITY ETF,Advisors' Inner Circle Fund II,primary_strategy,Risk Mgmt,Plain Beta,HIGH
ARP US,PMV ADAPTIVE RISK PARITY ETF,Advisors' Inner Circle Fund II,sub_strategy,Risk-Adaptive,Broad,HIGH
ASGM US,VIRTUS ALPHASIMPLEX GLOBAL MACRO ETF,Virtus ETF Trust II,primary_strategy,Risk Mgmt,Plain Beta,HIGH
ASGM US,VIRTUS ALPHASIMPLEX GLOBAL MACRO ETF,Virtus ETF Trust II,sub_strategy,Alternatives,Broad,HIGH
ASGM US,VIRTUS ALPHASIMPLEX GLOBAL MACRO ETF,Virtus ETF Trust II,mechanism,physical,options,MEDIUM
ASMF US,VIRTUS ALPHASIMPLEX MANAGED FUTURES ETF,Virtus ETF Trust II,primary_strategy,Risk Mgmt,Plain Beta,HIGH
ASMF US,VIRTUS ALPHASIMPLEX MANAGED FUTURES ETF,Virtus ETF Trust II,sub_strategy,Trend / Managed Futures,Broad,HIGH
ASMF US,VIRTUS ALPHASIMPLEX MANAGED FUTURES ETF,Virtus ETF Trust II,mechanism,physical,options,MEDIUM
ASMG US,LEVERAGE SHARES 2X LONG ASML DAILY ETF,Themes ETF Trust,underlier_name,ASML US,ASML,HIGH
ASMG US,LEVERAGE SHARES 2X LONG ASML DAILY ETF,Themes ETF Trust,mechanism,physical,swap,HIGH
ASMU US,DIREXION DAILY ASML BULL 2X ETF,Direxion ETFs/USA,mechanism,physical,swap,HIGH
ASTN US,DEFIANCE DAILY TARGET 2X SHORT ASTS ETF,Tidal Trust II,mechanism,physical,swap,MEDIUM
ASTX US,TRADR 2X LONG ASTS DAILY ETF,Investment Managers Series Tru,underlier_name,ASTS US,ASTS,HIGH
ASTX US,TRADR 2X LONG ASTS DAILY ETF,Investment Managers Series Tru,mechanism,physical,swap,HIGH
ATCL US,REX AUTOCALLABLE INCOME ETF,REX ETF Trust,asset_class,Equity,Multi-Asset,HIGH
ATCL US,REX AUTOCALLABLE INCOME ETF,REX ETF Trust,mechanism,physical,swap,HIGH
ATMP US,IPATH SELECT MLP ETN,Barclays Bank PLC,sub_strategy,Broad,Sector,MEDIUM
ATTR US,ARIN TACTICAL TAIL RISK ETF,EA Series Trust,sub_strategy,Tail Risk,Risk-Adaptive,HIGH
ATTR US,ARIN TACTICAL TAIL RISK ETF,EA Series Trust,mechanism,physical,options,MEDIUM
AUAU US,GLOBAL X GOLD MINERS ETF,Global X ETFs/USA,asset_class,Commodity,Equity,HIGH
AUAU US,GLOBAL X GOLD MINERS ETF,Global X ETFs/USA,sub_strategy,Broad,Sector,MEDIUM
AUGM US,FT VEST US EQUITY MAX BUFFER ETF - AUGUST,First Trust Exchange-Traded Fu,mechanism,physical,options,HIGH
AUGP US,PGIM S&P 500 BUFFER 12 ETF - AUGUST,PGIM Rock ETF Trust,mechanism,physical,options,HIGH
AUGP US,PGIM S&P 500 BUFFER 12 ETF - AUGUST,PGIM Rock ETF Trust,buffer_pct,12.0,500.0,HIGH
AUGT US,ALLIANZIM US EQUITY BUFFER10 AUG ETF,AIM ETF Products Trust,mechanism,physical,options,HIGH
AUGU US,ALLIANZIM U.S. EQUITY BUFFER15 UNCAPPED AUG ETF,AIM ETF Products Trust,mechanism,physical,options,HIGH
AUGW US,ALLIANZIM US EQ BUFFER20 AUG,AIM ETF Products Trust,mechanism,physical,options,HIGH
AUGZ US,TRUESHARES STRUCTURED OUTCOME AUGUST ETF,Elevation Series Trust,mechanism,physical,options,HIGH
AUMI US,THEMES GOLD MINERS ETF,Themes ETF Trust,asset_class,Commodity,Equity,HIGH
AUMI US,THEMES GOLD MINERS ETF,Themes ETF Trust,sub_strategy,Broad,Sector,MEDIUM
AVDV US,AVANTIS INTERNATIONAL SMALL CAP VALUE ETF,American Century ETF Trust,sub_strategy,Style,Broad,MEDIUM
AVGG US,LEVERAGE SHARES 2X LONG AVGO DAILY ETF,Themes ETF Trust,underlier_name,AVGO US,AVGO,HIGH
AVGG US,LEVERAGE SHARES 2X LONG AVGO DAILY ETF,Themes ETF Trust,mechanism,physical,swap,HIGH
AVGU US,GRANITESHARES 2X LONG AVGO DAILY ETF,GraniteShares ETF Trust,underlier_name,AVGO US,AVGO,HIGH
AVGU US,GRANITESHARES 2X LONG AVGO DAILY ETF,GraniteShares ETF Trust,mechanism,physical,swap,HIGH
AVGW US,ROUNDHILL AVGO WEEKLYPAY ETF,Roundhill ETF Trust,sub_strategy,Derivative Income > Covered Call,Derivative Income > 0DTE / Weekly,HIGH
AVGW US,ROUNDHILL AVGO WEEKLYPAY ETF,Roundhill ETF Trust,underlier_name,AVGO US,AVGO,HIGH
AVGW US,ROUNDHILL AVGO WEEKLYPAY ETF,Roundhill ETF Trust,mechanism,physical,swap,HIGH
AVGX US,DEFIANCE DAILY TARGET 2X LONG AVGO ETF,Tidal Trust II,underlier_name,AVGO US,AVGO,HIGH
AVGX US,DEFIANCE DAILY TARGET 2X LONG AVGO ETF,Tidal Trust II,mechanism,physical,swap,HIGH
AVIE US,AVANTIS INFLATION FOCUSED EQUITY ETF,American Century ETF Trust,sub_strategy,Thematic,Broad,LOW
AVIV US,AVANTIS INTERNATIONAL LARGE CAP VALUE ETF,American Century ETF Trust,sub_strategy,Style,Broad,MEDIUM
AVL US,DIREXION DAILY AVGO BULL 2X ETF,Direxion ETFs/USA,underlier_name,AVGO US,AVGO,HIGH
AVL US,DIREXION DAILY AVGO BULL 2X ETF,Direxion ETFs/USA,mechanism,physical,swap,HIGH
AVMA US,AVANTIS MODERATE ALLOCATION ETF,American Century ETF Trust,sub_strategy,Allocation,Broad,HIGH
AVNV US,AVANTIS ALL INTERNATIONAL MARKETS VALUE ETF,American Century ETF Trust,sub_strategy,Style,Broad,MEDIUM
AVS US,DIREXION DAILY AVGO BEAR 1X ETF,Direxion ETFs/USA,underlier_name,AVGO US,AVGO,HIGH
AVS US,DIREXION DAILY AVGO BEAR 1X ETF,Direxion ETFs/USA,mechanism,physical,swap,HIGH
AVXX US,DEFIANCE DAILY TARGET 2X LONG AVAV ETF,Tidal Trust II,underlier_name,AVAV US,AVAV,HIGH
AVXX US,DEFIANCE DAILY TARGET 2X LONG AVAV ETF,Tidal Trust II,mechanism,physical,swap,HIGH
AWAY US,AMPLIFY TRAVEL TECH ETF,Amplify ETF Trust,sub_strategy,Thematic,Sector,MEDIUM
AXPG US,LEVERAGE SHARES 2X LONG AXP DAILY ETF,Themes ETF Trust,mechanism,physical,swap,HIGH
AZYY US,GRANITESHARES YIELDBOOST AMZN ETF,GraniteShares ETF Trust,underlier_name,AMZN US,AMZN,HIGH
AZYY US,GRANITESHARES YIELDBOOST AMZN ETF,GraniteShares ETF Trust,mechanism,physical,options,HIGH
BABO US,YIELDMAX BABA OPTION INCOME STRATEGY ETF,Tidal Trust II,underlier_name,BABA US,BABA,HIGH
BABO US,YIELDMAX BABA OPTION INCOME STRATEGY ETF,Tidal Trust II,mechanism,physical,options,HIGH
BABU US,DIREXION DAILY BABA BULL 2X ETF,Direxion ETFs/USA,mechanism,physical,swap,HIGH
BABW US,ROUNDHILL BABA WEEKLYPAY ETF,Roundhill ETF Trust,sub_strategy,Derivative Income > Covered Call,Derivative Income > 0DTE / Weekly,HIGH
BABW US,ROUNDHILL BABA WEEKLYPAY ETF,Roundhill ETF Trust,underlier_name,BABA US,BABA,HIGH
BABW US,ROUNDHILL BABA WEEKLYPAY ETF,Roundhill ETF Trust,mechanism,physical,swap,HIGH
BABX US,GRANITESHARES 2X LONG BABA DAILY ETF,GraniteShares ETF Trust,underlier_name,BABA US,BABA,HIGH
BABX US,GRANITESHARES 2X LONG BABA DAILY ETF,GraniteShares ETF Trust,mechanism,physical,swap,HIGH
BAGY US,AMPLIFY BITCOIN MAX INCOME COVERED CALL ETF,Amplify ETF Trust,primary_strategy,Income,Plain Beta,HIGH
BAGY US,AMPLIFY BITCOIN MAX INCOME COVERED CALL ETF,Amplify ETF Trust,sub_strategy,Derivative Income > Covered Call,Single-Access,HIGH
BAGY US,AMPLIFY BITCOIN MAX INCOME COVERED CALL ETF,Amplify ETF Trust,mechanism,physical,options,MEDIUM
BAIG US,LEVERAGE SHARES 2X LONG BBAI DAILY ETF,Themes ETF Trust,underlier_name,BBAI US,BBAI,HIGH
BAIG US,LEVERAGE SHARES 2X LONG BBAI DAILY ETF,Themes ETF Trust,mechanism,physical,swap,HIGH
BAIV US,BROWN ADVISORY INTERNATIONAL VALUE SELECT ETF,Advisors' Inner Circle Fund II,sub_strategy,Style,Broad,MEDIUM
BALI US,ISHARES U.S. LARGE CAP PREMIUM INCOME ACTIVE ETF,BlackRock ETF Trust,mechanism,physical,options,HIGH
BALQ US,ISHARES NASDAQ PREMIUM INCOME ACTIVE ETF,BlackRock ETF Trust,mechanism,physical,options,HIGH
BALT US,INNOVATOR DEFINED WEALTH SHIELD ETF,Innovator ETF Trust,mechanism,physical,options,HIGH
BAMA US,BROOKSTONE ACTIVE ETF,Northern Lights Fund Trust IV/,sub_strategy,Allocation,Broad,HIGH
BAMO US,BROOKSTONE OPPORTUNITIES ETF,Northern Lights Fund Trust IV/,sub_strategy,Allocation,Broad,HIGH
BAMY US,BROOKSTONE YIELD ETF,Northern Lights Fund Trust IV/,sub_strategy,Allocation,Broad,HIGH
BAPR US,INNOVATOR U.S. EQUITY BUFFER ETF APRIL,Innovator ETF Trust,mechanism,physical,options,HIGH
BAPR US,INNOVATOR U.S. EQUITY BUFFER ETF APRIL,Innovator ETF Trust,buffer_pct,9.0,500.0,HIGH
BAUG US,INNOVATOR U.S. EQUITY BUFFER ETF - AUGUST,Innovator ETF Trust,mechanism,physical,options,HIGH
BBB US,CYBER HORNET S&P 500 AND BITCOIN 75/25 STRATEGY ETF,Cyber Hornet Trust,underlier_name,crypto + traditional asset,Bitcoin,MEDIUM
BBB US,CYBER HORNET S&P 500 AND BITCOIN 75/25 STRATEGY ETF,Cyber Hornet Trust,concentration,single,basket,MEDIUM
BBC US,VIRTUS BIOTECH CLINICAL TRIALS ETF,ETFis Series Trust I/Virtus ET,sub_strategy,Broad,Sector,MEDIUM
BBH US,VANECK BIOTECH ETF,VanEck ETFs/USA,sub_strategy,Broad,Sector,MEDIUM
BBP US,VIRTUS BIOTECH ETF,ETFis Series Trust I/Virtus ET,sub_strategy,Broad,Sector,MEDIUM
BBSB US,JPMORGAN BETABUILDERS US TREASURY BOND 1-3 YEAR ETF,JP Morgan Exchange-Traded Fund,mechanism,physical,swap,HIGH
BBUP US,T-REX 2X LONG BBAI DAILY TARGET ETF,ETF Opportunities Trust/REX Sh,asset_class,Equity,Multi-Asset,HIGH
BBYY US,GRANITESHARES YIELDBOOST BABA ETF,GraniteShares ETF Trust,concentration,single,basket,MEDIUM
BBYY US,GRANITESHARES YIELDBOOST BABA ETF,GraniteShares ETF Trust,mechanism,physical,options,HIGH
BCCC US,GLOBAL X BITCOIN COVERED CALL ETF,Global X ETFs/USA,primary_strategy,Income,Plain Beta,HIGH
BCCC US,GLOBAL X BITCOIN COVERED CALL ETF,Global X ETFs/USA,sub_strategy,Derivative Income > Covered Call,Single-Access,HIGH
BCCC US,GLOBAL X BITCOIN COVERED CALL ETF,Global X ETFs/USA,underlier_name,BTC,Bitcoin,MEDIUM
BCCC US,GLOBAL X BITCOIN COVERED CALL ETF,Global X ETFs/USA,concentration,single,basket,MEDIUM
BCCC US,GLOBAL X BITCOIN COVERED CALL ETF,Global X ETFs/USA,mechanism,physical,options,MEDIUM
BCD US,ABRDN BLOOMBERG ALL COMMODITY LONGER DATED STRATEGY K-1 FREE ETF,Aberdeen Standard Investments,mechanism,physical,options,MEDIUM
BCDF US,HORIZON KINETICS BLOCKCHAIN DEVELOPMENT ETF,Horizon Kinetics ETF/US,asset_class,Equity,Crypto,HIGH
BCDF US,HORIZON KINETICS BLOCKCHAIN DEVELOPMENT ETF,Horizon Kinetics ETF/US,sub_strategy,Thematic,Single-Access,MEDIUM
BCI US,ABRDN BLOOMBERG ALL COMMODITY STRATEGY K-1 FREE ETF,Aberdeen Standard Investments,mechanism,physical,options,MEDIUM
BCOR US,GRAYSCALE BITCOIN ADOPTERS ETF,Grayscale Investments LLC/USA,asset_class,Equity,Crypto,HIGH
BCOR US,GRAYSCALE BITCOIN ADOPTERS ETF,Grayscale Investments LLC/USA,concentration,single,basket,MEDIUM
BCTK US,BARON TECHNOLOGY ETF,Baron ETF Trust,sub_strategy,Broad,Sector,MEDIUM
BDCX US,ETRACS QUARTERLY PAY 1.5X LEVERAGED MARKETVECTOR BDC LIQUID INDEX ETN,ETRACS ETNs/UBS AG/London/USA,direction,long,neutral,HIGH
BDCX US,ETRACS QUARTERLY PAY 1.5X LEVERAGED MARKETVECTOR BDC LIQUID INDEX ETN,ETRACS ETNs/UBS AG/London/USA,concentration,single,basket,MEDIUM
BDCX US,ETRACS QUARTERLY PAY 1.5X LEVERAGED MARKETVECTOR BDC LIQUID INDEX ETN,ETRACS ETNs/UBS AG/London/USA,mechanism,physical,swap,MEDIUM
BDDXF US,DB BASE METALS DOUBLE LONG EXCHANGE TRADED NOTES,DB ETNs/USA,mechanism,physical,swap,HIGH
BDEC US,INNOVATOR U.S. EQUITY BUFFER ETF -DECEMBER,Innovator ETF Trust,mechanism,physical,options,HIGH
BDRY US,BREAKWAVE DRY BULK SHIPPING ETF,Amplify Commodity Trust,mechanism,physical,options,MEDIUM
BDVL US,ISHARES DISCIPLINED VOLATILITY EQUITY ACTIVE ETF,iShares ETFs/USA,sub_strategy,Allocation,Broad,HIGH
BDYN US,ISHARES DYNAMIC EQUITY ACTIVE ETF,BlackRock ETF Trust,sub_strategy,Allocation,Broad,HIGH
BEDZ US,ADVISORSHARES HOTEL ETF,AdvisorShares ETFs/USA,sub_strategy,Thematic,Broad,LOW
BEG US,LEVERAGE SHARES 2X LONG BE DAILY ETF,Themes ETF Trust,underlier_name,BE US,BE,HIGH
BEG US,LEVERAGE SHARES 2X LONG BE DAILY ETF,Themes ETF Trust,mechanism,physical,swap,HIGH
BEGS US,RAREVIEW 2X BULL CRYPTOCURRENCY & PRECIOUS METALS ETF,Collaborative Investment Serie,concentration,single,basket,MEDIUM
BEGS US,RAREVIEW 2X BULL CRYPTOCURRENCY & PRECIOUS METALS ETF,Collaborative Investment Serie,mechanism,physical,swap,HIGH
BENJ US,HORIZON LANDMARK ETF,Horizon Funds,primary_strategy,Risk Mgmt,Plain Beta,HIGH
BENJ US,HORIZON LANDMARK ETF,Horizon Funds,sub_strategy,Alternatives,Broad,HIGH
BENJ US,HORIZON LANDMARK ETF,Horizon Funds,mechanism,physical,options,MEDIUM
BERZ US,MICROSECTORS FANG & INNOVATION -3X INVERSE LEVERAGED ETN,BMO ETNs/United States,concentration,single,basket,MEDIUM
BERZ US,MICROSECTORS FANG & INNOVATION -3X INVERSE LEVERAGED ETN,BMO ETNs/United States,mechanism,physical,swap,MEDIUM
BESF US,BASTION ENERGY ETF,EA Series Trust,sub_strategy,Broad,Sector,MEDIUM
BETE US,PROSHARES BITCOIN & ETHER EQUAL WEIGHT ETF,ProShares Trust,underlier_name,multi-token crypto,Bitcoin,MEDIUM
BETE US,PROSHARES BITCOIN & ETHER EQUAL WEIGHT ETF,ProShares Trust,concentration,single,basket,MEDIUM
BETE US,PROSHARES BITCOIN & ETHER EQUAL WEIGHT ETF,ProShares Trust,mechanism,physical,options,MEDIUM
BETH US,PROSHARES BITCOIN & ETHER MARKET CAP WEIGHT ETF,ProShares Trust,underlier_name,multi-token crypto,Bitcoin,MEDIUM
BETH US,PROSHARES BITCOIN & ETHER MARKET CAP WEIGHT ETF,ProShares Trust,concentration,single,basket,MEDIUM
BETH US,PROSHARES BITCOIN & ETHER MARKET CAP WEIGHT ETF,ProShares Trust,mechanism,physical,options,MEDIUM
BETZ US,ROUNDHILL SPORTS BETTING & IGAMING ETF,Listed Funds Trust,sub_strategy,Thematic,Broad,LOW
BEX US,TRADR 2X LONG BE DAILY ETF,Investment Managers Series Tru,underlier_name,BE US,BE,HIGH
BEX US,TRADR 2X LONG BE DAILY ETF,Investment Managers Series Tru,mechanism,physical,swap,HIGH
BEZ US,TRADR 2X SHORT BE DAILY ETF,Investment Managers Series Tru,mechanism,physical,swap,HIGH
BFAP US,FT VEST BITCOIN STRATEGY FLOOR15 ETF - APRIL,First Trust Exchange-Traded Fu,mechanism,physical,options,HIGH
BFEB US,INNOVATOR U.S. EQUITY BUFFER ETF - FEBRUARY,Innovator ETF Trust,mechanism,physical,options,HIGH
BFEB US,INNOVATOR U.S. EQUITY BUFFER ETF - FEBRUARY,Innovator ETF Trust,buffer_pct,9.0,500.0,HIGH
BFJA US,FT VEST BITCOIN STRATEGY FLOOR15 ETF - JANUARY,First Trust Exchange-Traded Fu,mechanism,physical,options,HIGH
BFJL US,FT VEST BITCOIN STRATEGY FLOOR15 ETF - JULY,First Trust Exchange-Traded Fu,mechanism,physical,options,HIGH
BFLB US,BUFFERLABS US EQUITY DYNAMIC BUFFER ETF,EA Series Trust,mechanism,physical,options,HIGH
BFOC US,FT VEST BITCOIN STRATEGY FLOOR15 ETF - OCTOBER,First Trust Exchange-Traded Fu,mechanism,physical,options,HIGH
BFRZ US,INNOVATOR EQUITY MANAGED 100 BUFFER ETF,Innovator ETF Trust,mechanism,physical,options,HIGH
BGLD US,FT VEST GOLD STRATEGY QUARTERLY BUFFER ETF,First Trust Exchange-Traded Fu,mechanism,physical,options,HIGH
BGRO US,ISHARES LARGE CAP GROWTH ACTIVE ETF,BlackRock ETF Trust,mechanism,physical,options,MEDIUM
BHDG US,NICHOLAS BITCOIN TAIL ETF,Tidal Trust II,primary_strategy,Risk Mgmt,Plain Beta,HIGH
BHDG US,NICHOLAS BITCOIN TAIL ETF,Tidal Trust II,sub_strategy,Tail Risk,Single-Access,HIGH
BHDG US,NICHOLAS BITCOIN TAIL ETF,Tidal Trust II,concentration,single,basket,MEDIUM
BHDG US,NICHOLAS BITCOIN TAIL ETF,Tidal Trust II,mechanism,physical,options,MEDIUM
BIB US,PROSHARES ULTRA NASDAQ BIOTECHNOLOGY,ProShares Trust,direction,long,neutral,HIGH
BIB US,PROSHARES ULTRA NASDAQ BIOTECHNOLOGY,ProShares Trust,mechanism,physical,swap,HIGH
BIDG US,LEVERAGE SHARES 2X LONG BIDU DAILY ETF,Themes ETF Trust,underlier_name,BIDU US,BIDU,HIGH
BIDG US,LEVERAGE SHARES 2X LONG BIDU DAILY ETF,Themes ETF Trust,mechanism,physical,swap,HIGH
BIGY US,YIELDMAX TARGET 12 BIG 50 OPTION INCOME ETF,Tidal Trust II,mechanism,physical,options,HIGH
BILD US,NOMURA GLOBAL LISTED INFRASTRUCTURE ETF,Nomura ETF Trust,sub_strategy,Thematic,Broad,MEDIUM
BIS US,PROSHARES ULTRASHORT NASDAQ BIOTECHNOLOGY,ProShares Trust,sub_strategy,Short,Long,HIGH
BIS US,PROSHARES ULTRASHORT NASDAQ BIOTECHNOLOGY,ProShares Trust,direction,short,neutral,HIGH
BIS US,PROSHARES ULTRASHORT NASDAQ BIOTECHNOLOGY,ProShares Trust,mechanism,physical,swap,HIGH
BITC US,BITWISE TRENDWISE BITCOIN AND TREASURIES ROTATION STRATEGY ETF,Bitwise Funds Trust,underlier_name,crypto + traditional asset,Bitcoin,MEDIUM
BITC US,BITWISE TRENDWISE BITCOIN AND TREASURIES ROTATION STRATEGY ETF,Bitwise Funds Trust,concentration,single,basket,MEDIUM
BITC US,BITWISE TRENDWISE BITCOIN AND TREASURIES ROTATION STRATEGY ETF,Bitwise Funds Trust,mechanism,physical,options,MEDIUM
BITI US,PROSHARES SHORT BITCOIN ETF,ProShares Trust,underlier_name,XBTUSD Curncy,Bitcoin,HIGH
BITI US,PROSHARES SHORT BITCOIN ETF,ProShares Trust,mechanism,physical,swap,MEDIUM
BITK US,TUTTLE CAPITAL BITCOIN 0DTE COVERED CALL ETF,ETF Opportunities Trust/Tuttle,primary_strategy,Income,Plain Beta,HIGH
BITK US,TUTTLE CAPITAL BITCOIN 0DTE COVERED CALL ETF,ETF Opportunities Trust/Tuttle,sub_strategy,Derivative Income > Covered Call,Single-Access,HIGH
BITK US,TUTTLE CAPITAL BITCOIN 0DTE COVERED CALL ETF,ETF Opportunities Trust/Tuttle,underlier_name,IBIT US,Bitcoin,HIGH
BITK US,TUTTLE CAPITAL BITCOIN 0DTE COVERED CALL ETF,ETF Opportunities Trust/Tuttle,mechanism,physical,options,MEDIUM
BITO US,PROSHARES BITCOIN ETF,ProShares Trust,concentration,single,basket,MEDIUM
BITO US,PROSHARES BITCOIN ETF,ProShares Trust,mechanism,physical,options,MEDIUM
BITQ US,BITWISE CRYPTO INDUSTRY INNOVATORS ETF,Bitwise Funds Trust,asset_class,Equity,Crypto,HIGH
BITQ US,BITWISE CRYPTO INDUSTRY INNOVATORS ETF,Bitwise Funds Trust,underlier_name,multi-token crypto,XBITQG,MEDIUM
BITQ US,BITWISE CRYPTO INDUSTRY INNOVATORS ETF,Bitwise Funds Trust,concentration,single,basket,MEDIUM
BITS US,GLOBAL X BLOCKCHAIN & BITCOIN STRATEGY ETF,Global X ETFs/USA,underlier_name,multi-token crypto,Bitcoin,MEDIUM
BITS US,GLOBAL X BLOCKCHAIN & BITCOIN STRATEGY ETF,Global X ETFs/USA,concentration,single,basket,MEDIUM
BITS US,GLOBAL X BLOCKCHAIN & BITCOIN STRATEGY ETF,Global X ETFs/USA,mechanism,physical,options,MEDIUM
BITU US,PROSHARES ULTRA BITCOIN ETF,ProShares Trust,direction,long,neutral,HIGH
BITU US,PROSHARES ULTRA BITCOIN ETF,ProShares Trust,underlier_name,XBTUSD Curncy,Bitcoin,HIGH
BITU US,PROSHARES ULTRA BITCOIN ETF,ProShares Trust,mechanism,physical,swap,HIGH
BITW US,BITWISE 10 CRYPTO INDEX ETF,Bitwise 10 Crypto Index Fund/F,underlier_name,multi-token crypto,BITX,MEDIUM
BITW US,BITWISE 10 CRYPTO INDEX ETF,Bitwise 10 Crypto Index Fund/F,concentration,single,basket,MEDIUM
BITX US,2X BITCOIN STRATEGY ETF,Volatility Shares Trust,direction,long,neutral,HIGH
BITX US,2X BITCOIN STRATEGY ETF,Volatility Shares Trust,underlier_name,XBTUSD Curncy,Bitcoin,HIGH
BITX US,2X BITCOIN STRATEGY ETF,Volatility Shares Trust,mechanism,physical,swap,MEDIUM
BITY US,AMPLIFY BITCOIN 2% MONTHLY OPTION INCOME ETF,Amplify ETF Trust,primary_strategy,Income,Plain Beta,HIGH
BITY US,AMPLIFY BITCOIN 2% MONTHLY OPTION INCOME ETF,Amplify ETF Trust,sub_strategy,Derivative Income > Covered Call,Single-Access,HIGH
BITY US,AMPLIFY BITCOIN 2% MONTHLY OPTION INCOME ETF,Amplify ETF Trust,mechanism,physical,options,MEDIUM
BJAN US,INNOVATOR U.S. EQUITY BUFFER ETF - JANUARY,Innovator ETF Trust,mechanism,physical,options,HIGH
BJAN US,INNOVATOR U.S. EQUITY BUFFER ETF - JANUARY,Innovator ETF Trust,buffer_pct,9.0,500.0,HIGH
BJUL US,INNOVATOR U.S. EQUITY BUFFER ETF - JULY,Innovator ETF Trust,mechanism,physical,options,HIGH
BJUN US,INNOVATOR U.S. EQUITY BUFFER ETF - JUNE,Innovator ETF Trust,mechanism,physical,options,HIGH
BKCH US,GLOBAL X BLOCKCHAIN ETF,Global X ETFs/USA,asset_class,Equity,Crypto,HIGH
BKCH US,GLOBAL X BLOCKCHAIN ETF,Global X ETFs/USA,sub_strategy,Thematic,Single-Access,MEDIUM
BKGI US,BNY MELLON GLOBAL INFRASTRUCTURE INCOME ETF,BNY Mellon ETF Trust,sub_strategy,Thematic,Broad,MEDIUM
BLCN US,SIREN NEXGEN ECONOMY ETF,Siren ETF Trust,sub_strategy,Thematic,Single-Access,MEDIUM
BLOK US,AMPLIFY BLOCKCHAIN TECHNOLOGY ETF,Amplify ETF Trust,asset_class,Equity,Crypto,HIGH
BLOK US,AMPLIFY BLOCKCHAIN TECHNOLOGY ETF,Amplify ETF Trust,sub_strategy,Thematic,Single-Access,MEDIUM
BLOX US,NICHOLAS CRYPTO INCOME ETF,Tidal Trust II,primary_strategy,Income,Plain Beta,HIGH
BLOX US,NICHOLAS CRYPTO INCOME ETF,Tidal Trust II,sub_strategy,Derivative Income > Covered Call,Single-Access,HIGH
BLOX US,NICHOLAS CRYPTO INCOME ETF,Tidal Trust II,mechanism,physical,options,MEDIUM
BLSG US,LEVERAGE SHARES 2X LONG BLSH DAILY ETF,Themes ETF Trust,underlier_name,BLSH US,BLSH,HIGH
BLSG US,LEVERAGE SHARES 2X LONG BLSH DAILY ETF,Themes ETF Trust,mechanism,physical,swap,HIGH
BMAR US,INNOVATOR U.S. EQUITY BUFFER ETF - MARCH,Innovator ETF Trust,mechanism,physical,options,HIGH
BMAR US,INNOVATOR U.S. EQUITY BUFFER ETF - MARCH,Innovator ETF Trust,buffer_pct,9.0,500.0,HIGH
BMAY US,INNOVATOR U.S. EQUITY BUFFER ETF - MAY,Innovator ETF Trust,mechanism,physical,options,HIGH
BMAY US,INNOVATOR U.S. EQUITY BUFFER ETF - MAY,Innovator ETF Trust,buffer_pct,9.0,500.0,HIGH
BMNG US,LEVERAGE SHARES 2X LONG BMNR DAILY ETF,Themes ETF Trust,underlier_name,BMNR US,BMNR,HIGH
BMNG US,LEVERAGE SHARES 2X LONG BMNR DAILY ETF,Themes ETF Trust,mechanism,physical,swap,HIGH
BMNU US,T-REX 2X LONG BMNR DAILY TARGET ETF,ETF Opportunities Trust/REX Sh,underlier_name,BMNR US,BMNR,HIGH
BMNU US,T-REX 2X LONG BMNR DAILY TARGET ETF,ETF Opportunities Trust/REX Sh,mechanism,physical,swap,HIGH
BMNZ US,DEFIANCE DAILY TARGET 2X SHORT BMNR ETF,Tidal Trust II,underlier_name,BMNR US,BMNR,HIGH
BMNZ US,DEFIANCE DAILY TARGET 2X SHORT BMNR ETF,Tidal Trust II,mechanism,physical,swap,HIGH
BMVP US,INVESCO BLOOMBERG MVP MULTI-FACTOR ETF,Invesco Exchange-Traded Fund T,sub_strategy,Thematic,Broad,LOW
BNBR US,REX-OSPREY BNB + STAKING ETF,Rex Shares ETFs/USA,primary_strategy,L&I,Plain Beta,HIGH
BNBR US,REX-OSPREY BNB + STAKING ETF,Rex Shares ETFs/USA,sub_strategy,Long,Single-Access,HIGH
BNBR US,REX-OSPREY BNB + STAKING ETF,Rex Shares ETFs/USA,mechanism,swap,physical,MEDIUM
BNDD US,QUADRATIC DEFLATION ETF,KraneShares Trust,mechanism,physical,options,MEDIUM
BNDI US,NEOS ENHANCED INCOME AGGREGATE BOND ETF,Neos ETF Trust,mechanism,physical,options,MEDIUM
BNDY US,HORIZON CORE BOND ETF,Horizon Funds,primary_strategy,Income,Plain Beta,HIGH
BNDY US,HORIZON CORE BOND ETF,Horizon Funds,sub_strategy,Derivative Income > Covered Call,Broad,HIGH
BNDY US,HORIZON CORE BOND ETF,Horizon Funds,mechanism,physical,options,MEDIUM
BNGE US,FIRST TRUST S-NETWORK STREAMING AND GAMING ETF,First Trust Exchange-Traded Fu,sub_strategy,Thematic,Broad,LOW
BNKD US,MICROSECTORS US BIG BANKS INDEX -3X INVERSE LEVERAGED ETN,BMO ETNs/United States,concentration,single,basket,MEDIUM
BNKD US,MICROSECTORS US BIG BANKS INDEX -3X INVERSE LEVERAGED ETN,BMO ETNs/United States,mechanism,physical,swap,MEDIUM
BNKU US,MICROSECTORS US BIG BANKS 3X LEVERAGED ETN,BMO ETNs/United States,direction,long,neutral,HIGH
BNKU US,MICROSECTORS US BIG BANKS 3X LEVERAGED ETN,BMO ETNs/United States,concentration,single,basket,MEDIUM
BNKU US,MICROSECTORS US BIG BANKS 3X LEVERAGED ETN,BMO ETNs/United States,mechanism,physical,swap,MEDIUM
BNO US,UNITED STATES BRENT OIL FUND LP,United States Commodities ETFs,mechanism,physical,options,MEDIUM
BNOV US,INNOVATOR U.S. EQUITY BUFFER ETF - NOVEMBER,Innovator ETF Trust,mechanism,physical,options,HIGH
BNOV US,INNOVATOR U.S. EQUITY BUFFER ETF - NOVEMBER,Innovator ETF Trust,buffer_pct,9.0,500.0,HIGH
BOAT US,SONICSHARES GLOBAL SHIPPING ETF,Tidal Trust I,sub_strategy,Thematic,Broad,MEDIUM
BOCT US,INNOVATOR U.S. EQUITY BUFFER ETF - OCTOBER,Innovator ETF Trust,mechanism,physical,options,HIGH
BOCT US,INNOVATOR U.S. EQUITY BUFFER ETF - OCTOBER,Innovator ETF Trust,buffer_pct,9.0,500.0,HIGH
BOEG US,LEVERAGE SHARES 2X LONG BA DAILY ETF,Themes ETF Trust,underlier_name,BA US,BA,HIGH
BOEG US,LEVERAGE SHARES 2X LONG BA DAILY ETF,Themes ETF Trust,mechanism,physical,swap,HIGH
BOEU US,DIREXION DAILY BA BULL 2X ETF,Direxion ETFs/USA,underlier_name,BA US,BA,HIGH
BOEU US,DIREXION DAILY BA BULL 2X ETF,Direxion ETFs/USA,mechanism,physical,swap,HIGH
BOIL US,PROSHARES ULTRA BLOOMBERG NATURAL GAS,ProShares Trust II,direction,long,neutral,HIGH
BOIL US,PROSHARES ULTRA BLOOMBERG NATURAL GAS,ProShares Trust II,underlier_name,NGA Comdty,NGA,HIGH
BOIL US,PROSHARES ULTRA BLOOMBERG NATURAL GAS,ProShares Trust II,mechanism,physical,swap,MEDIUM
BOMMF US,DB BASE METALS DOUBLE SHORT EXCHANGE TRADED NOTES,DB ETNs/USA,mechanism,physical,swap,HIGH
BOSXF US,DB BASE METALS SHORT EXCHANGE TRADED NOTES,DB ETNs/USA,mechanism,physical,swap,HIGH
BOTT US,THEMES HUMANOID ROBOTICS ETF,Themes ETF Trust,sub_strategy,Thematic,Sector,MEDIUM
BOXA US,ALPHA ARCHITECT AGGREGATE BOND ETF,EA Series Trust,mechanism,physical,options,MEDIUM
BOXX US,ALPHA ARCHITECT 1-3 MONTH BOX ETF,EA Series Trust,asset_class,Fixed Income,Multi-Asset,HIGH
BOXX US,ALPHA ARCHITECT 1-3 MONTH BOX ETF,EA Series Trust,primary_strategy,Defined Outcome,Plain Beta,HIGH
BOXX US,ALPHA ARCHITECT 1-3 MONTH BOX ETF,EA Series Trust,sub_strategy,Box Spread,Broad,HIGH
BOXX US,ALPHA ARCHITECT 1-3 MONTH BOX ETF,EA Series Trust,mechanism,physical,options,MEDIUM
BPI US,GRAYSCALE BITCOIN PREMIUM INCOME ETF,Grayscale Investments LLC/USA,primary_strategy,Income,Plain Beta,HIGH
BPI US,GRAYSCALE BITCOIN PREMIUM INCOME ETF,Grayscale Investments LLC/USA,sub_strategy,Derivative Income > Covered Call,Single-Access,HIGH
BPI US,GRAYSCALE BITCOIN PREMIUM INCOME ETF,Grayscale Investments LLC/USA,mechanism,physical,options,MEDIUM
BPRO US,BITWISE PROFICIO CURRENCY DEBASEMENT ETF,Bitwise Funds Trust,concentration,single,basket,MEDIUM
BREM US,ISHARES EMERGING MARKETS BOND ACTIVE ETF,iShares ETFs/USA,mechanism,physical,swap,HIGH
BRHY US,ISHARES HIGH YIELD ACTIVE ETF,Blackrock ETF Trust II,mechanism,physical,swap,HIGH
BRKC US,YIELDMAX BRKB OPTION INCOME STRATEGY ETF,Tidal Trust II,concentration,single,basket,MEDIUM
BRKC US,YIELDMAX BRKB OPTION INCOME STRATEGY ETF,Tidal Trust II,mechanism,physical,options,HIGH
BRKU US,DIREXION DAILY BRKB BULL 2X ETF,Direxion ETFs/USA,underlier_name,BRK/B US,BRK/B,HIGH
BRKU US,DIREXION DAILY BRKB BULL 2X ETF,Direxion ETFs/USA,mechanism,physical,swap,HIGH
BRKW US,ROUNDHILL BRKB WEEKLYPAY ETF,Roundhill ETF Trust,sub_strategy,Derivative Income > Covered Call,Derivative Income > 0DTE / Weekly,HIGH
BRKW US,ROUNDHILL BRKB WEEKLYPAY ETF,Roundhill ETF Trust,underlier_name,BRK/B US,BRK/B,HIGH
BRKW US,ROUNDHILL BRKB WEEKLYPAY ETF,Roundhill ETF Trust,mechanism,physical,swap,HIGH
BRZU US,DIREXION DAILY MSCI BRAZIL BULL 2X ETF,Direxion ETFs/USA,mechanism,physical,swap,HIGH
BSEP US,INNOVATOR U.S. EQUITY BUFFER ETF - SEPTEMBER,Innovator ETF Trust,mechanism,physical,options,HIGH
BSEP US,INNOVATOR U.S. EQUITY BUFFER ETF - SEPTEMBER,Innovator ETF Trust,buffer_pct,9.0,500.0,HIGH
BSTP US,INNOVATOR BUFFER STEP-UP STRATEGY ETF,Innovator ETF Trust,mechanism,physical,options,HIGH
BTAL US,AGF US MARKET NEUTRAL ANTI-BETA FUND,AGF Investments Trust,primary_strategy,Risk Mgmt,Plain Beta,HIGH
BTAL US,AGF US MARKET NEUTRAL ANTI-BETA FUND,AGF Investments Trust,sub_strategy,Alternatives,Broad,HIGH
BTCC US,GRAYSCALE BITCOIN COVERED CALL ETF,Grayscale Investments LLC/USA,primary_strategy,Income,Plain Beta,HIGH
BTCC US,GRAYSCALE BITCOIN COVERED CALL ETF,Grayscale Investments LLC/USA,sub_strategy,Derivative Income > Covered Call,Single-Access,HIGH
BTCC US,GRAYSCALE BITCOIN COVERED CALL ETF,Grayscale Investments LLC/USA,mechanism,physical,options,MEDIUM
BTCI US,NEOS BITCOIN HIGH INCOME ETF,Neos ETF Trust,primary_strategy,Income,Plain Beta,HIGH
BTCI US,NEOS BITCOIN HIGH INCOME ETF,Neos ETF Trust,sub_strategy,Derivative Income > Covered Call,Single-Access,HIGH
BTCI US,NEOS BITCOIN HIGH INCOME ETF,Neos ETF Trust,mechanism,physical,options,MEDIUM
BTCK US,7RCC SPOT BITCOIN AND CARBON CREDIT FUTURES ETF,Teucrium Commodity Trust,primary_strategy,L&I,Plain Beta,HIGH
BTCK US,7RCC SPOT BITCOIN AND CARBON CREDIT FUTURES ETF,Teucrium Commodity Trust,sub_strategy,Long,Single-Access,HIGH
BTCK US,7RCC SPOT BITCOIN AND CARBON CREDIT FUTURES ETF,Teucrium Commodity Trust,mechanism,swap,options,MEDIUM
BTCL US,T-REX 2X LONG BITCOIN DAILY TARGET ETF,ETF Opportunities Trust/REX Sh,underlier_name,XBTUSD Curncy,Bitcoin,HIGH
BTCL US,T-REX 2X LONG BITCOIN DAILY TARGET ETF,ETF Opportunities Trust/REX Sh,mechanism,physical,swap,HIGH
BTCZ US,T-REX 2X INVERSE BITCOIN DAILY TARGET ETF,ETF Opportunities Trust/REX Sh,underlier_name,XBTUSD Curncy,Bitcoin,HIGH
BTCZ US,T-REX 2X INVERSE BITCOIN DAILY TARGET ETF,ETF Opportunities Trust/REX Sh,mechanism,physical,swap,HIGH
BTF US,COINSHARES BITCOIN AND ETHER ETF,Valkyrie ETF Trust II,underlier_name,multi-token crypto,Bitcoin,MEDIUM
BTF US,COINSHARES BITCOIN AND ETHER ETF,Valkyrie ETF Trust II,concentration,single,basket,MEDIUM
BTF US,COINSHARES BITCOIN AND ETHER ETF,Valkyrie ETF Trust II,mechanism,physical,options,MEDIUM
BTGD US,STKD 100% BITCOIN & 100% GOLD ETF,Tidal Trust II,primary_strategy,L&I,Plain Beta,HIGH
BTGD US,STKD 100% BITCOIN & 100% GOLD ETF,Tidal Trust II,sub_strategy,Long,Single-Access,HIGH
BTGD US,STKD 100% BITCOIN & 100% GOLD ETF,Tidal Trust II,underlier_name,Basket,Bitcoin,MEDIUM
BTGD US,STKD 100% BITCOIN & 100% GOLD ETF,Tidal Trust II,concentration,single,basket,MEDIUM
BTGD US,STKD 100% BITCOIN & 100% GOLD ETF,Tidal Trust II,mechanism,physical,swap,HIGH
BTOP US,BITWISE TRENDWISE BTC/ETH AND TREASURIES ROTATION STRATEGY ETF,Bitwise Funds Trust,underlier_name,crypto + traditional asset,Bitcoin,MEDIUM
BTOP US,BITWISE TRENDWISE BTC/ETH AND TREASURIES ROTATION STRATEGY ETF,Bitwise Funds Trust,concentration,single,basket,MEDIUM
BTOP US,BITWISE TRENDWISE BTC/ETH AND TREASURIES ROTATION STRATEGY ETF,Bitwise Funds Trust,mechanism,physical,options,MEDIUM
BTRN US,GLOBAL X BITCOIN TREND STRATEGY ETF,Global X ETFs/USA,concentration,single,basket,MEDIUM
BTRN US,GLOBAL X BITCOIN TREND STRATEGY ETF,Global X ETFs/USA,mechanism,physical,options,MEDIUM
BTYB US,VISTASHARES BITBONDS 5 YR ENHANCED WEEKLY DISTRIBUTION ETF,Tidal Trust III,sub_strategy,Derivative Income > 0DTE / Weekly-Pay,Derivative Income > Covered Call,MEDIUM
BTYB US,VISTASHARES BITBONDS 5 YR ENHANCED WEEKLY DISTRIBUTION ETF,Tidal Trust III,mechanism,physical,options,HIGH
BU US,DEFIANCE DAILY TARGET 2X LONG B ETF,Tidal Trust II,underlier_name,B US,B,HIGH
BU US,DEFIANCE DAILY TARGET 2X LONG B ETF,Tidal Trust II,mechanism,physical,swap,HIGH
BUCK US,SIMPLIFY TREASURY OPTION INCOME ETF,Simplify Exchange Traded Funds,mechanism,physical,options,HIGH
BUFB US,INNOVATOR LADDERED ALLOCATION BUFFER ETF,Innovator ETF Trust,asset_class,Fixed Income,Equity,HIGH
BUFB US,INNOVATOR LADDERED ALLOCATION BUFFER ETF,Innovator ETF Trust,primary_strategy,Plain Beta,Defined Outcome,HIGH
BUFB US,INNOVATOR LADDERED ALLOCATION BUFFER ETF,Innovator ETF Trust,sub_strategy,Bond Ladder,Buffer,HIGH
BUFB US,INNOVATOR LADDERED ALLOCATION BUFFER ETF,Innovator ETF Trust,mechanism,physical,options,HIGH
BUFC US,AB CONSERVATIVE BUFFER ETF,AB Active ETFs Inc,mechanism,physical,options,HIGH
BUFD US,FT VEST LADDERED DEEP BUFFER ETF,First Trust Exchange-Traded Fu,asset_class,Fixed Income,Equity,HIGH
BUFD US,FT VEST LADDERED DEEP BUFFER ETF,First Trust Exchange-Traded Fu,primary_strategy,Plain Beta,Defined Outcome,HIGH
BUFD US,FT VEST LADDERED DEEP BUFFER ETF,First Trust Exchange-Traded Fu,sub_strategy,Bond Ladder,Buffer,HIGH
BUFD US,FT VEST LADDERED DEEP BUFFER ETF,First Trust Exchange-Traded Fu,mechanism,physical,options,HIGH
BUFF US,INNOVATOR LADDERED ALLOCATION POWER BUFFER ETF,Innovator ETF Trust,asset_class,Fixed Income,Equity,HIGH
BUFF US,INNOVATOR LADDERED ALLOCATION POWER BUFFER ETF,Innovator ETF Trust,primary_strategy,Plain Beta,Defined Outcome,HIGH
BUFF US,INNOVATOR LADDERED ALLOCATION POWER BUFFER ETF,Innovator ETF Trust,sub_strategy,Bond Ladder,Buffer,HIGH
BUFF US,INNOVATOR LADDERED ALLOCATION POWER BUFFER ETF,Innovator ETF Trust,mechanism,physical,options,HIGH
BUFG US,FT VEST BUFFERED ALLOCATION GROWTH ETF,First Trust Exchange-Traded Fu,mechanism,physical,options,HIGH
BUFH US,FT VEST LADDERED MAX BUFFER ETF,First Trust Exchange-Traded Fu,asset_class,Fixed Income,Equity,HIGH
BUFH US,FT VEST LADDERED MAX BUFFER ETF,First Trust Exchange-Traded Fu,primary_strategy,Plain Beta,Defined Outcome,MEDIUM
BUFH US,FT VEST LADDERED MAX BUFFER ETF,First Trust Exchange-Traded Fu,sub_strategy,Bond Ladder,Buffer,MEDIUM
BUFH US,FT VEST LADDERED MAX BUFFER ETF,First Trust Exchange-Traded Fu,mechanism,physical,options,HIGH
BUFI US,AB INTERNATIONAL BUFFER ETF,AB Active ETFs Inc,mechanism,physical,options,HIGH
BUFM US,AB MODERATE BUFFER ETF,AB Active ETFs Inc,mechanism,physical,options,HIGH
BUFP US,PGIM LADDERED S&P 500 BUFFER 12 ETF,PGIM Rock ETF Trust,asset_class,Fixed Income,Equity,HIGH
BUFP US,PGIM LADDERED S&P 500 BUFFER 12 ETF,PGIM Rock ETF Trust,primary_strategy,Plain Beta,Defined Outcome,HIGH
BUFP US,PGIM LADDERED S&P 500 BUFFER 12 ETF,PGIM Rock ETF Trust,sub_strategy,Bond Ladder,Buffer,HIGH
BUFP US,PGIM LADDERED S&P 500 BUFFER 12 ETF,PGIM Rock ETF Trust,mechanism,physical,options,HIGH
BUFP US,PGIM LADDERED S&P 500 BUFFER 12 ETF,PGIM Rock ETF Trust,buffer_pct,12.0,500.0,HIGH
BUFQ US,FT VEST LADDERED NASDAQ BUFFER ETF,First Trust Exchange-Traded Fu,asset_class,Fixed Income,Equity,HIGH
BUFQ US,FT VEST LADDERED NASDAQ BUFFER ETF,First Trust Exchange-Traded Fu,primary_strategy,Plain Beta,Defined Outcome,HIGH
BUFQ US,FT VEST LADDERED NASDAQ BUFFER ETF,First Trust Exchange-Traded Fu,sub_strategy,Bond Ladder,Buffer,HIGH
BUFQ US,FT VEST LADDERED NASDAQ BUFFER ETF,First Trust Exchange-Traded Fu,mechanism,physical,options,HIGH
BUFR US,FT VEST LADDERED BUFFER ETF,First Trust Exchange-Traded Fu,asset_class,Fixed Income,Equity,HIGH
BUFR US,FT VEST LADDERED BUFFER ETF,First Trust Exchange-Traded Fu,primary_strategy,Plain Beta,Defined Outcome,HIGH
BUFR US,FT VEST LADDERED BUFFER ETF,First Trust Exchange-Traded Fu,sub_strategy,Bond Ladder,Buffer,HIGH
BUFR US,FT VEST LADDERED BUFFER ETF,First Trust Exchange-Traded Fu,mechanism,physical,options,HIGH
BUFS US,FT VEST LADDERED SMALL CAP MODERATE BUFFER ETF,First Trust Exchange-Traded Fu,asset_class,Fixed Income,Equity,HIGH
BUFS US,FT VEST LADDERED SMALL CAP MODERATE BUFFER ETF,First Trust Exchange-Traded Fu,primary_strategy,Plain Beta,Defined Outcome,HIGH
BUFS US,FT VEST LADDERED SMALL CAP MODERATE BUFFER ETF,First Trust Exchange-Traded Fu,sub_strategy,Bond Ladder,Buffer,HIGH
BUFS US,FT VEST LADDERED SMALL CAP MODERATE BUFFER ETF,First Trust Exchange-Traded Fu,mechanism,physical,options,HIGH
BUFT US,FT VEST BUFFERED ALLOCATION DEFENSIVE ETF,First Trust Exchange-Traded Fu,mechanism,physical,options,HIGH
BUFX US,FT VEST LADDERED ENHANCE & MODERATE BUFFER ETF,First Trust Exchange-Traded Fu,asset_class,Fixed Income,Equity,HIGH
BUFX US,FT VEST LADDERED ENHANCE & MODERATE BUFFER ETF,First Trust Exchange-Traded Fu,primary_strategy,Plain Beta,Defined Outcome,MEDIUM
BUFX US,FT VEST LADDERED ENHANCE & MODERATE BUFFER ETF,First Trust Exchange-Traded Fu,sub_strategy,Bond Ladder,Buffer,MEDIUM
BUFX US,FT VEST LADDERED ENHANCE & MODERATE BUFFER ETF,First Trust Exchange-Traded Fu,mechanism,physical,options,HIGH
BUFY US,FT VEST LADDERED INTERNATIONAL MODERATE BUFFER ETF,First Trust Exchange-Traded Fu,asset_class,Fixed Income,Equity,HIGH
BUFY US,FT VEST LADDERED INTERNATIONAL MODERATE BUFFER ETF,First Trust Exchange-Traded Fu,primary_strategy,Plain Beta,Defined Outcome,HIGH
BUFY US,FT VEST LADDERED INTERNATIONAL MODERATE BUFFER ETF,First Trust Exchange-Traded Fu,sub_strategy,Bond Ladder,Buffer,HIGH
BUFY US,FT VEST LADDERED INTERNATIONAL MODERATE BUFFER ETF,First Trust Exchange-Traded Fu,mechanism,physical,options,HIGH
BUFZ US,FT VEST LADDERED MODERATE BUFFER ETF,First Trust Exchange-Traded Fu,asset_class,Fixed Income,Equity,HIGH
BUFZ US,FT VEST LADDERED MODERATE BUFFER ETF,First Trust Exchange-Traded Fu,primary_strategy,Plain Beta,Defined Outcome,HIGH
BUFZ US,FT VEST LADDERED MODERATE BUFFER ETF,First Trust Exchange-Traded Fu,sub_strategy,Bond Ladder,Buffer,HIGH
BUFZ US,FT VEST LADDERED MODERATE BUFFER ETF,First Trust Exchange-Traded Fu,mechanism,physical,options,HIGH
BULG US,LEVERAGE SHARES 2X LONG BULL DAILY ETF,Themes ETF Trust,underlier_name,BULL US,BULL,HIGH
BULG US,LEVERAGE SHARES 2X LONG BULL DAILY ETF,Themes ETF Trust,mechanism,physical,swap,HIGH
BULX US,GRANITESHARES 2X LONG BULL DAILY ETF,GraniteShares ETF Trust,underlier_name,BULL US,BULL,HIGH
BULX US,GRANITESHARES 2X LONG BULL DAILY ETF,GraniteShares ETF Trust,mechanism,physical,swap,HIGH
BULZ US,MICROSECTORS FANG & INNOVATION 3X LEVERAGED ETN,BMO ETNs/United States,direction,long,neutral,HIGH
BULZ US,MICROSECTORS FANG & INNOVATION 3X LEVERAGED ETN,BMO ETNs/United States,concentration,single,basket,MEDIUM
BULZ US,MICROSECTORS FANG & INNOVATION 3X LEVERAGED ETN,BMO ETNs/United States,mechanism,physical,swap,MEDIUM
BUYW US,MAIN BUYWRITE ETF,Northern Lights Fund Trust IV/,mechanism,physical,options,HIGH
BWEB US,BITWISE WEB3 ETF,Bitwise Funds Trust,sub_strategy,Thematic,Broad,LOW
BWET US,BREAKWAVE TANKER SHIPPING ETF,Amplify Commodity Trust,mechanism,physical,options,MEDIUM
BWOW US,BITWISE DOGECOIN ETF,Bitwise Dogecoin ETF/Fund Pare,underlier_name,Dogecoin,XDGUSD,HIGH
BWTG US,BRENDAN WOOD TOPGUN ETF,ETF Opportunities Trust/Tuttle,mechanism,physical,swap,HIGH
BWVTF US,IPATH CBOE S&P 500 BUYWRITE INDEX ETN,Barclays Bank PLC,mechanism,physical,options,HIGH
BZQ US,PROSHARES ULTRASHORT MSCI BRAZIL CAPPED,ProShares Trust,sub_strategy,Short,Long,HIGH
BZQ US,PROSHARES ULTRASHORT MSCI BRAZIL CAPPED,ProShares Trust,direction,short,neutral,HIGH
BZQ US,PROSHARES ULTRASHORT MSCI BRAZIL CAPPED,ProShares Trust,mechanism,physical,swap,HIGH
CAIE US,CALAMOS AUTOCALLABLE INCOME ETF,Calamos ETF Trust,asset_class,Equity,Multi-Asset,HIGH
CAIE US,CALAMOS AUTOCALLABLE INCOME ETF,Calamos ETF Trust,mechanism,physical,swap,HIGH
CAIQ US,CALAMOS NASDAQ AUTOCALLABLE INCOME ETF,Calamos ETF Trust,asset_class,Equity,Multi-Asset,HIGH
CAIQ US,CALAMOS NASDAQ AUTOCALLABLE INCOME ETF,Calamos ETF Trust,mechanism,physical,swap,HIGH
CAMX US,CAMBIAR AGGRESSIVE VALUE ETF,Advisors' Inner Circle Fund/Ca,mechanism,physical,options,MEDIUM
CANC US,TEMA ONCOLOGY ETF,Tema ETF Trust,sub_strategy,Thematic,Broad,LOW
CANE US,TEUCRIUM SUGAR FUND,Teucrium Commodity Trust,mechanism,physical,options,MEDIUM
CANQ US,CALAMOS NASDAQ EQUITY & INCOME ETF,Calamos ETF Trust,primary_strategy,Income,Plain Beta,HIGH
CANQ US,CALAMOS NASDAQ EQUITY & INCOME ETF,Calamos ETF Trust,sub_strategy,Derivative Income > Covered Call,Broad,HIGH
CAOS US,ALPHA ARCHITECT TAIL RISK ETF,EA Series Trust,sub_strategy,Tail Risk,Risk-Adaptive,HIGH
CAOS US,ALPHA ARCHITECT TAIL RISK ETF,EA Series Trust,mechanism,physical,options,MEDIUM
CARD US,MAX AUTO INDUSTRY -3X INVERSE LEVERAGED ETN,BMO MAX ETNs,concentration,single,basket,MEDIUM
CARD US,MAX AUTO INDUSTRY -3X INVERSE LEVERAGED ETN,BMO MAX ETNs,mechanism,physical,swap,MEDIUM
CARU US,MAX AUTO INDUSTRY 3X LEVERAGED ETN,BMO MAX ETNs,direction,long,neutral,HIGH
CARU US,MAX AUTO INDUSTRY 3X LEVERAGED ETN,BMO MAX ETNs,concentration,single,basket,MEDIUM
CARU US,MAX AUTO INDUSTRY 3X LEVERAGED ETN,BMO MAX ETNs,mechanism,physical,swap,MEDIUM
CBLS US,CLOUGH HEDGED EQUITY ETF,Elevation Series Trust/Clough,primary_strategy,Risk Mgmt,Plain Beta,HIGH
CBLS US,CLOUGH HEDGED EQUITY ETF,Elevation Series Trust/Clough,sub_strategy,Hedged Equity,Broad,HIGH
CBOA US,CALAMOS BITCOIN STRUCTURED ALT PROTECTION ETF - APRIL,Calamos ETF Trust,mechanism,physical,options,HIGH
CBOJ US,CALAMOS BITCOIN STRUCTURED ALT PROTECTION ETF - JANUARY,Calamos ETF Trust,mechanism,physical,options,HIGH
CBOL US,CALAMOS LADDERED BITCOIN STRUCTURED ALT PROTECTION ETF,Calamos ETF Trust,asset_class,Fixed Income,Crypto,HIGH
CBOL US,CALAMOS LADDERED BITCOIN STRUCTURED ALT PROTECTION ETF,Calamos ETF Trust,mechanism,physical,options,HIGH
CBOO US,CALAMOS BITCOIN STRUCTURED ALT PROTECTION ETF - OCTOBER,Calamos ETF Trust,mechanism,physical,options,HIGH
CBOY US,CALAMOS BITCOIN STRUCTURED ALT PROTECTION ETF - JULY,Calamos ETF Trust,mechanism,physical,options,HIGH
CBSE US,CLOUGH SELECT EQUITY ETF,Elevation Series Trust/Clough,sub_strategy,Broad,Sector,MEDIUM
CBTA US,CALAMOS BITCOIN 80 SERIES STRUCTURED ALT PROTECTION ETF - APRIL,Calamos ETF Trust,mechanism,physical,options,HIGH
CBTJ US,CALAMOS BITCOIN 80% PROTECTION STRATEGY ETF - JANUARY,Calamos ETF Trust,mechanism,physical,options,HIGH
CBTL US,CALAMOS LADDERED BITCOIN 80 SERIES STRUCTURED ALT PROTECTION ETF,Calamos ETF Trust,asset_class,Fixed Income,Crypto,HIGH
CBTL US,CALAMOS LADDERED BITCOIN 80 SERIES STRUCTURED ALT PROTECTION ETF,Calamos ETF Trust,mechanism,physical,options,HIGH
CBTO US,CALAMOS BITCOIN 80 SERIES STRUCTURED ALT PROTECTION ETF - OCTOBER,Calamos ETF Trust,mechanism,physical,options,HIGH
CBTY US,CALAMOS BITCOIN 80 SERIES STRUCTURED ALT PROTECTION ETF - JULY,Calamos ETF Trust,mechanism,physical,options,HIGH
CBXA US,CALAMOS BITCOIN 90 SERIES STRUCTURED ALT PROTECTION ETF - APRIL,Calamos ETF Trust,mechanism,physical,options,HIGH
CBXJ US,CALAMOS BITCOIN 90% PROTECTION STRATEGY ETF - JANUARY,Calamos ETF Trust,mechanism,physical,options,HIGH
CBXL US,CALAMOS LADDERED BITCOIN 90 SERIES STRUCTURED ALT PROTECTION ETF,Calamos ETF Trust,asset_class,Fixed Income,Crypto,HIGH
CBXL US,CALAMOS LADDERED BITCOIN 90 SERIES STRUCTURED ALT PROTECTION ETF,Calamos ETF Trust,mechanism,physical,options,HIGH
CBXO US,CALAMOS BITCOIN 90 SERIES STRUCTURED ALT PROTECTION ETF - OCTOBER,Calamos ETF Trust,mechanism,physical,options,HIGH
CBXY US,CALAMOS BITCOIN 90 SERIES STRUCTURED ALT PROTECTION ETF - JULY,Calamos ETF Trust,mechanism,physical,options,HIGH
CCEF US,CALAMOS CEF INCOME & ARBITRAGE ETF,Calamos ETF Trust,sub_strategy,Allocation,Broad,HIGH
CCFE US,CONCOURSE CAPITAL FOCUSED EQUITY ETF,EA Series Trust,sub_strategy,Broad,Sector,MEDIUM
CCNR US,ALPS CORECOMMODITY NATURAL RESOURCES ETF,Financial Investors Trust/ALPS,sub_strategy,Thematic,Sector,MEDIUM
CCSO US,CARBON COLLECTIVE CLIMATE SOLUTIONS US EQUITY ETF,Tidal Trust II,sub_strategy,Thematic,Broad,LOW
CCUP US,T-REX 2X LONG CRCL DAILY TARGET ETF,ETF Opportunities Trust/REX Sh,underlier_name,CECL US,CRCL,HIGH
CCUP US,T-REX 2X LONG CRCL DAILY TARGET ETF,ETF Opportunities Trust/REX Sh,mechanism,physical,swap,HIGH
CDC US,VICTORYSHARES US EQ INCOME ENHANCED VOLATILITY WTD ETF,Victory Portfolios II,sub_strategy,Style,Broad,LOW
CDL US,VICTORYSHARES US LARGE CAP HIGH DIV VOLATILITY WTD ETF,Victory Portfolios II,sub_strategy,Style,Broad,LOW
CDX US,SIMPLIFY HIGH YIELD ETF,Simplify Exchange Traded Funds,mechanism,physical,swap,HIGH
CEFD US,ETRACS MONTHLY PAY 1.5X LEVERAGED CLOSED-END FUND INDEX ETN,ETRACS ETNs/UBS AG/London/USA,direction,long,neutral,HIGH
CEFD US,ETRACS MONTHLY PAY 1.5X LEVERAGED CLOSED-END FUND INDEX ETN,ETRACS ETNs/UBS AG/London/USA,concentration,single,basket,MEDIUM
CEFD US,ETRACS MONTHLY PAY 1.5X LEVERAGED CLOSED-END FUND INDEX ETN,ETRACS ETNs/UBS AG/London/USA,mechanism,physical,swap,MEDIUM
CEFS US,SABA CLOSED-END FUNDS ETF,Exchange-Traded Concepts ETFs/,sub_strategy,Allocation,Broad,HIGH
CEFZ US,RIVERNORTH ACTIVE INCOME ETF,Elevation Series Trust,sub_strategy,Allocation,Broad,HIGH
CEGI LN,REX CRYPTO EQUITY INCOME & GROWTH UCITS ETF,Hanetf II Icav,asset_class,Equity,Crypto,HIGH
CEGI LN,REX CRYPTO EQUITY INCOME & GROWTH UCITS ETF,Hanetf II Icav,primary_strategy,Income,Plain Beta,MEDIUM
CEGI LN,REX CRYPTO EQUITY INCOME & GROWTH UCITS ETF,Hanetf II Icav,sub_strategy,Derivative Income > Covered Call,Single-Access,MEDIUM
CEGI LN,REX CRYPTO EQUITY INCOME & GROWTH UCITS ETF,Hanetf II Icav,mechanism,physical,options,MEDIUM
CEGX US,TRADR 2X LONG CEG DAILY ETF,Investment Managers Series Tru,underlier_name,CEG US,CEG,HIGH
CEGX US,TRADR 2X LONG CEG DAILY ETF,Investment Managers Series Tru,mechanism,physical,swap,HIGH
CEPI US,REX CRYPTO EQUITY PREMIUM INCOME ETF,Rex Shares ETFs/USA,asset_class,Equity,Crypto,HIGH
CEPI US,REX CRYPTO EQUITY PREMIUM INCOME ETF,Rex Shares ETFs/USA,primary_strategy,Income,Plain Beta,MEDIUM
CEPI US,REX CRYPTO EQUITY PREMIUM INCOME ETF,Rex Shares ETFs/USA,sub_strategy,Derivative Income > Covered Call,Single-Access,MEDIUM
CERY US,STATE STREET SPDR BLOOMBERG ENHANCED ROLL YIELD COMMODITY STRATEGY NO K-1 ETF,SPDR Series Trust,mechanism,physical,swap,HIGH
CEW US,WISDOMTREE EMERGING CURRENCY STRATEGY FUND,WisdomTree ETFs/USA,mechanism,physical,options,MEDIUM
CFA US,VICTORYSHARES US 500 VOLATILITY WTD ETF,Victory Portfolios II,sub_strategy,Style,Broad,LOW
CFO US,VICTORYSHARES US 500 ENHANCED VOLATILITY WTD ETF,Victory Portfolios II,sub_strategy,Style,Broad,LOW
CGBL US,CAPITAL GROUP CORE BALANCED ETF,Capital Group/ETFs,sub_strategy,Allocation,Broad,HIGH
CGCB US,CAPITAL GROUP CORE BOND ETF,Capital Group Fixed Income ETF,mechanism,physical,options,MEDIUM
CGGO US,CAPITAL GROUP GLOBAL GROWTH EQUITY ETF,Capital Group/ETFs,sub_strategy,Style,Broad,MEDIUM
CGHM US,CAPITAL GROUP MUNICIPAL HIGH-INCOME ETF,Capital Group Fixed Income ETF,mechanism,physical,options,MEDIUM
CGIB US,CAPITAL GROUP INTERNATIONAL BOND ETF USD-HEDGED,Capital Group Fixed Income ETF,mechanism,physical,options,MEDIUM
CGMS US,CAPITAL GROUP US MULTI-SECTOR INCOME ETF,Capital Group Fixed Income ETF,sub_strategy,Sector,Broad,HIGH
CGRO US,COREVALUES ALPHA GREATER CHINA GROWTH ETF,Tidal Trust II,sub_strategy,Style,Broad,MEDIUM
CGSM US,CAPITAL GROUP SHORT DURATION MUNICIPAL INCOME ETF,Capital Group Fixed Income ETF,mechanism,physical,options,MEDIUM
CGUI US,CAPITAL GROUP ULTRA SHORT INCOME ETF,Capital Group Fixed Income ETF,mechanism,physical,options,MEDIUM
CGV US,CONDUCTOR GLOBAL EQUITY VALUE ETF,Two Roads Shared Trust/IronHor,sub_strategy,Style,Broad,MEDIUM
CGW US,INVESCO S&P GLOBAL WATER INDEX ETF,Invesco Exchange-Traded Fund T,sub_strategy,Thematic,Sector,MEDIUM
CHAU US,DIREXION DAILY CSI 300 CHINA A SHARE BULL 2X ETF,Direxion ETFs/USA,mechanism,physical,swap,HIGH
CHGX US,STANCE SUSTAINABLE BETA ETF,EA Series Trust,sub_strategy,Thematic,Broad,LOW
CHNL US,CHAINLINK ETF,Volatility Shares Trust,primary_strategy,L&I,Plain Beta,HIGH
CHNL US,CHAINLINK ETF,Volatility Shares Trust,sub_strategy,Long,Single-Access,HIGH
CHNL US,CHAINLINK ETF,Volatility Shares Trust,mechanism,physical,options,MEDIUM
CHNU US,2X CHAINLINK ETF,Volatility Shares Trust,direction,long,neutral,HIGH
CHNU US,2X CHAINLINK ETF,Volatility Shares Trust,mechanism,physical,swap,MEDIUM
CHPS US,XTRACKERS SEMICONDUCTOR SELECT EQUITY ETF,DWS Xtrackers ETFs/USA,sub_strategy,Broad,Sector,MEDIUM
CHPX US,GLOBAL X AI SEMICONDUCTOR & QUANTUM ETF,Global X ETFs/USA,sub_strategy,Thematic,Sector,MEDIUM
CHPY US,YIELDMAX SEMICONDUCTOR PORTFOLIO OPTION INCOME ETF,Tidal Trust II,mechanism,physical,options,HIGH
CIFG US,LEVERAGE SHARES 2X LONG CIFR DAILY ETF,Themes ETF Trust,underlier_name,CIFR US,CIFR,HIGH
CIFG US,LEVERAGE SHARES 2X LONG CIFR DAILY ETF,Themes ETF Trust,mechanism,physical,swap,HIGH
CIFU US,T-REX 2X LONG CIFR DAILY TARGET ETF,ETF Opportunities Trust/REX Sh,underlier_name,CIFR US,CIFR,HIGH
CIFU US,T-REX 2X LONG CIFR DAILY TARGET ETF,ETF Opportunities Trust/REX Sh,mechanism,physical,swap,HIGH
CLIX US,PROSHARES LONG ONLINE/SHORT STORES ETF,ProShares Trust,primary_strategy,Risk Mgmt,Plain Beta,HIGH
CLIX US,PROSHARES LONG ONLINE/SHORT STORES ETF,ProShares Trust,sub_strategy,Alternatives,Broad,HIGH
CLIX US,PROSHARES LONG ONLINE/SHORT STORES ETF,ProShares Trust,mechanism,physical,swap,HIGH
CLNK US,BITWISE CHAINLINK ETF,Bitwise Chainlink ETF/Fund Par,underlier_name,Chainlink,XLIUSD,HIGH
CLSE US,CONVERGENCE LONG/SHORT EQUITY ETF,Convergence Investment Partner,primary_strategy,Risk Mgmt,Plain Beta,HIGH
CLSE US,CONVERGENCE LONG/SHORT EQUITY ETF,Convergence Investment Partner,sub_strategy,Alternatives,Broad,HIGH
CLSM US,EXCHANGE LISTED FUNDS TRUST ETC CABANA TARGET LEADING SECTOR MODERATE ETF,Exchange Listed Funds Trust,sub_strategy,Sector,Broad,HIGH
CLSX US,TRADR 2X LONG CLSK DAILY ETF,Investment Managers Series Tru,underlier_name,CLSK US,CLSK,HIGH
CLSX US,TRADR 2X LONG CLSK DAILY ETF,Investment Managers Series Tru,mechanism,physical,swap,HIGH
CLSZ US,TRADR 2X SHORT CLSK DAILY ETF,Investment Managers Series Tru,mechanism,physical,swap,HIGH
CMBO US,WAYFINDER DYNAMIC US INTEREST RATE ETF,RBB Fund Trust/The,primary_strategy,Risk Mgmt,Plain Beta,HIGH
CMBO US,WAYFINDER DYNAMIC US INTEREST RATE ETF,RBB Fund Trust/The,sub_strategy,Alternatives,Broad,HIGH
CMBO US,WAYFINDER DYNAMIC US INTEREST RATE ETF,RBB Fund Trust/The,mechanism,physical,options,MEDIUM
CMCI US,VANECK CMCI COMMODITY STRATEGY ETF,VanEck ETFs/USA,mechanism,physical,swap,HIGH
CMDT US,PIMCO COMMODITY STRATEGY ACTIVE EXCHANGE-TRADED FUND,Pimco ETF Trust,mechanism,physical,swap,HIGH
CMDY US,ISHARES BLOOMBERG ROLL SELECT COMMODITY STRATEGY ETF,iShares US ETF Trust,mechanism,physical,options,MEDIUM
CMGG US,LEVERAGE SHARES 2X LONG CMG DAILY ETF,Themes ETF Trust,underlier_name,CMG US,CMG,HIGH
CMGG US,LEVERAGE SHARES 2X LONG CMG DAILY ETF,Themes ETF Trust,mechanism,physical,swap,HIGH
CNAV US,MOHR COMPANY NAV ETF,Collaborative Investment Serie,sub_strategy,Allocation,Broad,HIGH
CNCG US,LEVERAGE SHARES 2X LONG CNC DAILY ETF,Themes ETF Trust,underlier_name,CNC US,CNC,HIGH
CNCG US,LEVERAGE SHARES 2X LONG CNC DAILY ETF,Themes ETF Trust,mechanism,physical,swap,HIGH
CNQQ US,RAYLIANT-CHINAAMC TRANSFORMATIVE CHINA TECH ETF,Advisors' Inner Circle Fund II,sub_strategy,Broad,Sector,MEDIUM
CNQQ US,RAYLIANT-CHINAAMC TRANSFORMATIVE CHINA TECH ETF,Advisors' Inner Circle Fund II,mechanism,physical,options,MEDIUM
CNRG US,STATE STREET SPDR S&P KENSHO CLEAN POWER ETF,SPDR Series Trust,sub_strategy,Thematic,Broad,LOW
COHX US,TRADR 2X LONG COHR DAILY ETF,Investment Managers Series Tru,mechanism,physical,swap,HIGH
COIA US,PROSHARES ULTRA COIN,ProShares Trust,direction,long,neutral,HIGH
COIA US,PROSHARES ULTRA COIN,ProShares Trust,underlier_name,COIN US,COIN,HIGH
COIA US,PROSHARES ULTRA COIN,ProShares Trust,mechanism,physical,swap,HIGH
COIG US,LEVERAGE SHARES 2X LONG COIN DAILY ETF,Themes ETF Trust,underlier_name,COIN US,COIN,HIGH
COIG US,LEVERAGE SHARES 2X LONG COIN DAILY ETF,Themes ETF Trust,mechanism,physical,swap,HIGH
COII US,REX COIN GROWTH & INCOME ETF,REX ETF Trust,primary_strategy,Income,L&I,HIGH
COII US,REX COIN GROWTH & INCOME ETF,REX ETF Trust,sub_strategy,Derivative Income > Covered Call,Long,HIGH
COII US,REX COIN GROWTH & INCOME ETF,REX ETF Trust,concentration,single,basket,MEDIUM
COII US,REX COIN GROWTH & INCOME ETF,REX ETF Trust,mechanism,physical,swap,MEDIUM
COIO US,LEVERAGE SHARES 2X CAPPED ACCELERATED COIN MONTHLY ETF,Themes ETF Trust,direction,long,neutral,HIGH
COIO US,LEVERAGE SHARES 2X CAPPED ACCELERATED COIN MONTHLY ETF,Themes ETF Trust,underlier_name,COIN US,COIN,HIGH
COIO US,LEVERAGE SHARES 2X CAPPED ACCELERATED COIN MONTHLY ETF,Themes ETF Trust,mechanism,physical,swap,MEDIUM
COIW US,ROUNDHILL COIN WEEKLYPAY ETF,Roundhill ETF Trust,sub_strategy,Derivative Income > Covered Call,Derivative Income > 0DTE / Weekly,HIGH
COIW US,ROUNDHILL COIN WEEKLYPAY ETF,Roundhill ETF Trust,underlier_name,COIN US,COIN,HIGH
COIW US,ROUNDHILL COIN WEEKLYPAY ETF,Roundhill ETF Trust,mechanism,physical,options,HIGH
COM US,DIREXION AUSPICE BROAD COMMODITY STRATEGY ETF,Direxion ETFs/USA,mechanism,physical,options,MEDIUM
COMB US,GRANITESHARES BLOOMBERG COMMODITY BROAD STRATEGY NO K-1 ETF,GraniteShares ETF Trust,mechanism,physical,options,MEDIUM
COMD US,GLOBAL X COMMODITY STRATEGY ETF,Global X ETFs/USA,mechanism,physical,options,MEDIUM
COMT US,ISHARES GSCI COMMODITY DYNAMIC ROLL STRATEGY ETF,iShares US ETF Trust,mechanism,physical,options,MEDIUM
CONI US,GRANITESHARES 2X SHORT COIN DAILY ETF,GraniteShares ETF Trust,underlier_name,COIN US,COIN,HIGH
CONI US,GRANITESHARES 2X SHORT COIN DAILY ETF,GraniteShares ETF Trust,mechanism,physical,swap,HIGH
CONL US,GRANITESHARES 2X LONG COIN DAILY ETF,GraniteShares ETF Trust,underlier_name,COIN US,COIN,HIGH
CONL US,GRANITESHARES 2X LONG COIN DAILY ETF,GraniteShares ETF Trust,mechanism,physical,swap,HIGH
CONX US,DIREXION DAILY COIN BULL 2X ETF,Direxion ETFs/USA,underlier_name,BULL US,COIN,HIGH
CONX US,DIREXION DAILY COIN BULL 2X ETF,Direxion ETFs/USA,mechanism,physical,swap,HIGH
CONY US,YIELDMAX COIN OPTION INCOME STRATEGY ETF,Tidal Trust II,underlier_name,COIN US,COIN,HIGH
CONY US,YIELDMAX COIN OPTION INCOME STRATEGY ETF,Tidal Trust II,mechanism,physical,options,HIGH
COPA US,THEMES COPPER MINERS ETF,Themes ETF Trust,asset_class,Commodity,Equity,HIGH
COPA US,THEMES COPPER MINERS ETF,Themes ETF Trust,sub_strategy,Broad,Sector,MEDIUM
COPJ US,SPROTT JUNIOR COPPER MINERS ETF,Sprott Funds Trust,asset_class,Commodity,Equity,HIGH
COPJ US,SPROTT JUNIOR COPPER MINERS ETF,Sprott Funds Trust,sub_strategy,Broad,Sector,MEDIUM
COPP US,SPROTT COPPER MINERS ETF,Sprott Funds Trust,asset_class,Commodity,Equity,HIGH
COPP US,SPROTT COPPER MINERS ETF,Sprott Funds Trust,sub_strategy,Broad,Sector,MEDIUM
COPX US,GLOBAL X COPPER MINERS ETF,Global X ETFs/USA,asset_class,Commodity,Equity,HIGH
COPY US,TWEEDY BROWNE INSIDER + VALUE ETF,RBB Fund Trust/The,sub_strategy,Thematic,Style,LOW
COPZ US,DEFIANCE DAILY TARGET 2X LONG COPPER MINERS ETF,Tidal Trust II,concentration,single,basket,MEDIUM
COPZ US,DEFIANCE DAILY TARGET 2X LONG COPPER MINERS ETF,Tidal Trust II,mechanism,physical,swap,MEDIUM
CORD US,T-REX 2X INVERSE CRWV DAILY TARGET ETF,ETF Opportunities Trust/REX Sh,underlier_name,CRWV US,CRWV,HIGH
CORD US,T-REX 2X INVERSE CRWV DAILY TARGET ETF,ETF Opportunities Trust/REX Sh,mechanism,physical,swap,HIGH
CORN US,TEUCRIUM CORN FUND,Teucrium Commodity Trust,mechanism,physical,options,MEDIUM
COSW US,ROUNDHILL COST WEEKLYPAY ETF,Roundhill ETF Trust,sub_strategy,Derivative Income > Covered Call,Derivative Income > 0DTE / Weekly,HIGH
COSW US,ROUNDHILL COST WEEKLYPAY ETF,Roundhill ETF Trust,underlier_name,COST US,COST,HIGH
COSW US,ROUNDHILL COST WEEKLYPAY ETF,Roundhill ETF Trust,mechanism,physical,swap,HIGH
COTG US,LEVERAGE SHARES 2X LONG COST DAILY ETF,Themes ETF Trust,mechanism,physical,swap,HIGH
COWS US,AMPLIFY CASH FLOW DIVIDEND LEADERS ETF,Amplify ETF Trust,sub_strategy,Broad,Thematic,MEDIUM
COYY US,GRANITESHARES YIELDBOOST COIN ETF,GraniteShares ETF Trust,underlier_name,COIN US,COIN,HIGH
COYY US,GRANITESHARES YIELDBOOST COIN ETF,GraniteShares ETF Trust,mechanism,physical,options,HIGH
COZX US,TRADR 2X LONG CORZ DAILY ETF,Investment Managers Series Tru,underlier_name,CORZ US,CORZ,HIGH
COZX US,TRADR 2X LONG CORZ DAILY ETF,Investment Managers Series Tru,mechanism,physical,swap,HIGH
CPER US,UNITED STATES COPPER INDEX FUND,United States Commodities ETFs,mechanism,physical,options,MEDIUM
CPII US,AMERICAN BEACON IONIC INFLATION PROTECTION ETF,American Beacon Select Funds,mechanism,physical,swap,HIGH
CPNJ US,CALAMOS NASDAQ - 100 STRUCTURED ALT PROTECTION ETF - JUNE,Calamos ETF Trust,mechanism,physical,swap,HIGH
CPNM US,CALAMOS NASDAQ 100 STRUCTURED ALT PROTECTION ETF - MARCH,Calamos ETF Trust,mechanism,physical,options,HIGH
CPNQ US,CALAMOS NASDAQ 100 STRUCTURED ALT PROTECTION ETF - DECEMBER,Calamos ETF Trust,mechanism,physical,options,HIGH
CPNS US,CALAMOS NASDAQ - 100 STRUCTURED ALT PROTECTION ETF - SEPTEMBER,Calamos ETF Trust,mechanism,physical,swap,HIGH
CPRA US,CALAMOS RUSSELL 2000 STRUCTURED ALT PROTECTION ETF - APRIL,Calamos ETF Trust,mechanism,physical,options,HIGH
CPRJ US,CALAMOS RUSSELL 2000 STRUCTURED ALT PROTECTION ETF - JULY,Calamos ETF Trust,mechanism,physical,options,HIGH
CPRO US,CALAMOS RUSSELL 2000 STRUCTURED ALT PROTECTION ETF - OCTOBER,Calamos ETF Trust,mechanism,physical,options,HIGH
CPRY US,CALAMOS RUSSELL 2000 STRUCTURED ALT PROTECTION ETF - JANUARY,Calamos ETF Trust,mechanism,physical,options,HIGH
CPSA US,CALAMOS S&P 500 STRUCTURED ALT PROTECTION ETF - AUGUST,Calamos ETF Trust,mechanism,physical,options,HIGH
CPSD US,CALAMOS S&P 500 STRUCTURED ALT PROTECTION ETF - DECEMBER,Calamos ETF Trust,mechanism,physical,options,HIGH
CPSF US,CALAMOS S&P 500 STRUCTURED ALT PROTECTION ETF - FEBRUARY,Calamos ETF Trust,mechanism,physical,options,HIGH
CPSJ US,CALAMOS S&P 500 STRUCTURED ALT PROTECTION ETF - JULY,Calamos ETF Trust,mechanism,physical,options,HIGH
CPSL US,CALAMOS LADDERED S&P 500 STRUCTURED ALT PROTECTION ETF,Calamos ETF Trust,asset_class,Fixed Income,Equity,HIGH
CPSL US,CALAMOS LADDERED S&P 500 STRUCTURED ALT PROTECTION ETF,Calamos ETF Trust,mechanism,physical,options,HIGH
CPSM US,CALAMOS S&P 500 STRUCTURED ALT PROTECTION ETF - MAY,Calamos ETF Trust,mechanism,physical,options,HIGH
CPSN US,CALAMOS S&P 500 STRUCTURED ALT PROTECTION ETF - NOVEMBER,Calamos ETF Trust,mechanism,physical,options,HIGH
CPSO US,CALAMOS S&P 500 STRUCTURED ALT PROTECTION ETF - OCTOBER,Calamos ETF Trust,mechanism,physical,options,HIGH
CPSP US,CALAMOS S&P 500 STRUCTURED ALT PROTECTION ETF - APRIL,Calamos ETF Trust,mechanism,physical,options,HIGH
CPSR US,CALAMOS S&P 500 STRUCTURED ALT PROTECTION ETF - MARCH,Calamos ETF Trust,mechanism,physical,options,HIGH
CPST US,CALAMOS S&P 500 STRUCTURED ALT PROTECTION ETF - SEPTEMBER,Calamos ETF Trust,mechanism,physical,swap,HIGH
CPSU US,CALAMOS S&P 500 STRUCTURED ALT PROTECTION ETF - JUNE,Calamos ETF Trust,mechanism,physical,options,HIGH
CPSY US,CALAMOS S&P 500 STRUCTURED ALT PROTECTION ETF - JANUARY,Calamos ETF Trust,mechanism,physical,options,HIGH
CPXR US,USCF DAILY TARGET 2X COPPER INDEX ETF,Tidal Trust III,direction,long,neutral,HIGH
CPXR US,USCF DAILY TARGET 2X COPPER INDEX ETF,Tidal Trust III,mechanism,physical,swap,MEDIUM
CQQQ US,INVESCO CHINA TECHNOLOGY ETF,Invesco Exchange-Traded Fund T,sub_strategy,Broad,Sector,MEDIUM
CRAK US,VANECK OIL REFINERS ETF,VanEck ETFs/USA,asset_class,Commodity,Equity,HIGH
CRCA US,PROSHARES ULTRA CRCL,ProShares Trust,direction,long,neutral,HIGH
CRCA US,PROSHARES ULTRA CRCL,ProShares Trust,underlier_name,CRCL US,CRCL,HIGH
CRCA US,PROSHARES ULTRA CRCL,ProShares Trust,mechanism,physical,swap,HIGH
CRCD US,T-REX 2X INVERSE CRCL DAILY TARGET ETF,ETF Opportunities Trust/REX Sh,underlier_name,CRCL US,CRCL,HIGH
CRCD US,T-REX 2X INVERSE CRCL DAILY TARGET ETF,ETF Opportunities Trust/REX Sh,mechanism,physical,swap,HIGH
CRCG US,LEVERAGE SHARES 2X LONG CRCL DAILY ETF,Themes ETF Trust,underlier_name,CRCL US,CRCL,HIGH
CRCG US,LEVERAGE SHARES 2X LONG CRCL DAILY ETF,Themes ETF Trust,mechanism,physical,swap,HIGH
CRCO US,YIELDMAX CRCL OPTION INCOME STRATEGY ETF,Tidal Trust II,concentration,single,basket,MEDIUM
CRCO US,YIELDMAX CRCL OPTION INCOME STRATEGY ETF,Tidal Trust II,mechanism,physical,options,HIGH
CRDD US,CARDANO ETF,Volatility Shares Trust,mechanism,physical,options,MEDIUM
CRDU US,TRADR 2X LONG CRDO DAILY ETF,Investment Managers Series Tru,underlier_name,CRDO US,CRDO,HIGH
CRDU US,TRADR 2X LONG CRDO DAILY ETF,Investment Managers Series Tru,mechanism,physical,swap,HIGH
CRDX US,2X CARDANO ETF,Volatility Shares Trust,direction,long,neutral,HIGH
CRDX US,2X CARDANO ETF,Volatility Shares Trust,mechanism,physical,swap,MEDIUM
CRMG US,LEVERAGE SHARES 2X LONG CRM DAILY ETF,Themes ETF Trust,underlier_name,CRM US,CRM,HIGH
CRMG US,LEVERAGE SHARES 2X LONG CRM DAILY ETF,Themes ETF Trust,mechanism,physical,swap,HIGH
CRMU US,LEVERAGE SHARES 2X LONG CRML DAILY ETF,Themes ETF Trust,mechanism,physical,swap,HIGH
CRMX US,TRADR 2X LONG CRML DAILY ETF,Investment Managers Series Tru,underlier_name,CRML US,CRML,HIGH
CRMX US,TRADR 2X LONG CRML DAILY ETF,Investment Managers Series Tru,mechanism,physical,swap,HIGH
CRPT US,FIRST TRUST SKYBRIDGE CRYPTO INDUSTRY AND DIGITAL ECONOMY ETF,First Trust Exchange-Traded Fu,asset_class,Equity,Crypto,HIGH
CRPT US,FIRST TRUST SKYBRIDGE CRYPTO INDUSTRY AND DIGITAL ECONOMY ETF,First Trust Exchange-Traded Fu,concentration,single,basket,MEDIUM
CRSH US,YIELDMAX SHORT TSLA OPTION INCOME STRATEGY ETF,Tidal Trust II,underlier_name,TSLA US,TSLA,HIGH
CRSH US,YIELDMAX SHORT TSLA OPTION INCOME STRATEGY ETF,Tidal Trust II,mechanism,physical,options,HIGH
CRWG US,LEVERAGE SHARES 2X LONG CRWV DAILY ETF,Themes ETF Trust,underlier_name,CRWV US,CRWV,HIGH
CRWG US,LEVERAGE SHARES 2X LONG CRWV DAILY ETF,Themes ETF Trust,mechanism,physical,swap,HIGH
CRWL US,GRANITESHARES 2X LONG CRWD DAILY ETF,GraniteShares ETF Trust,underlier_name,CRWD US,CRWD,HIGH
CRWL US,GRANITESHARES 2X LONG CRWD DAILY ETF,GraniteShares ETF Trust,mechanism,physical,swap,HIGH
CRWU US,T-REX 2X LONG CRWV DAILY TARGET ETF,ETF Opportunities Trust/REX Sh,underlier_name,CRWV US,CRWV,HIGH
CRWU US,T-REX 2X LONG CRWV DAILY TARGET ETF,ETF Opportunities Trust/REX Sh,mechanism,physical,swap,HIGH
CSB US,VICTORYSHARES US SMALL CAP HIGH DIV VOLATILITY WTD ETF,Victory Portfolios II,sub_strategy,Style,Broad,LOW
CSCL US,DIREXION DAILY CSCO BULL 2X ETF,Direxion ETFs/USA,underlier_name,CSCO US,CSCO,HIGH
CSCL US,DIREXION DAILY CSCO BULL 2X ETF,Direxion ETFs/USA,mechanism,physical,swap,HIGH
CSCS US,DIREXION DAILY CSCO BEAR 1X ETF,Direxion ETFs/USA,underlier_name,CSCO US,CSCO,HIGH
CSCS US,DIREXION DAILY CSCO BEAR 1X ETF,Direxion ETFs/USA,mechanism,physical,swap,HIGH
CSD US,INVESCO S&P SPIN-OFF ETF,Invesco Exchange-Traded Fund T,sub_strategy,Thematic,Broad,LOW
CSEX US,TRADR 2X LONG CLS DAILY ETF,Investment Managers Series Tru,underlier_name,CLS US,CLS,HIGH
CSEX US,TRADR 2X LONG CLS DAILY ETF,Investment Managers Series Tru,mechanism,physical,swap,HIGH
CSHI US,NEOS ENHANCED INCOME 1-3 MONTH T-BILL ETF,Neos ETF Trust,primary_strategy,Income,Plain Beta,HIGH
CSHI US,NEOS ENHANCED INCOME 1-3 MONTH T-BILL ETF,Neos ETF Trust,sub_strategy,Derivative Income > Covered Call,Broad,HIGH
CSHI US,NEOS ENHANCED INCOME 1-3 MONTH T-BILL ETF,Neos ETF Trust,mechanism,physical,options,MEDIUM
CSHP US,ISHARES ENHANCED SHORT-TERM BOND ACTIVE ETF,BlackRock ETF Trust,mechanism,physical,swap,HIGH
CSM US,PROSHARES LARGE CAP CORE PLUS,ProShares Trust,primary_strategy,L&I,Plain Beta,LOW
CSM US,PROSHARES LARGE CAP CORE PLUS,ProShares Trust,sub_strategy,Long,Broad,LOW
CSM US,PROSHARES LARGE CAP CORE PLUS,ProShares Trust,mechanism,physical,swap,HIGH
CSNR US,COHEN & STEERS NATURAL RESOURCES ACTIVE ETF,Cohen & Steers ETF Trust,sub_strategy,Thematic,Broad,LOW
CTA US,SIMPLIFY MANAGED FUTURES STRATEGY ETF,Simplify Exchange Traded Funds,primary_strategy,Risk Mgmt,Plain Beta,HIGH
CTA US,SIMPLIFY MANAGED FUTURES STRATEGY ETF,Simplify Exchange Traded Funds,sub_strategy,Trend / Managed Futures,Broad,HIGH
CTA US,SIMPLIFY MANAGED FUTURES STRATEGY ETF,Simplify Exchange Traded Funds,mechanism,physical,options,MEDIUM
CTAP US,SIMPLIFY US EQUITY PLUS MANAGED FUTURES STRATEGY ETF,Simplify Exchange Traded Funds,primary_strategy,Risk Mgmt,Plain Beta,HIGH
CTAP US,SIMPLIFY US EQUITY PLUS MANAGED FUTURES STRATEGY ETF,Simplify Exchange Traded Funds,sub_strategy,Trend / Managed Futures,Broad,HIGH
CTEC US,GLOBAL X CLIMATETECH ETF,Global X ETFs/USA,sub_strategy,Thematic,Broad,MEDIUM
CTEX US,PROSHARES S&P KENSHO CLEANTECH ETF,ProShares Trust,sub_strategy,Thematic,Broad,LOW
CURE US,DIREXION DAILY HEALTHCARE BULL 3X ETF,Direxion ETFs/USA,mechanism,physical,swap,HIGH
CUT US,INVESCO MSCI GLOBAL TIMBER ETF,Invesco Exchange-Traded Fund T,sub_strategy,Thematic,Sector,MEDIUM
CVNX US,DEFIANCE DAILY TARGET 2X LONG CVNA ETF,Tidal Trust II,underlier_name,CVNA US,CVNA,HIGH
CVNX US,DEFIANCE DAILY TARGET 2X LONG CVNA ETF,Tidal Trust II,mechanism,physical,swap,HIGH
CVNY US,YIELDMAX CVNA OPTION INCOME STRATEGY ETF,Tidal Trust II,mechanism,physical,options,HIGH
CVRD US,MADISON COVERED CALL ETF,Madison Funds,mechanism,physical,options,HIGH
CVY US,INVESCO ZACKS MULTI-ASSET INCOME ETF,Invesco Exchange-Traded Fund T,sub_strategy,Allocation,Broad,HIGH
CWEB US,DIREXION DAILY CSI CHINA INTERNET INDEX BULL 2X ETF,Direxion ETFs/USA,mechanism,physical,swap,HIGH
CWII US,REX CRWV GROWTH & INCOME ETF,REX ETF Trust,primary_strategy,Income,L&I,HIGH
CWII US,REX CRWV GROWTH & INCOME ETF,REX ETF Trust,sub_strategy,Derivative Income > Covered Call,Long,HIGH
CWII US,REX CRWV GROWTH & INCOME ETF,REX ETF Trust,underlier_name,CRWV US,CRWV,HIGH
CWII US,REX CRWV GROWTH & INCOME ETF,REX ETF Trust,mechanism,physical,swap,MEDIUM
CWVX US,TRADR 2X LONG CRWV DAILY ETF,Investment Managers Series Tru,underlier_name,CRWV US,CRWV,HIGH
CWVX US,TRADR 2X LONG CRWV DAILY ETF,Investment Managers Series Tru,mechanism,physical,swap,HIGH
CXRN US,TEUCRIUM 2X DAILY CORN ETF,Listed Funds Trust/Teucrium In,direction,long,neutral,HIGH
CXRN US,TEUCRIUM 2X DAILY CORN ETF,Listed Funds Trust/Teucrium In,mechanism,physical,swap,HIGH
CXSO US,COINSHARES SOLANA STAKING ETF,Valkyrie ETF Trust II,primary_strategy,L&I,Plain Beta,HIGH
CXSO US,COINSHARES SOLANA STAKING ETF,Valkyrie ETF Trust II,sub_strategy,Long,Single-Access,HIGH
CXSO US,COINSHARES SOLANA STAKING ETF,Valkyrie ETF Trust II,mechanism,swap,physical,MEDIUM
DADS US,DIGITAL ASSET DEBT STRATEGY ETF,Tidal Trust I,asset_class,Fixed Income,Crypto,HIGH
DADS US,DIGITAL ASSET DEBT STRATEGY ETF,Tidal Trust I,sub_strategy,Thematic,Single-Access,MEDIUM
DAGXF US,DB AGRICULTURE DOUBLE LONG EXCHANGE TRADED NOTES,DB ETNs/USA,mechanism,physical,swap,HIGH
DAMD US,DEFIANCE DAILY TARGET 2X SHORT AMD ETF,Tidal Trust II,underlier_name,AMD US,AMD,HIGH
DAMD US,DEFIANCE DAILY TARGET 2X SHORT AMD ETF,Tidal Trust II,mechanism,physical,swap,HIGH
DAPP US,VANECK DIGITAL TRANSFORMATION ETF,VanEck ETFs/USA,sub_strategy,Thematic,Broad,LOW
DAPR US,FT VEST U.S. EQUITY DEEP BUFFER ETF - APRIL,First Trust Exchange-Traded Fu,mechanism,physical,options,HIGH
DARP US,GRIZZLE GROWTH ETF,Tidal Trust II,mechanism,physical,options,MEDIUM
DAT US,PROSHARES BIG DATA REFINERS ETF,ProShares Trust,sub_strategy,Thematic,Broad,LOW
DAUG US,FT VEST U.S. EQUITY DEEP BUFFER ETF - AUGUST,First Trust Exchange-Traded Fu,mechanism,physical,options,HIGH
DBA US,INVESCO DB AGRICULTURE FUND,Invesco DB Multi-Sector Commod,mechanism,physical,options,MEDIUM
DBAW US,XTRACKERS MSCI ALL WORLD EX US HEDGED EQUITY ETF,DWS Xtrackers ETFs/USA,primary_strategy,Risk Mgmt,Plain Beta,MEDIUM
DBAW US,XTRACKERS MSCI ALL WORLD EX US HEDGED EQUITY ETF,DWS Xtrackers ETFs/USA,sub_strategy,Hedged Equity,Broad,MEDIUM
DBB US,INVESCO DB BASE METALS FUND,Invesco DB Multi-Sector Commod,mechanism,physical,options,MEDIUM
DBC US,INVESCO DB COMMODITY INDEX TRACKING FUND,Invesco ETFs/USA,mechanism,physical,options,MEDIUM
DBE US,INVESCO DB ENERGY FUND,Invesco DB Multi-Sector Commod,mechanism,physical,options,MEDIUM
DBEF US,XTRACKERS MSCI EAFE HEDGED EQUITY ETF,DWS Xtrackers ETFs/USA,primary_strategy,Risk Mgmt,Plain Beta,MEDIUM
DBEF US,XTRACKERS MSCI EAFE HEDGED EQUITY ETF,DWS Xtrackers ETFs/USA,sub_strategy,Hedged Equity,Broad,MEDIUM
DBEM US,XTRACKERS MSCI EMERGING MARKETS HEDGED EQUITY ETF,DWS Xtrackers ETFs/USA,primary_strategy,Risk Mgmt,Plain Beta,LOW
DBEM US,XTRACKERS MSCI EMERGING MARKETS HEDGED EQUITY ETF,DWS Xtrackers ETFs/USA,sub_strategy,Hedged Equity,Broad,LOW
DBEU US,XTRACKERS MSCI EUROPE HEDGED EQUITY ETF,DWS Xtrackers ETFs/USA,primary_strategy,Risk Mgmt,Plain Beta,MEDIUM
DBEU US,XTRACKERS MSCI EUROPE HEDGED EQUITY ETF,DWS Xtrackers ETFs/USA,sub_strategy,Hedged Equity,Broad,MEDIUM
DBEZ US,XTRACKERS MSCI EUROZONE HEDGED EQUITY ETF,DWS Xtrackers ETFs/USA,primary_strategy,Risk Mgmt,Plain Beta,LOW
DBEZ US,XTRACKERS MSCI EUROZONE HEDGED EQUITY ETF,DWS Xtrackers ETFs/USA,sub_strategy,Hedged Equity,Broad,LOW
DBJP US,XTRACKERS MSCI JAPAN HEDGED EQUITY ETF,DWS Xtrackers ETFs/USA,primary_strategy,Risk Mgmt,Plain Beta,MEDIUM
DBJP US,XTRACKERS MSCI JAPAN HEDGED EQUITY ETF,DWS Xtrackers ETFs/USA,sub_strategy,Hedged Equity,Broad,MEDIUM
DBMF US,IMGP DBI MANAGED FUTURES STRATEGY ETF,Litman Gregory Funds Trust,primary_strategy,Risk Mgmt,Plain Beta,HIGH
DBMF US,IMGP DBI MANAGED FUTURES STRATEGY ETF,Litman Gregory Funds Trust,sub_strategy,Trend / Managed Futures,Broad,HIGH
DBMF US,IMGP DBI MANAGED FUTURES STRATEGY ETF,Litman Gregory Funds Trust,mechanism,physical,options,MEDIUM
DBO US,INVESCO DB OIL FUND,Invesco DB Multi-Sector Commod,mechanism,physical,options,MEDIUM
DBP US,INVESCO DB PRECIOUS METALS FUND,Invesco DB Multi-Sector Commod,mechanism,physical,options,MEDIUM
DCMT US,DOUBLELINE COMMODITY STRATEGY ETF,DoubleLine ETF Trust,mechanism,physical,swap,HIGH
DCRE US,DOUBLELINE COMMERCIAL REAL ESTATE DEBT ETF,DoubleLine ETF Trust,sub_strategy,Sector,Broad,HIGH
DDDD US,YIELDMAX US STOCKS TARGET DOUBLE DISTRIBUTION ETF,Tidal Trust II,mechanism,physical,options,HIGH
DDEC US,FT VEST US EQUITY DEEP BUFFER ETF - DECEMBER,First Trust Exchange-Traded Fu,mechanism,physical,options,HIGH
DDFA US,INNOVATOR EQUITY DUAL DIRECTIONAL 15 BUFFER ETF - APRIL,Innovator ETF Trust,mechanism,physical,options,HIGH
DDFD US,INNOVATOR EQUITY DUAL DIRECTIONAL 15 BUFFER ETF - DECEMBER,Innovator ETF Trust,mechanism,physical,options,HIGH
DDFF US,INNOVATOR EQUITY DUAL DIRECTIONAL 15 BUFFER ETF - FEBRUARY,Innovator ETF Trust,mechanism,physical,options,HIGH
DDFJ US,INNOVATOR EQUITY DUAL DIRECTIONAL 15 BUFFER ETF - JANUARY,Innovator ETF Trust,mechanism,physical,options,HIGH
DDFL US,INNOVATOR EQUITY DUAL DIRECTIONAL 15 BUFFER ETF - JULY,Innovator ETF Trust,mechanism,physical,options,HIGH
DDFM US,INNOVATOR EQUITY DUAL DIRECTIONAL 15 BUFFER ETF - MARCH,Innovator ETF Trust,mechanism,physical,options,HIGH
DDFN US,INNOVATOR EQUITY DUAL DIRECTIONAL 15 BUFFER ETF - NOVEMBER,Innovator ETF Trust,mechanism,physical,options,HIGH
DDFO US,INNOVATOR EQUITY DUAL DIRECTIONAL 15 BUFFER ETF - OCTOBER,Innovator ETF Trust,mechanism,physical,options,HIGH
DDFS US,INNOVATOR EQUITY DUAL DIRECTIONAL 15 BUFFER ETF - SEPTEMBER,Innovator ETF Trust,mechanism,physical,options,HIGH
DDM US,PROSHARES ULTRA DOW30,ProShares Trust,direction,long,neutral,HIGH
DDM US,PROSHARES ULTRA DOW30,ProShares Trust,mechanism,physical,swap,HIGH
DDNQ US,INNOVATOR GROWTH-100 DUAL DIRECTIONAL 5 BUFFER ETF - QUARTERLY,Innovator ETF Trust,mechanism,physical,options,HIGH
DDPXF US,DB COMMODITY SHORT EXCHANGE TRADED NOTES,DB ETNs/USA,mechanism,physical,swap,HIGH
DDSQ US,INNOVATOR EQUITY DUAL DIRECTIONAL 5 BUFFER ETF - QUARTERLY,Innovator ETF Trust,mechanism,physical,options,HIGH
DDTA US,INNOVATOR EQUITY DUAL DIRECTIONAL 10 BUFFER ETF - APRIL,Innovator ETF Trust,mechanism,physical,options,HIGH
DDTD US,INNOVATOR EQUITY DUAL DIRECTIONAL 10 BUFFER ETF - DECEMBER,Innovator ETF Trust,mechanism,physical,options,HIGH
DDTF US,INNOVATOR EQUITY DUAL DIRECTIONAL 10 BUFFER ETF - FEBRUARY,Innovator ETF Trust,mechanism,physical,options,HIGH
DDTJ US,INNOVATOR EQUITY DUAL DIRECTIONAL 10 BUFFER ETF - JANUARY,Innovator ETF Trust,mechanism,physical,options,HIGH
DDTL US,INNOVATOR EQUITY DUAL DIRECTIONAL 10 BUFFER ETF - JULY,Innovator ETF Trust,mechanism,physical,options,HIGH
DDTM US,INNOVATOR EQUITY DUAL DIRECTIONAL 10 BUFFER ETF - MARCH,Innovator ETF Trust,mechanism,physical,options,HIGH
DDTN US,INNOVATOR EQUITY DUAL DIRECTIONAL 10 BUFFER ETF - NOVEMBER,Innovator ETF Trust,mechanism,physical,options,HIGH
DDTO US,INNOVATOR EQUITY DUAL DIRECTIONAL 10 BUFFER ETF - OCTOBER,Innovator ETF Trust,mechanism,physical,options,HIGH
DDTS US,INNOVATOR EQUITY DUAL DIRECTIONAL 10 BUFFER ETF - SEPTEMBER,Innovator ETF Trust,mechanism,physical,options,HIGH
DDV US,DEFINED DURATION 5 ETF,EA Series Trust,sub_strategy,Allocation,Broad,HIGH
DDX US,DEFINED DURATION 10 ETF,EA Series Trust,sub_strategy,Allocation,Broad,HIGH
DDXX US,DEFINED DURATION 20 ETF,EA Series Trust,sub_strategy,Allocation,Broad,HIGH
DECM US,FT VEST US EQUITY MAX BUFFER ETF - DECEMBER,First Trust Exchange-Traded Fu,mechanism,physical,options,HIGH
DECO US,STATE STREET GALAXY DIGITAL ASSET ECOSYSTEM ETF,SSGA Active Trust,asset_class,Equity,Crypto,HIGH
DECO US,STATE STREET GALAXY DIGITAL ASSET ECOSYSTEM ETF,SSGA Active Trust,concentration,single,basket,MEDIUM
DECP US,PGIM S&P 500 BUFFER 12 ETF - DECEMBER,PGIM Rock ETF Trust,mechanism,physical,options,HIGH
DECP US,PGIM S&P 500 BUFFER 12 ETF - DECEMBER,PGIM Rock ETF Trust,buffer_pct,12.0,500.0,HIGH
DECT US,ALLIANZIM US EQUITY BUFFER10 DEC ETF,AIM ETF Products Trust,mechanism,physical,options,HIGH
DECU US,ALLIANZIM US EQUITY BUFFER15 UNCAPPED DEC ETF,AIM ETF Products Trust,mechanism,physical,options,HIGH
DECW US,ALLIANZIM US EQ BUFFER20 DEC,AIM ETF Products Trust,mechanism,physical,options,HIGH
DECZ US,ELEVATION SERIES TRUST - TRUESHARES STRUCTURED OUTCOME DECEMBER ETF,Elevation Series Trust,mechanism,physical,options,HIGH
DEENF US,DB COMMODITY DOUBLE SHORT EXCHANGE TRADED NOTES,DB ETNs/USA,mechanism,physical,swap,HIGH
DEFI US,HASHDEX COMMODITIES TRUST,Tidal Commodities Trust I,underlier_name,Bitcoin,XBTUSD,HIGH
DEFR US,APTUS DEFERRED INCOME ETF,ETF Series Solutions/Aptus Cap,primary_strategy,Income,Plain Beta,HIGH
DEFR US,APTUS DEFERRED INCOME ETF,ETF Series Solutions/Aptus Cap,sub_strategy,Deferred Income,Broad,HIGH
DEM US,WISDOMTREE EMERGING MARKETS HIGH DIVIDEND FUND,WisdomTree ETFs/USA,sub_strategy,Style,Broad,LOW
DEW US,WISDOMTREE GLOBAL HIGH DIVIDEND FUND,WisdomTree ETFs/USA,sub_strategy,Style,Broad,MEDIUM
DFEB US,FT VEST US EQUITY DEEP BUFFER ETF - FEBRUARY,First Trust Exchange-Traded Fu,mechanism,physical,options,HIGH
DFEN US,DIREXION DAILY AEROSPACE & DEFENSE BULL 3X ETF,Direxion ETFs/USA,mechanism,physical,swap,HIGH
DFII US,FT VEST BITCOIN STRATEGY & TARGET INCOME ETF,First Trust Exchange-Traded Fu,primary_strategy,Income,Plain Beta,HIGH
DFII US,FT VEST BITCOIN STRATEGY & TARGET INCOME ETF,First Trust Exchange-Traded Fu,sub_strategy,Derivative Income > Covered Call,Single-Access,HIGH
DFII US,FT VEST BITCOIN STRATEGY & TARGET INCOME ETF,First Trust Exchange-Traded Fu,mechanism,physical,options,MEDIUM
DFIV US,DIMENSIONAL INTERNATIONAL VALUE ETF,Dimensional ETF Trust,sub_strategy,Style,Broad,MEDIUM
DFNL US,DAVIS SELECT FINANCIAL ETF,Davis Fundamental ETF Trust,sub_strategy,Broad,Sector,MEDIUM
DGIN US,VANECK DIGITAL INDIA ETF,VanEck ETFs/USA,sub_strategy,Thematic,Broad,MEDIUM
DGJA US,FT VEST US EQUITY BUFFER & DIGITAL RETURN ETF - JANUARY,First Trust Exchange-Traded Fu,mechanism,physical,options,HIGH
DGOC US,FT VEST US EQUITY BUFFER & DIGITAL RETURN ETF - OCTOBER,First Trust Exchange-Traded Fu,mechanism,physical,options,HIGH
DGP US,DB GOLD DOUBLE LONG EXCHANGE TRADED NOTES,DB ETNs/USA,mechanism,physical,swap,HIGH
DGZ US,DB GOLD SHORT EXCHANGE TRADED NOTES,DB ETNs/USA,mechanism,physical,swap,HIGH
DHDG US,FT VEST US EQUITY QUARTERLY 2.5 TO 15 BUFFER ETF,First Trust Exchange-Traded Fu,mechanism,physical,options,HIGH
DHS US,WISDOMTREE US HIGH DIVIDEND FUND,WisdomTree ETFs/USA,sub_strategy,Style,Broad,LOW
DHSB US,DAY HAGAN SMART BUFFER ETF,Strategy Shares Inc/Fund Paren,mechanism,physical,options,HIGH
DIA US,STATE STREET SPDR DOW JONES INDUSTRIAL AVERAGE ETF TRUST,State Street ETF/USA,sub_strategy,Broad,Sector,MEDIUM
DIG US,PROSHARES ULTRA ENERGY,ProShares Trust,direction,long,neutral,HIGH
DIG US,PROSHARES ULTRA ENERGY,ProShares Trust,mechanism,physical,swap,HIGH
DIME US,COINSHARES ALTCOINS ETF,Valkyrie ETF Trust II,concentration,single,basket,MEDIUM
DIPS US,YIELDMAX SHORT NVDA OPTION INCOME STRATEGY ETF,Tidal Trust II,underlier_name,NVDA US,NVDA,HIGH
DIPS US,YIELDMAX SHORT NVDA OPTION INCOME STRATEGY ETF,Tidal Trust II,mechanism,physical,options,HIGH
DISO US,YIELDMAX DIS OPTION INCOME STRATEGY ETF,Tidal Trust II,underlier_name,DIS US,DIS,HIGH
DISO US,YIELDMAX DIS OPTION INCOME STRATEGY ETF,Tidal Trust II,mechanism,physical,options,HIGH
DISV US,DIMENSIONAL INTERNATIONAL SMALL CAP VALUE ETF,Dimensional ETF Trust,sub_strategy,Style,Broad,MEDIUM
DISY US,KURV YIELD PREMIUM STRATEGY WALT DISNEY DIS ETF,Neos ETF Trust,asset_class,Volatility,Multi-Asset,HIGH
DISY US,KURV YIELD PREMIUM STRATEGY WALT DISNEY DIS ETF,Neos ETF Trust,primary_strategy,Plain Beta,Income,MEDIUM
DISY US,KURV YIELD PREMIUM STRATEGY WALT DISNEY DIS ETF,Neos ETF Trust,sub_strategy,VIX,Derivative Income > Covered Call,MEDIUM
DISY US,KURV YIELD PREMIUM STRATEGY WALT DISNEY DIS ETF,Neos ETF Trust,mechanism,futures,options,HIGH
DIVD US,ALTRIUS GLOBAL DIVIDEND ETF,EA Series Trust,sub_strategy,Broad,Sector,MEDIUM
DIVG US,INVESCO S&P HIGH DIVIDEND GROWERS ETF,Invesco Exchange-Traded Fund T,sub_strategy,Style,Broad,LOW
DIVN US,HORIZON DIVIDEND INCOME ETF,Horizon Funds,mechanism,physical,options,MEDIUM
DIVO US,AMPLIFY CWP ENHANCED DIVIDEND INCOME ETF,Amplify ETF Trust,mechanism,physical,options,HIGH
DJAN US,FT VEST U.S. EQUITY DEEP BUFFER ETF - JANUARY,First Trust Exchange-Traded Fu,mechanism,physical,options,HIGH
DJD US,INVESCO DOW JONES INDUSTRIAL AVERAGE DIVIDEND ETF,Invesco Exchange-Traded Fund T,sub_strategy,Broad,Sector,MEDIUM
DJIA US,GLOBAL X DOW 30 COVERED CALL ETF,Global X ETFs/USA,mechanism,physical,options,HIGH
DJP US,IPATH BLOOMBERG COMMODITY INDEX TOTAL RETURN ETN,Barclays Bank PLC,mechanism,physical,options,MEDIUM
DJTU US,T-REX 2X LONG DJT DAILY TARGET ETF,ETF Opportunities Trust/REX Sh,underlier_name,DJTU UA,DJT,HIGH
DJTU US,T-REX 2X LONG DJT DAILY TARGET ETF,ETF Opportunities Trust/REX Sh,mechanism,physical,swap,HIGH
DJUL US,FT VEST US EQUITY DEEP BUFFER ETF - JULY,First Trust Exchange-Traded Fu,mechanism,physical,options,HIGH
DJUN US,FT VEST US EQUITY DEEP BUFFER ETF - JUNE,First Trust Exchange-Traded Fu,mechanism,physical,options,HIGH
DKNX US,DEFIANCE DAILY TARGET 2X LONG DKNG ETF,Tidal Trust II,underlier_name,DKNG US,DKNG,HIGH
DKNX US,DEFIANCE DAILY TARGET 2X LONG DKNG ETF,Tidal Trust II,mechanism,physical,swap,HIGH
DLAG US,FT VEST US EQUITY DUAL DIRECTIONAL BUFFER ETF - AUGUST,First Trust Unit Investment Tr,mechanism,physical,options,HIGH
DLFE US,FT VEST US EQUITY DUAL DIRECTIONAL BUFFER ETF - FEBRUARY,First Trust Exchange-Traded Fu,mechanism,physical,options,HIGH
DLLL US,GRANITESHARES 2X LONG DELL DAILY ETF,GraniteShares ETF Trust,underlier_name,DELL US,DELL,HIGH
DLLL US,GRANITESHARES 2X LONG DELL DAILY ETF,GraniteShares ETF Trust,mechanism,physical,swap,HIGH
DLNV US,FT VEST US EQUITY DUAL DIRECTIONAL BUFFER ETF - NOVEMBER,First Trust Exchange-Traded Fu,mechanism,physical,options,HIGH
DLNV US,FT VEST US EQUITY DUAL DIRECTIONAL BUFFER ETF - NOVEMBER,First Trust Exchange-Traded Fu,buffer_pct,15.0,10.0,HIGH
DMAR US,FT VEST US EQUITY DEEP BUFFER ETF - MARCH,First Trust Exchange-Traded Fu,mechanism,physical,options,HIGH
DMAT LN,GLOBAL X DISRUPTIVE MATERIALS UCITS ETF,Global X ETFs ICAV,sub_strategy,Broad,Thematic,MEDIUM
DMAX US,ISHARES LARGE CAP MAX BUFFER DEC ETF,iShares Trust,mechanism,physical,options,HIGH
DMAY US,FT VEST US EQUITY DEEP BUFFER ETF - MAY,First Trust Exchange-Traded Fu,mechanism,physical,options,HIGH
DMX US,DOUBLELINE MULTI-SECTOR INCOME ETF,DoubleLine ETF Trust,sub_strategy,Sector,Broad,HIGH
DNL US,WISDOMTREE GLOBAL EX-US QUALITY GROWTH FUND,WisdomTree ETFs/USA,sub_strategy,Style,Broad,MEDIUM
DNNG US,LEVERAGE SHARES 2X LONG DNN DAILY ETF,Themes ETF Trust,mechanism,physical,swap,HIGH
DNOV US,FT VEST US EQUITY DEEP BUFFER ETF - NOVEMBER,First Trust Exchange-Traded Fu,mechanism,physical,options,HIGH
DOCT US,FT VEST US EQUITY DEEP BUFFER ETF - OCTOBER,First Trust Exchange-Traded Fu,mechanism,physical,options,HIGH
DOG US,PROSHARES SHORT DOW30,ProShares Trust,mechanism,physical,swap,HIGH
DOGG US,FT VEST DJIA DOGS 10 TARGET INCOME ETF,First Trust Exchange-Traded Fu,primary_strategy,Income,Plain Beta,LOW
DOGG US,FT VEST DJIA DOGS 10 TARGET INCOME ETF,First Trust Exchange-Traded Fu,sub_strategy,Derivative Income > Covered Call,Broad,LOW
DOGG US,FT VEST DJIA DOGS 10 TARGET INCOME ETF,First Trust Exchange-Traded Fu,mechanism,physical,options,MEDIUM
DOJE US,REX-OSPREY DOGE ETF,Rex Shares ETFs/USA,underlier_name,Dogecoin,XDGUSD,HIGH
DPRE US,VIRTUS DUFF & PHELPS REAL ESTATE INCOME ETF,Virtus ETF Trust II,primary_strategy,Income,Plain Beta,HIGH
DPRE US,VIRTUS DUFF & PHELPS REAL ESTATE INCOME ETF,Virtus ETF Trust II,sub_strategy,Derivative Income > Covered Call,Broad,HIGH
DPST US,DIREXION DAILY REGIONAL BANKS BULL 3X ETF,Direxion ETFs/USA,mechanism,physical,swap,HIGH
DRAI US,DRACO EVOLUTION AI ETF,EA Series Trust,sub_strategy,Thematic,Broad,HIGH
DRAM US,ROUNDHILL MEMORY ETF,Roundhill ETF Trust,mechanism,physical,swap,HIGH
DRAY US,YIELDMAX DKNG OPTION INCOME STRATEGY ETF,Tidal Trust II,concentration,single,basket,MEDIUM
DRAY US,YIELDMAX DKNG OPTION INCOME STRATEGY ETF,Tidal Trust II,mechanism,physical,options,HIGH
DRIP US,DIREXION DAILY S&P OIL & GAS EXP. & PROD. BEAR 2X ETF,Direxion ETFs/USA,mechanism,physical,swap,HIGH
DRKY US,VISTASHARES TARGET 15 DRUKMACRO DISTRIBUTION ETF,Tidal Trust III,mechanism,physical,options,MEDIUM
DRLL US,STRIVE US ENERGY ETF,EA Series Trust,sub_strategy,Broad,Sector,MEDIUM
DRN US,DIREXION DAILY REAL ESTATE BULL 3X ETF,Direxion ETFs/USA,mechanism,physical,swap,HIGH
DRNL US,DEFIANCE 2X DAILY LONG PURE DRONE AND AERIAL AUTOMATION ETF,Tidal Trust II,mechanism,physical,swap,MEDIUM
DRNZ US,REX DRONE ETF,REX ETF Trust,sub_strategy,Thematic,Sector,MEDIUM
DRSK US,APTUS DEFINED RISK ETF,ETF Series Solutions/Aptus Cap,primary_strategy,Defined Outcome,Plain Beta,HIGH
DRSK US,APTUS DEFINED RISK ETF,ETF Series Solutions/Aptus Cap,sub_strategy,Buffer,Broad,HIGH
DRV US,DIREXION DAILY REAL ESTATE BEAR 3X ETF,Direxion ETFs/USA,mechanism,physical,swap,HIGH
DSEP US,FT VEST US EQUITY DEEP BUFFER ETF - SEPTEMBER,First Trust Exchange-Traded Fu,mechanism,physical,options,HIGH
DSTX US,DISTILLATE INTERNATIONAL FUNDAMENTAL STABILITY & VALUE ETF,ETF Series Solutions/Distillat,sub_strategy,Style,Broad,MEDIUM
DTAN US,SPARKLINE INTERNATIONAL INTANGIBLE VALUE ETF,EA Series Trust,sub_strategy,Style,Broad,MEDIUM
DTCR US,GLOBAL X DATA CENTER & DIGITAL INFRASTRUCTURE ETF,Global X ETFs/USA,sub_strategy,Thematic,Broad,MEDIUM
DTH US,WISDOMTREE TRUST - WISDOMTREE INTERNATIONAL HIGH DIVIDEND FUND,WisdomTree ETFs/USA,sub_strategy,Style,Broad,MEDIUM
DUG US,PROSHARES ULTRASHORT ENERGY,ProShares Trust,sub_strategy,Short,Long,HIGH
DUG US,PROSHARES ULTRASHORT ENERGY,ProShares Trust,direction,short,neutral,HIGH
DUG US,PROSHARES ULTRASHORT ENERGY,ProShares Trust,mechanism,physical,swap,HIGH
DULL US,MICROSECTORS GOLD -3X INVERSE LEVERAGED ETN,BMO ETNs/United States,mechanism,physical,swap,MEDIUM
DUNK US,DANA UNCONSTRAINED EQUITY ETF,Tidal Trust I,sub_strategy,Broad,Thematic,MEDIUM
DUOG US,LEVERAGE SHARES 2X LONG DUOL DAILY ETF,Themes ETF Trust,underlier_name,DUOL US,DUOL,HIGH
DUOG US,LEVERAGE SHARES 2X LONG DUOL DAILY ETF,Themes ETF Trust,mechanism,physical,swap,HIGH
DURA US,VANECK DURABLE HIGH DIVIDEND ETF,VanEck ETFs/USA,sub_strategy,Style,Sector,MEDIUM
DUSL US,DIREXION DAILY INDUSTRIALS BULL 3X ETF,Direxion ETFs/USA,mechanism,physical,swap,HIGH
DUST US,DIREXION DAILY GOLD MINERS INDEX BEAR 2X ETF,Direxion ETFs/USA,mechanism,physical,swap,HIGH
DVIN US,WEBS INDUSTRIALS XLI DEFINED VOLATILITY ETF,WEBs ETF Trust,primary_strategy,Defined Outcome,Plain Beta,MEDIUM
DVIN US,WEBS INDUSTRIALS XLI DEFINED VOLATILITY ETF,WEBs ETF Trust,sub_strategy,Buffer,Sector,MEDIUM
DVIN US,WEBS INDUSTRIALS XLI DEFINED VOLATILITY ETF,WEBs ETF Trust,mechanism,physical,swap,HIGH
DVOL US,FIRST TRUST DORSEY WRIGHT MOMENTUM & LOW VOLATILITY ETF,First Trust Exchange-Traded Fu,asset_class,Volatility,Equity,HIGH
DVQQ US,WEBS QQQ DEFINED VOLATILITY ETF,WEBs ETF Trust,primary_strategy,Defined Outcome,Plain Beta,LOW
DVQQ US,WEBS QQQ DEFINED VOLATILITY ETF,WEBs ETF Trust,sub_strategy,Buffer,Broad,LOW
DVQQ US,WEBS QQQ DEFINED VOLATILITY ETF,WEBs ETF Trust,mechanism,physical,swap,HIGH
DVRE US,WEBS REAL ESTATE XLRE DEFINED VOLATILITY ETF,WEBs ETF Trust,primary_strategy,Defined Outcome,Plain Beta,MEDIUM
DVRE US,WEBS REAL ESTATE XLRE DEFINED VOLATILITY ETF,WEBs ETF Trust,sub_strategy,Buffer,Sector,MEDIUM
DVRE US,WEBS REAL ESTATE XLRE DEFINED VOLATILITY ETF,WEBs ETF Trust,mechanism,physical,swap,HIGH
DVSP US,WEBS SPY DEFINED VOLATILITY ETF,WEBs ETF Trust,primary_strategy,Defined Outcome,Plain Beta,LOW
DVSP US,WEBS SPY DEFINED VOLATILITY ETF,WEBs ETF Trust,sub_strategy,Buffer,Broad,LOW
DVSP US,WEBS SPY DEFINED VOLATILITY ETF,WEBs ETF Trust,mechanism,physical,swap,HIGH
DVUT US,WEBS UTILITIES XLU DEFINED VOLATILITY ETF,WEBs ETF Trust,primary_strategy,Defined Outcome,Plain Beta,MEDIUM
DVUT US,WEBS UTILITIES XLU DEFINED VOLATILITY ETF,WEBs ETF Trust,sub_strategy,Buffer,Sector,MEDIUM
DVUT US,WEBS UTILITIES XLU DEFINED VOLATILITY ETF,WEBs ETF Trust,mechanism,physical,swap,HIGH
DVVY US,INVESCO DIVERSIFIED DIVIDEND OPPORTUNITIES ETF,Powershares Actively Managed E,sub_strategy,Style,Broad,LOW
DVXB US,WEBS MATERIALS XLB DEFINED VOLATILITY ETF,WEBs ETF Trust,primary_strategy,Defined Outcome,Plain Beta,MEDIUM
DVXB US,WEBS MATERIALS XLB DEFINED VOLATILITY ETF,WEBs ETF Trust,sub_strategy,Buffer,Sector,MEDIUM
DVXB US,WEBS MATERIALS XLB DEFINED VOLATILITY ETF,WEBs ETF Trust,mechanism,physical,swap,HIGH
DVXC US,WEBS COMMUNICATION SERVICES XLC DEFINED VOLATILITY ETF,WEBs ETF Trust,primary_strategy,Defined Outcome,Plain Beta,MEDIUM
DVXC US,WEBS COMMUNICATION SERVICES XLC DEFINED VOLATILITY ETF,WEBs ETF Trust,sub_strategy,Buffer,Sector,MEDIUM
DVXC US,WEBS COMMUNICATION SERVICES XLC DEFINED VOLATILITY ETF,WEBs ETF Trust,mechanism,physical,swap,HIGH
DVXE US,WEBS ENERGY XLE DEFINED VOLATILITY ETF,WEBs ETF Trust,primary_strategy,Defined Outcome,Plain Beta,MEDIUM
DVXE US,WEBS ENERGY XLE DEFINED VOLATILITY ETF,WEBs ETF Trust,sub_strategy,Buffer,Sector,MEDIUM
DVXE US,WEBS ENERGY XLE DEFINED VOLATILITY ETF,WEBs ETF Trust,mechanism,physical,swap,HIGH
DVXF US,WEBS FINANCIAL XLF DEFINED VOLATILITY ETF,WEBs ETF Trust,primary_strategy,Defined Outcome,Plain Beta,MEDIUM
DVXF US,WEBS FINANCIAL XLF DEFINED VOLATILITY ETF,WEBs ETF Trust,sub_strategy,Buffer,Sector,MEDIUM
DVXF US,WEBS FINANCIAL XLF DEFINED VOLATILITY ETF,WEBs ETF Trust,mechanism,physical,swap,HIGH
DVXK US,WEBS TECHNOLOGY XLK DEFINED VOLATILITY ETF,WEBs ETF Trust,primary_strategy,Defined Outcome,Plain Beta,MEDIUM
DVXK US,WEBS TECHNOLOGY XLK DEFINED VOLATILITY ETF,WEBs ETF Trust,sub_strategy,Buffer,Sector,MEDIUM
DVXK US,WEBS TECHNOLOGY XLK DEFINED VOLATILITY ETF,WEBs ETF Trust,mechanism,physical,swap,HIGH
DVXP US,WEBS CONSUMER STAPLES XLP DEFINED VOLATILITY ETF,WEBs ETF Trust,primary_strategy,Defined Outcome,Plain Beta,MEDIUM
DVXP US,WEBS CONSUMER STAPLES XLP DEFINED VOLATILITY ETF,WEBs ETF Trust,sub_strategy,Buffer,Sector,MEDIUM
DVXP US,WEBS CONSUMER STAPLES XLP DEFINED VOLATILITY ETF,WEBs ETF Trust,mechanism,physical,swap,HIGH
DVXV US,WEBS HEALTH CARE XLV DEFINED VOLATILITY ETF,WEBs ETF Trust,primary_strategy,Defined Outcome,Plain Beta,MEDIUM
DVXV US,WEBS HEALTH CARE XLV DEFINED VOLATILITY ETF,WEBs ETF Trust,sub_strategy,Buffer,Sector,MEDIUM
DVXV US,WEBS HEALTH CARE XLV DEFINED VOLATILITY ETF,WEBs ETF Trust,mechanism,physical,swap,HIGH
DVXY US,WEBS CONSUMER DISCRETIONARY XLY DEFINED VOLATILITY ETF,WEBs ETF Trust,primary_strategy,Defined Outcome,Plain Beta,MEDIUM
DVXY US,WEBS CONSUMER DISCRETIONARY XLY DEFINED VOLATILITY ETF,WEBs ETF Trust,sub_strategy,Buffer,Sector,MEDIUM
DVXY US,WEBS CONSUMER DISCRETIONARY XLY DEFINED VOLATILITY ETF,WEBs ETF Trust,mechanism,physical,swap,HIGH
DWSH US,ADVISORSHARES DORSEY WRIGHT SHORT ETF,AdvisorShares ETFs/USA,primary_strategy,Risk Mgmt,Plain Beta,HIGH
DWSH US,ADVISORSHARES DORSEY WRIGHT SHORT ETF,AdvisorShares ETFs/USA,sub_strategy,Alternatives,Broad,HIGH
DWSH US,ADVISORSHARES DORSEY WRIGHT SHORT ETF,AdvisorShares ETFs/USA,mechanism,physical,options,MEDIUM
DXD US,PROSHARES ULTRASHORT DOW30,ProShares Trust,sub_strategy,Short,Long,HIGH
DXD US,PROSHARES ULTRASHORT DOW30,ProShares Trust,direction,short,neutral,HIGH
DXD US,PROSHARES ULTRASHORT DOW30,ProShares Trust,mechanism,physical,swap,HIGH
DXJ US,WISDOMTREE JAPAN HEDGED EQUITY FUND,WisdomTree ETFs/USA,primary_strategy,Risk Mgmt,Plain Beta,MEDIUM
DXJ US,WISDOMTREE JAPAN HEDGED EQUITY FUND,WisdomTree ETFs/USA,sub_strategy,Hedged Equity,Broad,MEDIUM
DYLG US,GLOBAL X DOW 30 COVERED CALL & GROWTH ETF,Global X ETFs/USA,mechanism,physical,options,HIGH
DYTA US,SGI DIVERSIFIED TACTICAL FUND/THE,RBB Fund Inc/Summit Global Inv,asset_class,Multi-Asset,Equity,HIGH
DYTA US,SGI DIVERSIFIED TACTICAL FUND/THE,RBB Fund Inc/Summit Global Inv,primary_strategy,Risk Mgmt,Plain Beta,LOW
DYTA US,SGI DIVERSIFIED TACTICAL FUND/THE,RBB Fund Inc/Summit Global Inv,sub_strategy,Risk-Adaptive,Broad,LOW
DYYXF US,DB COMMODITY DOUBLE LONG EXCHANGE TRADED NOTES,DB ETNs/USA,mechanism,physical,swap,HIGH
DZZ US,DB GOLD DOUBLE SHORT EXCHANGE TRADED NOTES,DB ETNs/USA,mechanism,physical,swap,HIGH
EALT US,INNOVATOR US EQUITY 5 TO 15 BUFFER ETF-QUARTERLY,Innovator ETF Trust,mechanism,physical,options,HIGH
EAOA US,ISHARES ESG AWARE 80/20 AGGRESSIVE ALLOCATION ETF,iShares Trust,sub_strategy,Allocation,Broad,HIGH
EAOK US,ISHARES ESG AWARE 30/70 CONSERVATIVE ALLOCATION ETF,iShares Trust,sub_strategy,Allocation,Broad,HIGH
EAOM US,ISHARES ESG AWARE 40/60 MODERATE ALLOCATION ETF,iShares Trust,sub_strategy,Allocation,Broad,HIGH
EAOR US,ISHARES ESG AWARE 60/40 BALANCED ALLOCATION ETF,iShares Trust,sub_strategy,Allocation,Broad,HIGH
EAPR US,INNOVATOR EMERGING MARKETS POWER BUFFER ETF - APRIL,Innovator ETF Trust,mechanism,physical,options,HIGH
EBIZ US,GLOBAL X E-COMMERCE ETF,Global X ETFs/USA,sub_strategy,Thematic,Broad,MEDIUM
EBUF US,INNOVATOR EMERGING MARKETS 10 BUFFER ETF - QUARTERLY,Innovator ETF Trust,mechanism,physical,options,HIGH
ECON US,COLUMBIA RESEARCH ENHANCED EMERGING ECONOMIES ETF,Columbia ETF Trust I,sub_strategy,Thematic,Broad,LOW
EDC US,DIREXION DAILY MSCI EMERGING MARKETS BULL 3X ETF,Direxion ETFs/USA,mechanism,physical,swap,HIGH
EDEN US,ISHARES MSCI DENMARK ETF,iShares Trust,sub_strategy,Broad,Sector,MEDIUM
EDGE US,MRBL ENHANCED EQUITY ETF,EA Series Trust,primary_strategy,Income,L&I,HIGH
EDGE US,MRBL ENHANCED EQUITY ETF,EA Series Trust,sub_strategy,Derivative Income > Covered Call,Long,HIGH
EDGE US,MRBL ENHANCED EQUITY ETF,EA Series Trust,mechanism,physical,swap,MEDIUM
EDGQ US,GLOBAL X NASDAQ-100 INCOME EDGE ETF,Global X ETFs/USA,mechanism,physical,options,MEDIUM
EDGX US,GLOBAL X US 500 INCOME EDGE ETF,Global X ETFs/USA,mechanism,physical,options,MEDIUM
EDOG US,ALPS EMERGING SECTOR DIVIDEND DOGS ETF,ALPS ETF Trust,sub_strategy,Sector,Broad,LOW
EDOW US,FIRST TRUST DOW 30 EQUAL WEIGHT ETF,First Trust Exchange-Traded Fu,sub_strategy,Broad,Sector,MEDIUM
EDZ US,DIREXION DAILY MSCI EMERGING MARKETS BEAR 3X ETF,Direxion ETFs/USA,mechanism,physical,swap,HIGH
EEE US,CYBER HORNET S&P 500 AND ETHEREUM 75/25 STRATEGY ETF,Cyber Hornet Trust,asset_class,Equity,Crypto,HIGH
EEE US,CYBER HORNET S&P 500 AND ETHEREUM 75/25 STRATEGY ETF,Cyber Hornet Trust,underlier_name,crypto + traditional asset,Ethereum,MEDIUM
EEE US,CYBER HORNET S&P 500 AND ETHEREUM 75/25 STRATEGY ETF,Cyber Hornet Trust,concentration,single,basket,MEDIUM
EEEE US,4E QUALITY GROWTH ETF,Tidal Trust III,sub_strategy,Style,Sector,MEDIUM
EELV US,INVESCO S&P EMERGING MARKETS LOW VOLATILITY ETF,Invesco Exchange-Traded Fund T,asset_class,Volatility,Equity,HIGH
EET US,PROSHARES ULTRA MSCI EMERGING MARKETS,ProShares Trust,direction,long,neutral,HIGH
EET US,PROSHARES ULTRA MSCI EMERGING MARKETS,ProShares Trust,mechanism,physical,swap,HIGH
EETH US,PROSHARES ETHER ETF,ProShares Trust,mechanism,physical,options,MEDIUM
EEV US,PROSHARES ULTRASHORT MSCI EMERGING MARKETS,ProShares Trust,sub_strategy,Short,Long,HIGH
EEV US,PROSHARES ULTRASHORT MSCI EMERGING MARKETS,ProShares Trust,direction,short,neutral,HIGH
EEV US,PROSHARES ULTRASHORT MSCI EMERGING MARKETS,ProShares Trust,mechanism,physical,swap,HIGH
EFAY US,DEFIANCE MSCI EAFE ENHANCED OPTIONS INCOME ETF,Tidal Trust II,asset_class,Multi-Asset,Equity,HIGH
EFAY US,DEFIANCE MSCI EAFE ENHANCED OPTIONS INCOME ETF,Tidal Trust II,primary_strategy,Risk Mgmt,Plain Beta,MEDIUM
EFAY US,DEFIANCE MSCI EAFE ENHANCED OPTIONS INCOME ETF,Tidal Trust II,sub_strategy,Alternatives,Broad,MEDIUM
EFG US,ISHARES MSCI EAFE GROWTH ETF,iShares Trust,sub_strategy,Style,Broad,MEDIUM
EFO US,PROSHARES ULTRA MSCI EAFE,ProShares Trust,direction,long,neutral,HIGH
EFO US,PROSHARES ULTRA MSCI EAFE,ProShares Trust,mechanism,physical,swap,HIGH
EFRA US,ISHARES ENVIRONMENTAL INFRASTRUCTURE AND INDUSTRIALS ETF,iShares Trust,sub_strategy,Thematic,Sector,MEDIUM
EFU US,PROSHARES ULTRASHORT MSCI EAFE,ProShares Trust,sub_strategy,Short,Long,HIGH
EFU US,PROSHARES ULTRASHORT MSCI EAFE,ProShares Trust,direction,short,neutral,HIGH
EFU US,PROSHARES ULTRASHORT MSCI EAFE,ProShares Trust,mechanism,physical,swap,HIGH
EFV US,ISHARES MSCI EAFE VALUE ETF,iShares Trust,sub_strategy,Style,Broad,MEDIUM
EFZ US,PROSHARES SHORT MSCI EAFE,ProShares Trust,mechanism,physical,swap,HIGH
EGGQ US,NESTYIELD VISIONARY ETF,Tidal Trust III,primary_strategy,Risk Mgmt,Plain Beta,HIGH
EGGQ US,NESTYIELD VISIONARY ETF,Tidal Trust III,sub_strategy,Alternatives,Broad,HIGH
EGGQ US,NESTYIELD VISIONARY ETF,Tidal Trust III,mechanism,physical,swap,HIGH
EGGS US,NESTYIELD TOTAL RETURN GUARD ETF,Tidal Trust III,primary_strategy,Income,Plain Beta,HIGH
EGGS US,NESTYIELD TOTAL RETURN GUARD ETF,Tidal Trust III,sub_strategy,Derivative Income > Covered Call,Broad,HIGH
EGGS US,NESTYIELD TOTAL RETURN GUARD ETF,Tidal Trust III,mechanism,physical,options,MEDIUM
EGGY US,NESTYIELD DYNAMIC INCOME ETF,Tidal Trust III,primary_strategy,Income,Plain Beta,LOW
EGGY US,NESTYIELD DYNAMIC INCOME ETF,Tidal Trust III,sub_strategy,Derivative Income > Covered Call,Broad,LOW
EGGY US,NESTYIELD DYNAMIC INCOME ETF,Tidal Trust III,mechanism,physical,swap,HIGH
EHCC US,GLOBAL X ETHEREUM COVERED CALL ETF,Global X ETFs/USA,concentration,single,basket,MEDIUM
EHCC US,GLOBAL X ETHEREUM COVERED CALL ETF,Global X ETFs/USA,mechanism,physical,options,MEDIUM
EHLS US,EVEN HERD LONG SHORT ETF,Tidal Trust II,mechanism,physical,options,MEDIUM
EHY US,AMPLIFY ETHEREUM MAX INCOME COVERED CALL ETF,Amplify ETF Trust,primary_strategy,Income,Plain Beta,HIGH
EHY US,AMPLIFY ETHEREUM MAX INCOME COVERED CALL ETF,Amplify ETF Trust,sub_strategy,Derivative Income > Covered Call,Single-Access,HIGH
EHY US,AMPLIFY ETHEREUM MAX INCOME COVERED CALL ETF,Amplify ETF Trust,mechanism,physical,options,MEDIUM
EINC US,VANECK ENERGY INCOME ETF,VanEck ETFs/USA,sub_strategy,Broad,Sector,MEDIUM
EIPI US,FT ENERGY INCOME PARTNERS ENHANCED INCOME ETF,First Trust Exchange-Traded Fu,sub_strategy,Broad,Sector,MEDIUM
EIPX US,FT ENERGY INCOME PARTNERS STRATEGY ETF,First Trust Exchange-Traded Fu,sub_strategy,Broad,Sector,MEDIUM
EJAN US,INNOVATOR EMERGING MARKETS POWER BUFFER ETF - JANUARY,Innovator ETF Trust,mechanism,physical,options,HIGH
EJUL US,INNOVATOR EMERGING MARKETS POWER BUFFER ETF - JULY,Innovator ETF Trust,mechanism,physical,options,HIGH
EKG US,FIRST TRUST NASDAQ LUX DIGITAL HEALTH SOLUTIONS ETF,First Trust Exchange-Traded Fu,sub_strategy,Thematic,Sector,MEDIUM
ELCV US,EVENTIDE HIGH DIVIDEND ETF,Strategy Shares Inc/Eventide A,sub_strategy,Style,Broad,LOW
ELFY US,ALPS ELECTRIFICATION INFRASTRUCTURE ETF,ALPS ETF Trust,sub_strategy,Thematic,Broad,LOW
ELIL US,DIREXION DAILY LLY BULL 2X ETF,Direxion ETFs/USA,underlier_name,LLY US,LLY,HIGH
ELIL US,DIREXION DAILY LLY BULL 2X ETF,Direxion ETFs/USA,mechanism,physical,swap,HIGH
ELM US,ELM MARKET NAVIGATOR ETF,Series Portfolios Trust,sub_strategy,Allocation,Broad,HIGH
EMCR US,XTRACKERS EMERGING MARKETS CARBON REDUCTION AND CLIMATE IMPROVERS ETF,DWS Xtrackers ETFs/USA,sub_strategy,Thematic,Broad,LOW
EMDM US,FIRST TRUST BLOOMBERG EMERGING MARKET DEMOCRACIES ETF,First Trust Exchange-Traded Fu,sub_strategy,Thematic,Broad,MEDIUM
EMET US,VANECK COPPER AND GREEN METALS ETF,VanEck ETFs/USA,asset_class,Commodity,Equity,HIGH
EMET US,VANECK COPPER AND GREEN METALS ETF,VanEck ETFs/USA,sub_strategy,Broad,Sector,MEDIUM
EMIF US,ISHARES EMERGING MARKETS INFRASTRUCTURE ETF,iShares Trust,sub_strategy,Thematic,Broad,LOW
EMLC US,VANECK J. P. MORGAN EM LOCAL CURRENCY BOND ETF,VanEck ETFs/USA,asset_class,Fixed Income,Currency,HIGH
EMLP US,FIRST TRUST NORTH AMERICAN ENERGY INFRASTRUCTURE FUND,First Trust Exchange-Traded Fu,sub_strategy,Thematic,Sector,MEDIUM
EMPB US,EFFICIENT MARKET PORTFOLIO PLUS ETF,EA Series Trust,primary_strategy,Risk Mgmt,Plain Beta,HIGH
EMPB US,EFFICIENT MARKET PORTFOLIO PLUS ETF,EA Series Trust,sub_strategy,Alternatives,Broad,HIGH
EMPB US,EFFICIENT MARKET PORTFOLIO PLUS ETF,EA Series Trust,mechanism,physical,options,MEDIUM
EMQQ US,EMERGING MARKETS INTERNET ETF/THE,Exchange-Traded Concepts ETFs/,sub_strategy,Thematic,Broad,LOW
EMSF US,MATTHEWS EMERGING MARKETS SUSTAINABLE FUTURE ACTIVE ETF,Matthews International Funds,sub_strategy,Broad,Thematic,MEDIUM
EMTY US,PROSHARES DECLINE OF THE RETAIL STORE ETF,ProShares Trust,sub_strategy,Short,Long,HIGH
EMTY US,PROSHARES DECLINE OF THE RETAIL STORE ETF,ProShares Trust,direction,short,neutral,HIGH
EMTY US,PROSHARES DECLINE OF THE RETAIL STORE ETF,ProShares Trust,mechanism,physical,swap,HIGH
ENDW US,CAMBRIA ENDOWMENT STYLE ETF,EA Series Trust/Empowered Fund,sub_strategy,Allocation,Broad,HIGH
ENFR US,ALERIAN ENERGY INFRASTRUCTURE ETF,ALPS ETF Trust,sub_strategy,Thematic,Sector,MEDIUM
ENRG US,NINEPOINT ENERGY ETF,Tidal Trust III,sub_strategy,Broad,Sector,MEDIUM
EOCT US,INNOVATOR EMERGING MARKETS POWER BUFFER ETF-OCTOBER,Innovator ETF Trust,mechanism,physical,options,HIGH
EOSU US,T-REX 2X LONG EOSE DAILY TARGET ETF,ETF Opportunities Trust/REX Sh,underlier_name,EOSE US,EOSE,HIGH
EOSU US,T-REX 2X LONG EOSE DAILY TARGET ETF,ETF Opportunities Trust/REX Sh,mechanism,physical,swap,HIGH
EOSX US,DEFIANCE LEVERAGED LONG EOSE ETF,Tidal Trust II,primary_strategy,Plain Beta,L&I,HIGH
EOSX US,DEFIANCE LEVERAGED LONG EOSE ETF,Tidal Trust II,sub_strategy,Broad,Long,HIGH
EOSX US,DEFIANCE LEVERAGED LONG EOSE ETF,Tidal Trust II,mechanism,physical,swap,MEDIUM
EPOL US,ISHARES MSCI POLAND ETF,iShares Trust,sub_strategy,Broad,Sector,MEDIUM
EPV US,PROSHARES ULTRASHORT FTSE EUROPE,ProShares Trust,sub_strategy,Short,Long,HIGH
EPV US,PROSHARES ULTRASHORT FTSE EUROPE,ProShares Trust,direction,short,neutral,HIGH
EPV US,PROSHARES ULTRASHORT FTSE EUROPE,ProShares Trust,mechanism,physical,swap,HIGH
EQL US,ALPS EQUAL SECTOR WEIGHT ETF,ALPS ETF Trust,sub_strategy,Sector,Broad,LOW
ERET US,ISHARES ENVIRONMENTALLY AWARE REAL ESTATE ETF,iShares Trust,sub_strategy,Thematic,Sector,MEDIUM
ERX US,DIREXION DAILY ENERGY BULL 2X ETF,Direxion ETFs/USA,mechanism,physical,swap,HIGH
ERY US,DIREXION DAILY ENERGY BEAR 2X ETF,Direxion ETFs/USA,mechanism,physical,swap,HIGH
ESBG US,FIRST TRUST ENHANCED STOCKS BONDS & GOLD ETF,First Trust Exchange-Traded Fu,asset_class,Commodity,Multi-Asset,HIGH
ESBG US,FIRST TRUST ENHANCED STOCKS BONDS & GOLD ETF,First Trust Exchange-Traded Fu,mechanism,physical,options,MEDIUM
ESPO US,VANECK VIDEO GAMING AND ESPORTS ETF,VanEck ETFs/USA,sub_strategy,Thematic,Sector,MEDIUM
ETCO US,GRAYSCALE ETHEREUM COVERED CALL ETF,Grayscale Investments LLC/USA,primary_strategy,Income,Plain Beta,HIGH
ETCO US,GRAYSCALE ETHEREUM COVERED CALL ETF,Grayscale Investments LLC/USA,sub_strategy,Derivative Income > Covered Call,Single-Access,HIGH
ETCO US,GRAYSCALE ETHEREUM COVERED CALL ETF,Grayscale Investments LLC/USA,mechanism,physical,options,MEDIUM
ETEC US,ISHARES BREAKTHROUGH ENVIRONMENTAL SOLUTIONS ETF,iShares Trust,sub_strategy,Thematic,Broad,LOW
ETHB US,ISHARES STAKED ETHEREUM TRUST ETF,iShares Delaware Trust Sponsor,concentration,single,basket,MEDIUM
ETHD US,PROSHARES ULTRASHORT ETHER ETF,ProShares Trust,sub_strategy,Short,Long,HIGH
ETHD US,PROSHARES ULTRASHORT ETHER ETF,ProShares Trust,direction,short,neutral,HIGH
ETHD US,PROSHARES ULTRASHORT ETHER ETF,ProShares Trust,underlier_name,XETUSD Curncy,Ethereum,HIGH
ETHD US,PROSHARES ULTRASHORT ETHER ETF,ProShares Trust,mechanism,physical,swap,HIGH
ETHO US,AMPLIFY ETHO CLIMATE LEADERSHIP US ETF,Amplify ETF Trust,sub_strategy,Thematic,Broad,LOW
ETHT US,PROSHARES ULTRA ETHER ETF,ProShares Trust,direction,long,neutral,HIGH
ETHT US,PROSHARES ULTRA ETHER ETF,ProShares Trust,underlier_name,XETUSD Curncy,Ethereum,HIGH
ETHT US,PROSHARES ULTRA ETHER ETF,ProShares Trust,mechanism,physical,swap,HIGH
ETHU US,2X ETHER ETF,Volatility Shares Trust,direction,long,neutral,HIGH
ETHU US,2X ETHER ETF,Volatility Shares Trust,underlier_name,XETUSD Curncy,Ethereum,HIGH
ETHU US,2X ETHER ETF,Volatility Shares Trust,mechanism,physical,swap,MEDIUM
ETRL US,GRANITESHARES 2X LONG ETOR DAILY ETF,GraniteShares ETF Trust,underlier_name,ETOR US,ETOR,HIGH
ETRL US,GRANITESHARES 2X LONG ETOR DAILY ETF,GraniteShares ETF Trust,mechanism,physical,swap,HIGH
ETTY US,AMPLIFY ETHEREUM 3% MONTHLY OPTION INCOME ETF,Amplify ETF Trust,primary_strategy,Income,Plain Beta,HIGH
ETTY US,AMPLIFY ETHEREUM 3% MONTHLY OPTION INCOME ETF,Amplify ETF Trust,sub_strategy,Derivative Income > Covered Call,Single-Access,HIGH
ETTY US,AMPLIFY ETHEREUM 3% MONTHLY OPTION INCOME ETF,Amplify ETF Trust,mechanism,physical,options,MEDIUM
ETU US,T-REX 2X LONG ETHER DAILY TARGET ETF,ETF Opportunities Trust/REX Sh,underlier_name,XETUSD Curncy,Ethereum,HIGH
ETU US,T-REX 2X LONG ETHER DAILY TARGET ETF,ETF Opportunities Trust/REX Sh,mechanism,physical,swap,HIGH
EUAD US,SELECT STOXX EUROPE AEROSPACE & DEFENSE ETF,Spinnaker ETF Trust,sub_strategy,Thematic,Broad,MEDIUM
EUDG US,WISDOMTREE TRUST-WISDOMTREE EUROPE QUALITY DIVIDEND GROWTH FUND,WisdomTree ETFs/USA,sub_strategy,Style,Broad,MEDIUM
EUFN US,ISHARES MSCI EUROPE FINANCIALS ETF,iShares Trust,sub_strategy,Broad,Sector,MEDIUM
EUHY US,ISHARES EURO HIGH YIELD CORPORATE BOND USD HEDGED ETF,iShares Inc,asset_class,Fixed Income,Currency,HIGH
EUIG US,ISHARES EURO INVESTMENT GRADE CORPORATE BOND USD HEDGED ETF,iShares Trust,asset_class,Fixed Income,Currency,HIGH
EUM US,PROSHARES SHORT MSCI EMERGING MARKETS,ProShares Trust,mechanism,physical,swap,HIGH
EUO US,PROSHARES ULTRASHORT EURO,ProShares Trust II,asset_class,Multi-Asset,Currency,HIGH
EUO US,PROSHARES ULTRASHORT EURO,ProShares Trust II,sub_strategy,Short,Long,HIGH
EUO US,PROSHARES ULTRASHORT EURO,ProShares Trust II,direction,short,neutral,HIGH
EUO US,PROSHARES ULTRASHORT EURO,ProShares Trust II,underlier_name,EURUSD Curncy,EURUSD,HIGH
EUO US,PROSHARES ULTRASHORT EURO,ProShares Trust II,mechanism,physical,swap,HIGH
EURL US,DIREXION DAILY FTSE EUROPE BULL 3X ETF,Direxion ETFs/USA,mechanism,physical,swap,HIGH
EVMT US,INVESCO ELECTRIC VEHICLE METALS COMMODITY STRATEGY NO K-1 ETF,Invesco Actively Managed Excha,mechanism,physical,swap,HIGH
EVNT US,ALTSHARES EVENT-DRIVEN ETF,AltShares Trust,primary_strategy,Risk Mgmt,Plain Beta,HIGH
EVNT US,ALTSHARES EVENT-DRIVEN ETF,AltShares Trust,sub_strategy,Alternatives,Broad,HIGH
EVX US,VANECK ENVIRONMENTAL SERVICES ETF,VanEck ETFs/USA,sub_strategy,Thematic,Broad,LOW
EWJV US,ISHARES MSCI JAPAN VALUE ETF,iShares Trust,sub_strategy,Style,Broad,MEDIUM
EWV US,PROSHARES ULTRASHORT MSCI JAPAN,ProShares Trust,sub_strategy,Short,Long,HIGH
EWV US,PROSHARES ULTRASHORT MSCI JAPAN,ProShares Trust,direction,short,neutral,HIGH
EWV US,PROSHARES ULTRASHORT MSCI JAPAN,ProShares Trust,mechanism,physical,swap,HIGH
EWY US,ISHARES MSCI SOUTH KOREA ETF,iShares Inc,sub_strategy,Broad,Sector,MEDIUM
EX US,HASHDEX ETHEREUM STRATEGY ETF,Strategic Trust,primary_strategy,L&I,Plain Beta,HIGH
EX US,HASHDEX ETHEREUM STRATEGY ETF,Strategic Trust,sub_strategy,Long,Single-Access,HIGH
EX US,HASHDEX ETHEREUM STRATEGY ETF,Strategic Trust,mechanism,swap,physical,MEDIUM
EZJ US,PROSHARES ULTRA MSCI JAPAN,ProShares Trust,direction,long,neutral,HIGH
EZJ US,PROSHARES ULTRA MSCI JAPAN,ProShares Trust,mechanism,physical,swap,HIGH
EZMO US,ALPHADROID BROAD MARKETS MOMENTUM ETF,Listed Funds Trust/Teucrium In,sub_strategy,Style,Broad,HIGH
EZPZ US,FRANKLIN CRYPTO INDEX ETF,Franklin Crypto Trust,underlier_name,multi-token crypto,CFIDAX,MEDIUM
EZPZ US,FRANKLIN CRYPTO INDEX ETF,Franklin Crypto Trust,concentration,single,basket,MEDIUM
EZRO US,ALPHADROID DEFENSIVE SECTOR ROTATION ETF,Listed Funds Trust/Teucrium In,sub_strategy,Sector,Broad,HIGH
FAAA US,FIDELITY AAA CLO ETF,Fidelity Merrimack Street Trus,mechanism,physical,options,MEDIUM
FAAR US,FIRST TRUST ALTERNATIVE ABSOLUTE RETURN STRATEGY ETF,First Trust Exchange-Traded Fu,primary_strategy,Risk Mgmt,Plain Beta,HIGH
FAAR US,FIRST TRUST ALTERNATIVE ABSOLUTE RETURN STRATEGY ETF,First Trust Exchange-Traded Fu,sub_strategy,Alternatives,Broad,HIGH
FAAR US,FIRST TRUST ALTERNATIVE ABSOLUTE RETURN STRATEGY ETF,First Trust Exchange-Traded Fu,mechanism,physical,options,MEDIUM
FAN US,FIRST TRUST GLOBAL WIND ENERGY ETF,First Trust Exchange-Traded Fu,sub_strategy,Thematic,Sector,MEDIUM
FAPR US,FT VEST US EQUITY BUFFER ETF - APRIL,First Trust Exchange-Traded Fu,mechanism,physical,options,HIGH
FARX US,FRONTIER ASSET ABSOLUTE RETURN ETF,Frontier ETFs/USA,sub_strategy,Allocation,Broad,HIGH
FAS US,DIREXION DAILY FINANCIAL BULL 3X ETF,Direxion ETFs/USA,mechanism,physical,swap,HIGH
FAUG US,FT VEST US EQUITY BUFFER ETF - AUGUST,First Trust Exchange-Traded Fu,mechanism,physical,options,HIGH
FAZ US,DIREXION DAILY FINANCIAL BEAR 3X ETF,Direxion ETFs/USA,mechanism,physical,swap,HIGH
FB US,PROSHARES S&P 500 DYNAMIC BUFFER ETF,ProShares Trust,mechanism,physical,swap,HIGH
FBDC US,FT CONFLUENCE BDC & SPECIALTY FINANCE INCOME ETF,First Trust Exchange-Traded Fu,asset_class,Equity,Multi-Asset,HIGH
FBDC US,FT CONFLUENCE BDC & SPECIALTY FINANCE INCOME ETF,First Trust Exchange-Traded Fu,mechanism,physical,options,HIGH
FBL US,GRANITESHARES 2X LONG META DAILY ETF,GraniteShares ETF Trust,underlier_name,META US,META,HIGH
FBL US,GRANITESHARES 2X LONG META DAILY ETF,GraniteShares ETF Trust,mechanism,physical,swap,HIGH
FBUF US,FIDELITY DYNAMIC BUFFERED EQUITY ETF,Fidelity Greenwood Street Trus,mechanism,physical,options,HIGH
FBY US,YIELDMAX META OPTION INCOME STRATEGY ETF,Tidal Trust II,underlier_name,META US,META,HIGH
FBY US,YIELDMAX META OPTION INCOME STRATEGY ETF,Tidal Trust II,mechanism,physical,options,HIGH
FBYY US,GRANITESHARES YIELDBOOST META ETF,GraniteShares ETF Trust,concentration,single,basket,MEDIUM
FBYY US,GRANITESHARES YIELDBOOST META ETF,GraniteShares ETF Trust,mechanism,physical,options,HIGH
FCEF US,FIRST TRUST INCOME OPPORTUNITIES ETF,First Trust Exchange-Traded Fu,sub_strategy,Allocation,Broad,HIGH
FCFY US,FIRST TRUST S&P 500 DIVERSIFIED FREE CASH FLOW ETF,First Trust Exchange-Traded Fu,sub_strategy,Style,Broad,LOW
FCG US,FIRST TRUST NATURAL GAS ETF,First Trust Exchange-Traded Fu,asset_class,Commodity,Equity,HIGH
FCLO US,FIDELITY CLO ETF,Fidelity Covington Trust,mechanism,physical,options,MEDIUM
FCOM US,FIDELITY MSCI COMMUNICATION SERVICES INDEX ETF,Fidelity Covington Trust,sub_strategy,Broad,Sector,MEDIUM
FCPI US,FIDELITY STOCKS FOR INFLATION ETF,Fidelity Covington Trust,sub_strategy,Thematic,Broad,LOW
FCXG US,LEVERAGE SHARES 2X LONG FCX DAILY ETF,Themes ETF Trust,mechanism,physical,swap,HIGH
FDAT US,TACTICAL ADVANTAGE ETF,Tidal Trust II,sub_strategy,Allocation,Broad,HIGH
FDEC US,FT VEST US EQUITY BUFFER ETF - DECEMBER,First Trust Exchange-Traded Fu,mechanism,physical,options,HIGH
FDFF US,FIDELITY DISRUPTIVE FINANCE ETF,Fidelity Covington Trust,sub_strategy,Thematic,Single-Access,MEDIUM
FDIG US,FIDELITY CRYPTO INDUSTRY AND DIGITAL PAYMENTS ETF,Fidelity Covington Trust,asset_class,Equity,Crypto,HIGH
FDIG US,FIDELITY CRYPTO INDUSTRY AND DIGITAL PAYMENTS ETF,Fidelity Covington Trust,underlier_name,multi-token crypto,FIDGLCDN,MEDIUM
FDIG US,FIDELITY CRYPTO INDUSTRY AND DIGITAL PAYMENTS ETF,Fidelity Covington Trust,concentration,single,basket,MEDIUM
FDIG US,FIDELITY CRYPTO INDUSTRY AND DIGITAL PAYMENTS ETF,Fidelity Covington Trust,mechanism,physical,swap,HIGH
FDLO US,FIDELITY LOW VOLATILITY FACTOR ETF,Fidelity Covington Trust,sub_strategy,Style,Broad,LOW
FDND US,FT VEST DOW JONES INTERNET & TARGET INCOME ETF,First Trust Exchange-Traded Fu,primary_strategy,Income,Plain Beta,LOW
FDND US,FT VEST DOW JONES INTERNET & TARGET INCOME ETF,First Trust Exchange-Traded Fu,sub_strategy,Derivative Income > Covered Call,Broad,LOW
FDRS US,FOUNDER-LED ETF,Corgi ETF Trust I,sub_strategy,Broad,Sector,MEDIUM
FDRS US,FOUNDER-LED ETF,Corgi ETF Trust I,mechanism,physical,options,MEDIUM
FDRX US,FOUNDER-LED 2X DAILY ETF,Corgi ETF Trust I,direction,long,neutral,HIGH
FDRX US,FOUNDER-LED 2X DAILY ETF,Corgi ETF Trust I,underlier_name,FDRTR Index,FDRI,MEDIUM
FDRX US,FOUNDER-LED 2X DAILY ETF,Corgi ETF Trust I,concentration,single,basket,MEDIUM
FDRX US,FOUNDER-LED 2X DAILY ETF,Corgi ETF Trust I,mechanism,physical,swap,HIGH
FDVV US,FIDELITY HIGH DIVIDEND ETF,Fidelity Covington Trust,sub_strategy,Style,Broad,LOW
FEAT US,YIELDMAX DORSEY WRIGHT FEATURED 5 INCOME ETF,Tidal Trust II,mechanism,physical,options,HIGH
FEBM US,FT VEST US EQUITY MAX BUFFER ETF - FEBRUARY,First Trust Exchange-Traded Fu,mechanism,physical,options,HIGH
FEBP US,PGIM S&P 500 BUFFER 12 ETF - FEBRUARY,PGIM Rock ETF Trust,mechanism,physical,options,HIGH
FEBP US,PGIM S&P 500 BUFFER 12 ETF - FEBRUARY,PGIM Rock ETF Trust,buffer_pct,12.0,500.0,HIGH
FEBT US,ALLIANZIM US EQUITY BUFFER10 FEB ETF,AIM ETF Products Trust,mechanism,physical,options,HIGH
FEBU US,ALLIANZIM US EQUITY BUFFER15 UNCAPPED FEB ETF,AIM ETF Products Trust,mechanism,physical,options,HIGH
FEBW US,ALLIANZIM US EQ BUFFER20 FEB,AIM ETF Products Trust,mechanism,physical,options,HIGH
FEBZ US,ELEVATION SERIES TRUST - TRUESHARES STRUCTURED OUTCOME FEBRUARY ETF,Elevation Series Trust,primary_strategy,Defined Outcome,Plain Beta,LOW
FEBZ US,ELEVATION SERIES TRUST - TRUESHARES STRUCTURED OUTCOME FEBRUARY ETF,Elevation Series Trust,sub_strategy,Buffer,Broad,LOW
FEGI LN,REX TECH INNOVATION INCOME & GROWTH UCITS ETF,Hanetf II Icav,primary_strategy,Income,Plain Beta,MEDIUM
FEGI LN,REX TECH INNOVATION INCOME & GROWTH UCITS ETF,Hanetf II Icav,sub_strategy,Derivative Income > Covered Call,Thematic,MEDIUM
FEGI LN,REX TECH INNOVATION INCOME & GROWTH UCITS ETF,Hanetf II Icav,mechanism,physical,options,MEDIUM
FEMB US,FIRST TRUST EMERGING MARKETS LOCAL CURRENCY BOND ETF,First Trust Exchange-Traded Fu,asset_class,Fixed Income,Currency,HIGH
FENY US,FIDELITY MSCI ENERGY INDEX ETF,Fidelity Covington Trust,sub_strategy,Broad,Sector,MEDIUM
FEPI LN,REX TECH INNOVATION PREMIUM INCOME UCITS ETF,Hanetf II Icav,mechanism,physical,options,HIGH
FEPI US,REX FANG & INNOVATION EQUITY PREMIUM INCOME ETF,Rex Shares/ETF Opportunities T,mechanism,physical,options,HIGH
FFEB US,FT VEST US EQUITY BUFFER ETF - FEBRUARY,First Trust Exchange-Traded Fu,mechanism,physical,options,HIGH
FFLS US,FUTURE FUND LONG/SHORT ETF/THE,Northern Lights Fund Trust II/,primary_strategy,Risk Mgmt,Plain Beta,HIGH
FFLS US,FUTURE FUND LONG/SHORT ETF/THE,Northern Lights Fund Trust II/,sub_strategy,Alternatives,Broad,HIGH
FFLS US,FUTURE FUND LONG/SHORT ETF/THE,Northern Lights Fund Trust II/,mechanism,physical,options,MEDIUM
FFND US,ONE GLOBAL ETF,Northern Lights Fund Trust II/,sub_strategy,Broad,Thematic,MEDIUM
FFOX US,FUNDX FUTURE FUND OPPORTUNITIES ETF,FundX Investment Trust,sub_strategy,Broad,Thematic,MEDIUM
FFUT US,FIDELITY MANAGED FUTURES ETF,Fidelity Greenwood Street Trus,primary_strategy,Risk Mgmt,Plain Beta,HIGH
FFUT US,FIDELITY MANAGED FUTURES ETF,Fidelity Greenwood Street Trus,sub_strategy,Trend / Managed Futures,Broad,HIGH
FFUT US,FIDELITY MANAGED FUTURES ETF,Fidelity Greenwood Street Trus,mechanism,physical,swap,HIGH
FGRU US,T-REX 2X LONG FIGR DAILY TARGET ETF,ETF Opportunities Trust/REX Sh,mechanism,physical,swap,HIGH
FGSI US,FT VEST GROWTH STRENGTH & TARGET INCOME ETF,First Trust Exchange-Traded Fu,primary_strategy,Income,Plain Beta,LOW
FGSI US,FT VEST GROWTH STRENGTH & TARGET INCOME ETF,First Trust Exchange-Traded Fu,sub_strategy,Derivative Income > Covered Call,Style,LOW
FHDG US,FT VEST US EQUITY QUARTERLY DYNAMIC BUFFER ETF,First Trust Exchange-Traded Fu,mechanism,physical,options,HIGH
FHEQ US,FIDELITY HEDGED EQUITY ETF,Fidelity Greenwood Street Trus,primary_strategy,Risk Mgmt,Plain Beta,LOW
FHEQ US,FIDELITY HEDGED EQUITY ETF,Fidelity Greenwood Street Trus,sub_strategy,Hedged Equity,Broad,LOW
FHLC US,FIDELITY MSCI HEALTH CARE INDEX ETF,Fidelity Covington Trust,sub_strategy,Broad,Sector,MEDIUM
FIAT US,YIELDMAX SHORT COIN OPTION INCOME STRATEGY ETF,Tidal Trust II,underlier_name,COIN US,COIN,HIGH
FIAT US,YIELDMAX SHORT COIN OPTION INCOME STRATEGY ETF,Tidal Trust II,mechanism,physical,options,HIGH
FIAX US,NICHOLAS FIXED INCOME ALTERNATIVE ETF,Tidal Trust II,asset_class,Fixed Income,Multi-Asset,HIGH
FID US,FIRST TRUST S&P INTERNATIONAL DIVIDEND ARISTOCRATS ETF,First Trust Exchange-Traded Fu,sub_strategy,Style,Broad,MEDIUM
FIDI US,FIDELITY INTERNATIONAL HIGH DIVIDEND ETF,Fidelity Covington Trust,sub_strategy,Style,Broad,MEDIUM
FIEGF US,FI ENHANCED GLOBAL HIGH YIELD ETN LINKED TO MSCI WORLD HIGH DIVIDEND YIELD USD,DB AG ETNs/USA,direction,long,neutral,HIGH
FIEGF US,FI ENHANCED GLOBAL HIGH YIELD ETN LINKED TO MSCI WORLD HIGH DIVIDEND YIELD USD,DB AG ETNs/USA,mechanism,physical,swap,MEDIUM
FIGG US,LEVERAGE SHARES 2X LONG FIG DAILY ETF,Themes ETF Trust,underlier_name,FIG US,FIG,HIGH
FIGG US,LEVERAGE SHARES 2X LONG FIG DAILY ETF,Themes ETF Trust,mechanism,physical,swap,HIGH
FIHQ US,DB FI ENHANCED GLOBAL HIGH YIELD ETN,DB ETNs/USA,asset_class,Fixed Income,Equity,HIGH
FIHQ US,DB FI ENHANCED GLOBAL HIGH YIELD ETN,DB ETNs/USA,primary_strategy,Plain Beta,L&I,HIGH
FIHQ US,DB FI ENHANCED GLOBAL HIGH YIELD ETN,DB ETNs/USA,sub_strategy,Broad,Long,HIGH
FIHQ US,DB FI ENHANCED GLOBAL HIGH YIELD ETN,DB ETNs/USA,mechanism,physical,swap,MEDIUM
FISR US,STATE STREET FIXED INCOME SECTOR ROTATION ETF,SSGA Active Trust,sub_strategy,Sector,Broad,HIGH
FITE US,STATE STREET SPDR S&P KENSHO FUTURE SECURITY ETF,SPDR Series Trust,sub_strategy,Broad,Thematic,MEDIUM
FIVA US,FIDELITY INTERNATIONAL VALUE FACTOR ETF,Fidelity Covington Trust,sub_strategy,Style,Broad,MEDIUM
FIVY US,YIELDMAX DORSEY WRIGHT HYBRID 5 INCOME ETF,Tidal Trust II,mechanism,physical,options,HIGH
FIW US,FIRST TRUST WATER ETF,First Trust Exchange-Traded Fu,sub_strategy,Thematic,Broad,LOW
FIXP US,FOLIOBEYOND ENHANCED FIXED INCOME PREMIUM ETF,Tidal Trust I,mechanism,physical,options,MEDIUM
FIYY US,GRANITESHARES YIELDBOOST 20Y+ TREASURIES ETF,GraniteShares ETF Trust,asset_class,Multi-Asset,Fixed Income,HIGH
FIYY US,GRANITESHARES YIELDBOOST 20Y+ TREASURIES ETF,GraniteShares ETF Trust,mechanism,physical,options,HIGH
FJAN US,FT VEST U.S. EQUITY BUFFER ETF - JANUARY,First Trust Exchange-Traded Fu,mechanism,physical,options,HIGH
FJUL US,FT VEST US EQUITY BUFFER ETF - JULY,First Trust Exchange-Traded Fu,mechanism,physical,options,HIGH
FJUN US,FT VEST US EQUITY BUFFER ETF - JUNE,First Trust Exchange-Traded Fu,mechanism,physical,options,HIGH
FLAO US,ALLIANZIM US EQUITY 6 MONTH FLOOR5 APR/OCT ETF,AIM ETF Products Trust,mechanism,physical,options,HIGH
FLJJ US,ALLIANZIM US EQUITY 6 MONTH FLOOR5 JAN/JUL ETF,AIM ETF Products Trust,mechanism,physical,options,HIGH
FLRT US,PACER ARISTOTLE PACIFIC FLOATING RATE HIGH INCOME ETF,Pacer ETFs/USA,mechanism,physical,options,MEDIUM
FLSP US,FRANKLIN SYSTEMATIC STYLE PREMIA ETF,Franklin Templeton ETF Trust,primary_strategy,Risk Mgmt,Plain Beta,HIGH
FLSP US,FRANKLIN SYSTEMATIC STYLE PREMIA ETF,Franklin Templeton ETF Trust,sub_strategy,Alternatives,Broad,HIGH
FLSP US,FRANKLIN SYSTEMATIC STYLE PREMIA ETF,Franklin Templeton ETF Trust,mechanism,physical,options,MEDIUM
FLXN US,HORIZON FLEXIBLE INCOME ETF,Horizon Funds,mechanism,physical,options,MEDIUM
FLYD US,MICROSECTORS TRAVEL 3X INVERSE LEVERAGED ETN,BMO ETNs/United States,concentration,single,basket,MEDIUM
FLYD US,MICROSECTORS TRAVEL 3X INVERSE LEVERAGED ETN,BMO ETNs/United States,mechanism,physical,swap,MEDIUM
FLYT US,TRADR 2X LONG FLY DAILY ETF,Investment Managers Series Tru,underlier_name,FLY US,FLY,HIGH
FLYT US,TRADR 2X LONG FLY DAILY ETF,Investment Managers Series Tru,mechanism,physical,swap,HIGH
FLYU US,MICROSECTORS TRAVEL 3X LEVERAGED ETN,BMO ETNs/United States,direction,long,neutral,HIGH
FLYU US,MICROSECTORS TRAVEL 3X LEVERAGED ETN,BMO ETNs/United States,concentration,single,basket,MEDIUM
FLYU US,MICROSECTORS TRAVEL 3X LEVERAGED ETN,BMO ETNs/United States,mechanism,physical,swap,MEDIUM
FMAR US,FT VEST US EQUITY BUFFER ETF - MARCH,First Trust Exchange-Traded Fu,mechanism,physical,options,HIGH
FMAT US,FIDELITY MSCI MATERIALS INDEX ETF,Fidelity Covington Trust,sub_strategy,Broad,Sector,MEDIUM
FMAY US,FT VEST US EQUITY BUFFER ETF - MAY,First Trust Exchange-Traded Fu,mechanism,physical,options,HIGH
FMET US,FIDELITY METAVERSE ETF,Fidelity Covington Trust,mechanism,physical,swap,HIGH
FMF US,FIRST TRUST MANAGED FUTURES STRATEGY FUND,First Trust Exchange-Traded Fu,primary_strategy,Risk Mgmt,Plain Beta,HIGH
FMF US,FIRST TRUST MANAGED FUTURES STRATEGY FUND,First Trust Exchange-Traded Fu,sub_strategy,Trend / Managed Futures,Broad,HIGH
FMKT US,THE FREE MARKETS ETF,Tidal Trust III,sub_strategy,Single-Access,Broad,LOW
FMKT US,THE FREE MARKETS ETF,Tidal Trust III,concentration,single,basket,MEDIUM
FMQQ US,FMQQ THE NEXT FRONTIER INTERNET ETF,Exchange-Traded Concepts ETFs/,sub_strategy,Thematic,Broad,MEDIUM
FMTL US,FIRST TRUST INDXX CRITICAL METALS ETF,First Trust Exchange-Traded Fu,sub_strategy,Broad,Sector,MEDIUM
FNGD US,MICROSECTORS FANG+ INDEX -3X INVERSE LEVERAGED ETNS DUE JANUARY 8 2038,BMO ETNs/United States,concentration,single,basket,MEDIUM
FNGD US,MICROSECTORS FANG+ INDEX -3X INVERSE LEVERAGED ETNS DUE JANUARY 8 2038,BMO ETNs/United States,mechanism,physical,swap,MEDIUM
FNGG US,DIREXION DAILY NYSE FANG+ BULL 2X ETF,Direxion ETFs/USA,mechanism,physical,swap,HIGH
FNGO US,MICROSECTORS FANG INDEX 2X LEVERAGED ETN,BMO ETNs/United States,direction,long,neutral,HIGH
FNGO US,MICROSECTORS FANG INDEX 2X LEVERAGED ETN,BMO ETNs/United States,concentration,single,basket,MEDIUM
FNGO US,MICROSECTORS FANG INDEX 2X LEVERAGED ETN,BMO ETNs/United States,mechanism,physical,swap,MEDIUM
FNGS US,MICROSECTORS FANG+ ETNS,BMO ETNs/United States,primary_strategy,L&I,Plain Beta,MEDIUM
FNGS US,MICROSECTORS FANG+ ETNS,BMO ETNs/United States,sub_strategy,Long,Sector,MEDIUM
FNGU US,MICROSECTORS FANG+ 3X LEVERAGED ETN,BMO ETNs/United States,direction,long,neutral,HIGH
FNGU US,MICROSECTORS FANG+ 3X LEVERAGED ETN,BMO ETNs/United States,concentration,single,basket,MEDIUM
FNGU US,MICROSECTORS FANG+ 3X LEVERAGED ETN,BMO ETNs/United States,mechanism,physical,swap,MEDIUM
FNOV US,FT VEST US EQUITY BUFFER ETF - NOVEMBER,First Trust Exchange-Traded Fu,mechanism,physical,options,HIGH
FOCT US,FT VEST US EQUITY BUFFER ETF - OCTOBER,First Trust Exchange-Traded Fu,mechanism,physical,options,HIGH
FOWF US,PACER SOLACTIVE WHITNEY FUTURE OF WARFARE ETF,Pacer ETFs/USA,sub_strategy,Broad,Thematic,MEDIUM
FPAS US,FPA SHORT DURATION GOVERNMENT ETF,Investment Managers Series Tru,mechanism,physical,options,MEDIUM
FPX US,FIRST TRUST US EQUITY OPPORTUNITIES ETF,First Trust Exchange-Traded Fu,sub_strategy,Thematic,Broad,LOW
FPXE US,FIRST TRUST IPOX EUROPE EQUITY OPPORTUNITIES ETF,First Trust Exchange-Traded Fu,sub_strategy,Thematic,Broad,MEDIUM
FPXI US,FIRST TRUST INTERNATIONAL EQUITY OPPORTUNITIES ETF,First Trust Exchange-Traded Fu,sub_strategy,Thematic,Broad,MEDIUM
FRGN US,HORIZON INTERNATIONAL EQUITY ETF,Horizon Funds,mechanism,physical,options,MEDIUM
FRWD US,NOMURA TRANSFORMATIONAL TECHNOLOGIES ETF,Nomura ETF Trust,sub_strategy,Broad,Sector,MEDIUM
FSEP US,FT VEST US EQUITY BUFFER ETF - SEPTEMBER,First Trust Exchange-Traded Fu,mechanism,physical,options,HIGH
FTAG US,FIRST TRUST INDXX GLOBAL AGRICULTURE ETF,First Trust Exchange-Traded Fu,sub_strategy,Thematic,Broad,MEDIUM
FTBD US,FIDELITY TACTICAL BOND ETF,Fidelity Merrimack Street Trus,mechanism,physical,swap,HIGH
FTBI US,FIRST TRUST BALANCED INCOME ETF,First Trust Exchange-Traded Fu,sub_strategy,Allocation,Broad,HIGH
FTEC US,FIDELITY MSCI INFORMATION TECHNOLOGY INDEX ETF,Fidelity Covington Trust,sub_strategy,Broad,Sector,MEDIUM
FTGC US,FIRST TRUST GLOBAL TACTICAL COMMODITY STRATEGY FUND,First Trust Exchange-Traded Fu,mechanism,physical,options,MEDIUM
FTHI US,FIRSTTRUST BUYWRITE INCOME ETF,First Trust Exchange-Traded Fu,mechanism,physical,options,HIGH
FTIF US,FIRST TRUST BLOOMBERG INFLATION SENSITIVE EQUITY ETF,First Trust Exchange-Traded Fu,sub_strategy,Thematic,Broad,LOW
FTKI US,FIRST TRUST SMALL CAP BUYWRITE INCOME ETF,First Trust Exchange-Traded Fu,mechanism,physical,options,HIGH
FTLS US,FIRST TRUST LONG/SHORT EQUITY ETF/US,First Trust Exchange-Traded Fu,primary_strategy,Risk Mgmt,Plain Beta,HIGH
FTLS US,FIRST TRUST LONG/SHORT EQUITY ETF/US,First Trust Exchange-Traded Fu,sub_strategy,Alternatives,Broad,HIGH
FTQI US,FIRST TRUST NASDAQ BUYWRITE INCOME ETF,First Trust Exchange-Traded Fu,mechanism,physical,options,HIGH
FTRI US,FIRST TRUST INDXX GLOBAL NATURAL RESOURCES INCOME ETF,First Trust Exchange-Traded Fu,sub_strategy,Thematic,Broad,MEDIUM
FTWO US,STRIVE NATURAL RESOURCES AND SECURITY ETF,EA Series Trust,sub_strategy,Thematic,Broad,LOW
FTXL US,FIRST TRUST NASDAQ SEMICONDUCTOR ETF,First Trust Exchange-Traded Fu,sub_strategy,Broad,Sector,MEDIUM
FTXN US,FIRST TRUST NASDAQ OIL & GAS ETF,First Trust Exchange-Traded Fu,asset_class,Commodity,Equity,HIGH
FTXN US,FIRST TRUST NASDAQ OIL & GAS ETF,First Trust Exchange-Traded Fu,sub_strategy,Broad,Sector,MEDIUM
FTXO US,FIRST TRUST NASDAQ BANK ETF,First Trust Exchange-Traded Fu,sub_strategy,Broad,Sector,MEDIUM
FUTG US,LEVERAGE SHARES 2X LONG FUTU DAILY ETF,Themes ETF Trust,underlier_name,FUTU US,FUTU,HIGH
FUTG US,LEVERAGE SHARES 2X LONG FUTU DAILY ETF,Themes ETF Trust,mechanism,physical,swap,HIGH
FVC US,FIRST TRUST DORSEY WRIGHT DYNAMIC FOCUS 5 ETF,First Trust Exchange-Traded Fu,sub_strategy,Allocation,Broad,HIGH
FWD US,AB DISRUPTORS ETF,AB Active ETFs Inc,sub_strategy,Thematic,Broad,LOW
FXF US,INVESCO CURRENCYSHARES SWISS FRANC TRUST,Invesco ETFs/USA,asset_class,Equity,Multi-Asset,HIGH
FXG US,FIRST TRUST CONSUMER STAPLES ALPHADEX FUND,First Trust Exchange-Traded Al,sub_strategy,Broad,Sector,MEDIUM
FXH US,FIRST TRUST HEALTH CARE ALPHADEX FUND,First Trust Exchange-Traded Al,sub_strategy,Broad,Sector,MEDIUM
FXI US,ISHARES CHINA LARGE-CAP ETF,iShares Trust,sub_strategy,Broad,Sector,MEDIUM
FXL US,FIRST TRUST TECHNOLOGY ALPHADEX FUND,First Trust Exchange-Traded Al,sub_strategy,Broad,Sector,MEDIUM
FXN US,FIRST TRUST ENERGY ALPHADEX FUND,First Trust Exchange-Traded Al,sub_strategy,Broad,Sector,MEDIUM
FXO US,FIRST TRUST FINANCIAL ALPHADEX FUND,First Trust Exchange-Traded Fu,sub_strategy,Broad,Sector,MEDIUM
FXP US,PROSHARES ULTRASHORT FTSE CHINA 50,ProShares Trust,sub_strategy,Short,Long,HIGH
FXP US,PROSHARES ULTRASHORT FTSE CHINA 50,ProShares Trust,direction,short,neutral,HIGH
FXP US,PROSHARES ULTRASHORT FTSE CHINA 50,ProShares Trust,mechanism,physical,swap,HIGH
FXR US,FIRST TRUST INDUSTRIALS/PRODUCER DURABLES ALPHADEX FUND,First Trust Exchange-Traded Al,sub_strategy,Broad,Sector,MEDIUM
FXZ US,FIRST TRUST MATERIALS ALPHADEX FUND,First Trust Exchange-Traded Al,sub_strategy,Broad,Sector,MEDIUM
GAA US,CAMBRIA GLOBAL ASSET ALLOCATION ETF,Cambria ETF Trust,sub_strategy,Allocation,Broad,HIGH
GABF US,GABELLI FINANCIAL SERVICES OPPORTUNITIES ETF,Gabelli ETFs Trust,sub_strategy,Broad,Sector,MEDIUM
GAL US,STATE STREET GLOBAL ALLOCATION ETF,SSGA Active Trust,sub_strategy,Allocation,Broad,HIGH
GAPR US,FT VEST US EQUITY MODERATE BUFFER ETF - APRIL,First Trust Exchange-Traded Fu,mechanism,physical,options,HIGH
GARA US,GUINNESS ATKINSON REAL ASSETS INCOME ETF,Guinness Atkinson Funds,sub_strategy,Broad,Sector,MEDIUM
GASZ US,CORGI NATURAL GAS POWER & TURBINES ETF,Corgi ETF Trust I,asset_class,Commodity,Equity,HIGH
GASZ US,CORGI NATURAL GAS POWER & TURBINES ETF,Corgi ETF Trust I,sub_strategy,Broad,Sector,MEDIUM
GAUG US,FT VEST US EQUITY MODERATE BUFFER ETF - AUGUST,First Trust Exchange-Traded Fu,mechanism,physical,options,HIGH
GBHI US,GABELLI HIGH INCOME ETF,Gabelli ETFs Trust,mechanism,physical,swap,HIGH
GBUG US,SPROTT ACTIVE GOLD & SILVER MINERS ETF,Sprott Funds Trust,asset_class,Commodity,Equity,HIGH
GBUG US,SPROTT ACTIVE GOLD & SILVER MINERS ETF,Sprott Funds Trust,sub_strategy,Broad,Sector,MEDIUM
GCAD US,GABELLI COMMERCIAL AEROSPACE AND DEFENSE ETF,Gabelli ETFs Trust,sub_strategy,Thematic,Broad,LOW
GCAL US,GOLDMAN SACHS DYNAMIC CALIFORNIA MUNICIPAL INCOME ETF,Goldman Sachs ETF Trust,mechanism,physical,options,MEDIUM
GCC US,WISDOMTREE ENHANCED COMMODITY STRATEGY FUND,WisdomTree ETFs/USA,sub_strategy,Broad,Single-Access,MEDIUM
GCC US,WISDOMTREE ENHANCED COMMODITY STRATEGY FUND,WisdomTree ETFs/USA,mechanism,physical,options,MEDIUM
GDE US,WISDOMTREE EFFICIENT GOLD PLUS EQUITY STRATEGY FUND,WisdomTree ETFs/USA,asset_class,Commodity,Equity,HIGH
GDEC US,FT VEST US EQUITY MODERATE BUFFER ETF - DECEMBER,First Trust Exchange-Traded Fu,mechanism,physical,options,HIGH
ARMY US,TEMA INTERNATIONAL DEFENSE ETF,Tema ETF Trust,sub_strategy,Thematic,Broad,MEDIUM
GDIV US,HARBOR DIVIDEND GROWTH LEADERS ETF,Harbor ETF Trust,mechanism,physical,swap,HIGH
GDLC US,GRAYSCALE COINDESK CRYPTO 5 ETF,Grayscale Investments LLC/USA,underlier_name,multi-token crypto,CD5X,MEDIUM
GDLC US,GRAYSCALE COINDESK CRYPTO 5 ETF,Grayscale Investments LLC/USA,concentration,single,basket,MEDIUM
GDMA US,GADSDEN DYNAMIC MULTI-ASSET ETF,EA Series Trust,sub_strategy,Allocation,Broad,HIGH
GDMN US,WISDOMTREE EFFICIENT GOLD PLUS GOLD MINERS STRATEGY FUND,WisdomTree ETFs/USA,asset_class,Commodity,Equity,HIGH
GDMN US,WISDOMTREE EFFICIENT GOLD PLUS GOLD MINERS STRATEGY FUND,WisdomTree ETFs/USA,sub_strategy,Broad,Sector,MEDIUM
GDOG US,GRAYSCALE DOGECOIN TRUST DOGE ETF,Grayscale Investments LLC/USA,underlier_name,Dogecoin,XDGUSD,HIGH
GDX US,VANECK GOLD MINERS ETF/USA,VanEck ETFs/USA,asset_class,Commodity,Equity,HIGH
GDX US,VANECK GOLD MINERS ETF/USA,VanEck ETFs/USA,sub_strategy,Broad,Sector,MEDIUM
GDXD US,MICROSECTORS GOLD MINERS -3X INVERSE LEVERAGED ETN,BMO ETNs/United States,concentration,single,basket,MEDIUM
GDXD US,MICROSECTORS GOLD MINERS -3X INVERSE LEVERAGED ETN,BMO ETNs/United States,mechanism,physical,swap,MEDIUM
GDXJ US,VANECK JUNIOR GOLD MINERS ETF,VanEck ETFs/USA,asset_class,Commodity,Equity,HIGH
GDXU US,MICROSECTORS GOLD MINERS 3X LEVERAGED ETN,BMO ETNs/United States,direction,long,neutral,HIGH
GDXU US,MICROSECTORS GOLD MINERS 3X LEVERAGED ETN,BMO ETNs/United States,concentration,single,basket,MEDIUM
GDXU US,MICROSECTORS GOLD MINERS 3X LEVERAGED ETN,BMO ETNs/United States,mechanism,physical,swap,MEDIUM
GDXW US,ROUNDHILL GOLD MINERS WEEKLYPAY ETF,Roundhill ETF Trust,sub_strategy,Derivative Income > Covered Call,Derivative Income > 0DTE / Weekly,HIGH
GDXW US,ROUNDHILL GOLD MINERS WEEKLYPAY ETF,Roundhill ETF Trust,mechanism,physical,swap,HIGH
GDXY US,YIELDMAX GOLD MINERS OPTION INCOME STRATEGY ETF,Tidal Trust II,mechanism,physical,options,HIGH
GEMG US,LEVERAGE SHARES 2X LONG GEMI DAILY ETF,Themes ETF Trust,underlier_name,GEMI US,GEMI,HIGH
GEMG US,LEVERAGE SHARES 2X LONG GEMI DAILY ETF,Themes ETF Trust,mechanism,physical,swap,HIGH
GENM US,GENTER CAPITAL MUNICIPAL QUALITY INTERMEDIATE ETF,Spinnaker ETF Trust,sub_strategy,Style,Broad,HIGH
GENT US,GENTER CAPITAL TAXABLE QUALITY INTERMEDIATE ETF,Spinnaker ETF Trust,sub_strategy,Style,Broad,HIGH
GEVG US,LEVERAGE SHARES 2X LONG GEV DAILY ETF,Themes ETF Trust,underlier_name,GEV US,GEV,HIGH
GEVG US,LEVERAGE SHARES 2X LONG GEV DAILY ETF,Themes ETF Trust,mechanism,physical,swap,HIGH
GEVX US,TRADR 2X LONG GEV DAILY ETF,Investment Managers Series Tru,underlier_name,GEV US,GEV,HIGH
GEVX US,TRADR 2X LONG GEV DAILY ETF,Investment Managers Series Tru,mechanism,physical,swap,HIGH
GFEB US,FT VEST US EQUITY MODERATE BUFFER ETF - FEBRUARY,First Trust Exchange-Traded Fu,mechanism,physical,options,HIGH
GGLL US,DIREXION DAILY GOOGL BULL 2X ETF,Direxion ETFs/USA,underlier_name,GOOGL US,GOOGL,HIGH
GGLL US,DIREXION DAILY GOOGL BULL 2X ETF,Direxion ETFs/USA,mechanism,physical,swap,HIGH
GGLS US,DIREXION DAILY GOOGL BEAR 1X ETF,Direxion ETFs/USA,underlier_name,GOOGL US,GOOGL,HIGH
GGLS US,DIREXION DAILY GOOGL BEAR 1X ETF,Direxion ETFs/USA,mechanism,physical,swap,HIGH
GHTA US,GOOSE HOLLOW TACTICAL ALLOCATION ETF,Collaborative Investment Serie,sub_strategy,Allocation,Broad,HIGH
GIAX US,NICHOLAS GLOBAL EQUITY AND INCOME ETF,Tidal Trust II,mechanism,physical,options,MEDIUM
GIF US,REX GROWTH & INCOME UNIVERSE ETF,REX ETF Trust,asset_class,Equity,Multi-Asset,HIGH
GIF US,REX GROWTH & INCOME UNIVERSE ETF,REX ETF Trust,primary_strategy,Income,L&I,HIGH
GIF US,REX GROWTH & INCOME UNIVERSE ETF,REX ETF Trust,sub_strategy,Derivative Income > Covered Call,Long,HIGH
GIF US,REX GROWTH & INCOME UNIVERSE ETF,REX ETF Trust,mechanism,physical,swap,MEDIUM
GII US,STATE STREET SPDR S&P GLOBAL INFRASTRUCTURE ETF,SPDR Index Shares Funds,sub_strategy,Thematic,Broad,MEDIUM
GINN US,GOLDMAN SACHS INNOVATE EQUITY ETF,Goldman Sachs ETF Trust,sub_strategy,Thematic,Broad,LOW
GJAN US,FT VEST US EQUITY MODERATE BUFFER ETF - JANUARY,First Trust Exchange-Traded Fu,mechanism,physical,options,HIGH
GJUL US,FT VEST US EQUITY MODERATE BUFFER ETF - JULY,First Trust Exchange-Traded Fu,asset_class,Equity,Multi-Asset,HIGH
GJUL US,FT VEST US EQUITY MODERATE BUFFER ETF - JULY,First Trust Exchange-Traded Fu,mechanism,physical,options,HIGH
GJUN US,FT VEST US EQUITY MODERATE BUFFER ETF - JUNE,First Trust Exchange-Traded Fu,mechanism,physical,options,HIGH
GLDB US,IDX ALTERNATIVE FIAT ETF,ETF Opportunities Trust/IDX Ad,asset_class,Equity,Multi-Asset,HIGH
GLDB US,IDX ALTERNATIVE FIAT ETF,ETF Opportunities Trust/IDX Ad,concentration,single,basket,MEDIUM
GLDB US,IDX ALTERNATIVE FIAT ETF,ETF Opportunities Trust/IDX Ad,mechanism,physical,options,MEDIUM
GLDI US,UBS AG ETRACS GOLD SHARES COVERED CALL ETN,ETRACS ETNs/UBS AG/London/USA,mechanism,physical,options,HIGH
GLDN US,NICHOLAS GOLD INCOME ETF,Tidal Trust II,primary_strategy,Income,Plain Beta,LOW
GLDN US,NICHOLAS GOLD INCOME ETF,Tidal Trust II,sub_strategy,Derivative Income > Covered Call,Broad,LOW
GLDW US,ROUNDHILL GOLD WEEKLYPAY ETF,Roundhill ETF Trust,sub_strategy,Derivative Income > Covered Call,Derivative Income > 0DTE / Weekly,HIGH
GLDW US,ROUNDHILL GOLD WEEKLYPAY ETF,Roundhill ETF Trust,mechanism,physical,swap,HIGH
GLDY US,DEFIANCE GOLD ENHANCED OPTIONS INCOME ETF,Tidal Trust II,primary_strategy,Income,Plain Beta,HIGH
GLDY US,DEFIANCE GOLD ENHANCED OPTIONS INCOME ETF,Tidal Trust II,sub_strategy,Derivative Income > Covered Call,Broad,HIGH
GLDY US,DEFIANCE GOLD ENHANCED OPTIONS INCOME ETF,Tidal Trust II,mechanism,physical,options,MEDIUM
GLGG US,LEVERAGE SHARES 2X LONG GLXY DAILY ETF,Themes ETF Trust,underlier_name,GLXY US,GLXY,HIGH
GLGG US,LEVERAGE SHARES 2X LONG GLXY DAILY ETF,Themes ETF Trust,mechanism,physical,swap,HIGH
GLIN US,VANECK INDIA GROWTH LEADERS ETF,VanEck ETFs/USA,sub_strategy,Style,Broad,MEDIUM
GLL US,PROSHARES ULTRASHORT GOLD,ProShares Trust II,sub_strategy,Short,Long,HIGH
GLL US,PROSHARES ULTRASHORT GOLD,ProShares Trust II,direction,short,neutral,HIGH
GLL US,PROSHARES ULTRASHORT GOLD,ProShares Trust II,underlier_name,USDXAU Curncy,USDXAU,HIGH
GLL US,PROSHARES ULTRASHORT GOLD,ProShares Trust II,mechanism,physical,swap,HIGH
GLNK US,GRAYSCALE CHAINLINK TRUST ETF,Grayscale Investments LLC/USA,underlier_name,Chainlink,XLIUSD,HIGH
GLOW US,VICTORYSHARES WESTEND GLOBAL EQUITY ETF,Victory Portfolios II,mechanism,physical,options,MEDIUM
GLWG US,LEVERAGE SHARES 2X LONG GLW DAILY ETF,Themes ETF Trust,mechanism,physical,swap,HIGH
GLXU US,T-REX 2X LONG GLXY DAILY TARGET ETF,ETF Opportunities Trust/REX Sh,underlier_name,GLXY US,GLXY,HIGH
GLXU US,T-REX 2X LONG GLXY DAILY TARGET ETF,ETF Opportunities Trust/REX Sh,mechanism,physical,swap,HIGH
GMAR US,FT VEST US EQUITY MODERATE BUFFER ETF - MARCH,First Trust Exchange-Traded Fu,mechanism,physical,options,HIGH
GMAY US,FT VEST US EQUITY MODERATE BUFFER ETF - MAY,First Trust Exchange-Traded Fu,mechanism,physical,options,HIGH
GMEU US,T-REX 2X LONG GME DAILY TARGET ETF,ETF Opportunities Trust/REX Sh,underlier_name,GME US,GME,HIGH
GMEU US,T-REX 2X LONG GME DAILY TARGET ETF,ETF Opportunities Trust/REX Sh,mechanism,physical,swap,HIGH
GMEY US,YIELDMAX GME OPTION INCOME STRATEGY ETF,Tidal Trust II,concentration,single,basket,MEDIUM
GMEY US,YIELDMAX GME OPTION INCOME STRATEGY ETF,Tidal Trust II,mechanism,physical,options,HIGH
GMMA US,GAMMAROAD MARKET NAVIGATION ETF,Tidal Trust III,sub_strategy,Allocation,Broad,HIGH
GMMF US,ISHARES GOVERNMENT MONEY MARKET ETF,BlackRock ETF Trust,asset_class,Equity,Fixed Income,HIGH
GMNY US,GOLDMAN SACHS DYNAMIC NEW YORK MUNICIPAL INCOME ETF,Goldman Sachs ETF Trust,mechanism,physical,options,MEDIUM
GMOD US,GMO DYNAMIC ALLOCATION ETF,GMO ETF Trust,sub_strategy,Allocation,Broad,HIGH
GMOI US,GMO INTERNATIONAL VALUE ETF,GMO ETF Trust,sub_strategy,Style,Broad,MEDIUM
GMOM US,CAMBRIA GLOBAL MOMENTUM ETF,Cambria ETF Trust,sub_strategy,Style,Broad,HIGH
GMUB US,GOLDMAN SACHS MUNICIPAL INCOME ETF,Goldman Sachs ETF Trust,mechanism,physical,options,MEDIUM
GNOM US,GLOBAL X GENOMICS & BIOTECHNOLOGY ETF,Global X ETFs/USA,sub_strategy,Thematic,Broad,MEDIUM
GNOV US,FT VEST US EQUITY MODERATE BUFFER ETF - NOVEMBER,First Trust Exchange-Traded Fu,mechanism,physical,options,HIGH
GNR US,STATE STREET SPDR S&P GLOBAL NATURAL RESOURCES ETF,SPDR Index Shares Funds,sub_strategy,Thematic,Broad,MEDIUM
GOAU US,US GLOBAL GO GOLD & PRECIOUS METAL MINERS ETF,ETF Series Solutions,asset_class,Commodity,Equity,HIGH
GOAU US,US GLOBAL GO GOLD & PRECIOUS METAL MINERS ETF,ETF Series Solutions,sub_strategy,Broad,Sector,MEDIUM
GOCT US,FT VEST US EQUITY MODERATE BUFFER ETF - OCTOBER,First Trust Exchange-Traded Fu,mechanism,physical,options,HIGH
GOEX US,GLOBAL X GOLD EXPLORERS ETF,Global X ETFs/USA,asset_class,Commodity,Equity,HIGH
GOLY US,STRATEGY SHARES GOLD ENHANCED YIELD ETF,Strategy Shares Inc/Fund Paren,asset_class,Commodity,Multi-Asset,HIGH
GOLY US,STRATEGY SHARES GOLD ENHANCED YIELD ETF,Strategy Shares Inc/Fund Paren,mechanism,physical,swap,HIGH
GOOP US,KURV YIELD PREMIUM STRATEGY GOOGLE GOOGL ETF/DE,Kurv ETF Trust,underlier_name,GOOGL US,GOOGL,HIGH
GOOP US,KURV YIELD PREMIUM STRATEGY GOOGLE GOOGL ETF/DE,Kurv ETF Trust,mechanism,physical,options,HIGH
GOOW US,ROUNDHILL GOOGL WEEKLYPAY ETF,Roundhill ETF Trust,sub_strategy,Derivative Income > Covered Call,Derivative Income > 0DTE / Weekly,HIGH
GOOW US,ROUNDHILL GOOGL WEEKLYPAY ETF,Roundhill ETF Trust,underlier_name,GOOGL US,GOOGL,HIGH
GOOW US,ROUNDHILL GOOGL WEEKLYPAY ETF,Roundhill ETF Trust,mechanism,physical,swap,HIGH
GOOX US,T-REX 2X LONG ALPHABET DAILY TARGET ETF,ETF Opportunities Trust/REX Sh,underlier_name,GOOG US,GOOG,HIGH
GOOX US,T-REX 2X LONG ALPHABET DAILY TARGET ETF,ETF Opportunities Trust/REX Sh,mechanism,physical,swap,HIGH
GOOY US,YIELDMAX GOOGL OPTION INCOME STRATEGY ETF,Tidal Trust II,underlier_name,GOOGL US,GOOGL,HIGH
GOOY US,YIELDMAX GOOGL OPTION INCOME STRATEGY ETF,Tidal Trust II,mechanism,physical,options,HIGH
GOS US,DB GOLD INDEX SHORT EXCHANGE TRADED NOTES,DB ETNs/USA,primary_strategy,Plain Beta,L&I,HIGH
GOS US,DB GOLD INDEX SHORT EXCHANGE TRADED NOTES,DB ETNs/USA,sub_strategy,Broad,Short,HIGH
GOS US,DB GOLD INDEX SHORT EXCHANGE TRADED NOTES,DB ETNs/USA,mechanism,physical,swap,MEDIUM
GOU US,GRANITESHARES 2X LONG GOOGL DAILY ETF,GraniteShares ETF Trust,underlier_name,GOOGL US,GOOGL,HIGH
GOU US,GRANITESHARES 2X LONG GOOGL DAILY ETF,GraniteShares ETF Trust,mechanism,physical,swap,HIGH
GPIQ US,GOLDMAN SACHS NASDAQ-100 PREMIUM INCOME ETF,Goldman Sachs ETF Trust,mechanism,physical,options,HIGH
GPIX US,GOLDMAN SACHS S&P 500 PREMIUM INCOME ETF,Goldman Sachs ETF Trust,mechanism,physical,options,HIGH
GPTY US,YIELDMAX AI & TECH PORTFOLIO OPTION INCOME ETF,Tidal Trust II,mechanism,physical,options,HIGH
GRAG US,LEVERAGE SHARES 2X LONG GRAB DAILY ETF,Themes ETF Trust,underlier_name,GRAB US,GRAB,HIGH
GRAG US,LEVERAGE SHARES 2X LONG GRAB DAILY ETF,Themes ETF Trust,mechanism,physical,swap,HIGH
GRID US,FIRST TRUST NASDAQ CLEAN EDGE SMART GRID INFRASTRUCTURE INDEX FUND,First Trust Exchange-Traded Fu,sub_strategy,Thematic,Broad,LOW
GRIN US,VICTORYSHARES INTERNATIONAL FREE CASH FLOW GROWTH ETF,Victory Portfolios II,sub_strategy,Style,Broad,MEDIUM
GRIN US,VICTORYSHARES INTERNATIONAL FREE CASH FLOW GROWTH ETF,Victory Portfolios II,mechanism,physical,options,MEDIUM
GRNI US,FUNDSTRAT GRANNY SHOTS US LARGE CAP & INCOME ETF,Tidal Trust III,mechanism,physical,options,MEDIUM
GRPM US,INVESCO S&P MIDCAP 400 GARP ETF,Invesco Exchange-Traded Fund T,sub_strategy,Broad,Sector,MEDIUM
GSCE US,GS CONNECT S&P GSCI ENHANCED COMMODITY TOTAL RETURN STRATEGY INDEX ETN,Goldman Sachs ETNs/USA,mechanism,physical,options,MEDIUM
GSEP US,FT VEST US EQUITY MODERATE BUFFER ETF - SEPTEMBER,First Trust Exchange-Traded Fu,mechanism,physical,options,HIGH
GSG US,ISHARES S&P GSCI COMMODITY-INDEXED TRUST,iShares ETFs/USA,mechanism,physical,options,MEDIUM
GSIB US,THEMES GLOBAL SYSTEMICALLY IMPORTANT BANKS ETF,Themes ETF Trust,sub_strategy,Broad,Sector,MEDIUM
GSUI US,GRAYSCALE SUI STAKING ETF,Grayscale Investments LLC/USA,underlier_name,alt-coin only (SUI),XUI,HIGH
GTL US,DB GOLD INDEX DOUBLE LONG EXCHANGE TRADED NOTES,DB ETNs/USA,primary_strategy,Plain Beta,L&I,HIGH
GTL US,DB GOLD INDEX DOUBLE LONG EXCHANGE TRADED NOTES,DB ETNs/USA,sub_strategy,Broad,Long,HIGH
GTL US,DB GOLD INDEX DOUBLE LONG EXCHANGE TRADED NOTES,DB ETNs/USA,mechanism,physical,swap,MEDIUM
GTOC US,INVESCO CORE FIXED INCOME ETF,Powershares Actively Managed E,mechanism,physical,swap,HIGH
GTOP US,GOLDMAN SACHS TECHNOLOGY OPPORTUNITIES ETF,Goldman Sachs ETF Trust,sub_strategy,Broad,Sector,MEDIUM
GTR US,WISDOMTREE TARGET RANGE FUND,WisdomTree ETFs/USA,primary_strategy,Income,Plain Beta,LOW
GTR US,WISDOMTREE TARGET RANGE FUND,WisdomTree ETFs/USA,sub_strategy,Derivative Income > Covered Call,Broad,LOW
GUNR US,FLEXSHARES MORNINGSTAR GLOBAL UPSTREAM NATURAL RESOURCES INDEX FUND,FlexShares ETFs/USA,sub_strategy,Thematic,Broad,MEDIUM
GUSH US,DIREXION DAILY S&P OIL & GAS EXP. & PROD. BULL 2X ETF,Direxion ETFs/USA,mechanism,physical,swap,HIGH
GVAL US,CAMBRIA GLOBAL VALUE ETF,Cambria ETF Trust,sub_strategy,Style,Broad,MEDIUM
GWGB US,TUTTLE CAPITAL INVERSE ESG ETF,ETF Opportunities Trust/Tuttle,primary_strategy,L&I,Plain Beta,LOW
GWGB US,TUTTLE CAPITAL INVERSE ESG ETF,ETF Opportunities Trust/Tuttle,sub_strategy,Short,Broad,LOW
GWS US,DB GOLD INDEX DOUBLE SHORT EXCHANGE TRADED NOTES,DB ETNs/USA,primary_strategy,Plain Beta,L&I,HIGH
GWS US,DB GOLD INDEX DOUBLE SHORT EXCHANGE TRADED NOTES,DB ETNs/USA,sub_strategy,Broad,Short,HIGH
GWS US,DB GOLD INDEX DOUBLE SHORT EXCHANGE TRADED NOTES,DB ETNs/USA,mechanism,physical,swap,MEDIUM
GXPC US,GLOBAL X PURECAP MSCI COMMUNICATION SERVICES ETF,Global X ETFs/USA,sub_strategy,Broad,Sector,MEDIUM
GXPE US,GLOBAL X PURECAP MSCI ENERGY ETF,Global X ETFs/USA,sub_strategy,Broad,Sector,MEDIUM
GXPT US,GLOBAL X PURECAP MSCI INFORMATION TECHNOLOGY ETF,Global X ETFs/USA,sub_strategy,Broad,Sector,MEDIUM
GYLD US,ARROW DOW JONES GLOBAL YIELD ETF,Arrow ETF Trust,sub_strategy,Allocation,Broad,HIGH
HAIL US,STATE STREET SPDR S&P KENSHO SMART MOBILITY ETF,SPDR Series Trust,sub_strategy,Thematic,Broad,LOW
HAKY US,AMPLIFY HACK CYBERSECURITY COVERED CALL ETF,Amplify ETF Trust,mechanism,physical,options,HIGH
HAP US,VANECK NATURAL RESOURCES ETF,VanEck ETFs/USA,sub_strategy,Thematic,Broad,LOW
HAPI US,HARBOR HUMAN CAPITAL FACTOR US LARGE CAP ETF,Harbor ETF Trust,sub_strategy,Thematic,Broad,LOW
HAPS US,HARBOR HUMAN CAPITAL FACTOR US SMALL CAP ETF,Harbor ETF Trust,sub_strategy,Thematic,Broad,LOW
HARD US,SIMPLIFY COMMODITIES STRATEGY NO K-1 ETF,Simplify Exchange Traded Funds,mechanism,physical,options,MEDIUM
HBR US,CANARY HBAR ETF,CSC Delaware Trust Co,underlier_name,alt-coin only (HBAR),XHB,HIGH
HBRD US,INVESCO US HYBRID BOND ETF,Invesco ETFs/USA,mechanism,physical,options,MEDIUM
HBTA US,HORIZON EXPEDITION PLUS ETF,Horizon Funds,primary_strategy,Income,Plain Beta,LOW
HBTA US,HORIZON EXPEDITION PLUS ETF,Horizon Funds,sub_strategy,Derivative Income > Covered Call,Broad,LOW
HBTA US,HORIZON EXPEDITION PLUS ETF,Horizon Funds,mechanism,physical,options,MEDIUM
HBTC US,FORTUNA HEDGED BITCOIN ETF,Listed Funds Trust,concentration,single,basket,MEDIUM
HCMT US,DIREXION HCM TACTICAL ENHANCED US ETF,Direxion ETFs/USA,sub_strategy,Short,Long,HIGH
HCMT US,DIREXION HCM TACTICAL ENHANCED US ETF,Direxion ETFs/USA,direction,short,neutral,HIGH
HCMT US,DIREXION HCM TACTICAL ENHANCED US ETF,Direxion ETFs/USA,mechanism,physical,swap,HIGH
HCOW US,AMPLIFY COWS COVERED CALL ETF,Amplify ETF Trust,mechanism,physical,swap,HIGH
HDEF US,XTRACKERS MSCI EAFE HIGH DIVIDEND YIELD EQUITY ETF,DWS Xtrackers ETFs/USA,sub_strategy,Style,Broad,MEDIUM
HDG US,PROSHARES HEDGE REPLICATION ETF,ProShares Trust,primary_strategy,Risk Mgmt,Plain Beta,HIGH
HDG US,PROSHARES HEDGE REPLICATION ETF,ProShares Trust,sub_strategy,Alternatives,Broad,HIGH
HDG US,PROSHARES HEDGE REPLICATION ETF,ProShares Trust,mechanism,physical,swap,HIGH
HDGE US,ADVISORSHARES RANGER EQUITY BEAR ETF,AdvisorShares ETFs/USA,primary_strategy,L&I,Risk Mgmt,HIGH
HDGE US,ADVISORSHARES RANGER EQUITY BEAR ETF,AdvisorShares ETFs/USA,sub_strategy,Short,Hedged Equity,HIGH
HDGE US,ADVISORSHARES RANGER EQUITY BEAR ETF,AdvisorShares ETFs/USA,mechanism,physical,options,MEDIUM
HDLB US,ETRACS MONTHLY PAY 2XLEVERAGED US HIGH DIVIDEND LOW VOLATILITY ETN SERIES B,ETRACS ETNs/UBS AG/London/USA,direction,long,neutral,HIGH
HDLB US,ETRACS MONTHLY PAY 2XLEVERAGED US HIGH DIVIDEND LOW VOLATILITY ETN SERIES B,ETRACS ETNs/UBS AG/London/USA,concentration,single,basket,MEDIUM
HDLB US,ETRACS MONTHLY PAY 2XLEVERAGED US HIGH DIVIDEND LOW VOLATILITY ETN SERIES B,ETRACS ETNs/UBS AG/London/USA,mechanism,physical,swap,MEDIUM
HDLV LN,INVESCO S&P 500 HIGH DIVIDEND LOW VOLATILITY UCITS ETF,Invesco EMEA ETFs/Ireland,asset_class,Volatility,Equity,HIGH
HDLV LN,INVESCO S&P 500 HIGH DIVIDEND LOW VOLATILITY UCITS ETF,Invesco EMEA ETFs/Ireland,sub_strategy,Style,Broad,LOW
HDMV US,FIRST TRUST HORIZON MANAGED VOLATILITY DEVELOPED INTERNATIONAL ETF,First Trust Exchange-Traded Fu,sub_strategy,Style,Broad,MEDIUM
HDV US,ISHARES CORE HIGH DIVIDEND ETF,iShares Trust,sub_strategy,Style,Sector,MEDIUM
HEAL US,GLOBAL X HEALTHTECH ETF,Global X ETFs/USA,sub_strategy,Thematic,Broad,MEDIUM
HECA US,HEDGEYE CAPITAL ALLOCATION ETF,ETF Opportunities Trust/Hedgey,sub_strategy,Allocation,Broad,HIGH
HECO US,STATE STREET GALAXY HEDGED DIGITAL ASSET ECOSYSTEM ETF,SSGA Active Trust,asset_class,Equity,Crypto,HIGH
HECO US,STATE STREET GALAXY HEDGED DIGITAL ASSET ECOSYSTEM ETF,SSGA Active Trust,concentration,single,basket,MEDIUM
HECO US,STATE STREET GALAXY HEDGED DIGITAL ASSET ECOSYSTEM ETF,SSGA Active Trust,mechanism,physical,options,MEDIUM
HEDG US,EQUABLE SHARES HEDGED EQUITY ETF,Series Portfolios Trust/Teramo,primary_strategy,Income,Plain Beta,LOW
HEDG US,EQUABLE SHARES HEDGED EQUITY ETF,Series Portfolios Trust/Teramo,sub_strategy,Derivative Income > Covered Call,Broad,LOW
HEDJ US,WISDOMTREE EUROPE HEDGED EQUITY FUND,WisdomTree ETFs/USA,primary_strategy,Risk Mgmt,Plain Beta,MEDIUM
HEDJ US,WISDOMTREE EUROPE HEDGED EQUITY FUND,WisdomTree ETFs/USA,sub_strategy,Hedged Equity,Broad,MEDIUM
HEFT US,HEDGEYE FOURTH TURNING ETF,ETF Opportunities Trust/Hedgey,primary_strategy,Risk Mgmt,Plain Beta,HIGH
HEFT US,HEDGEYE FOURTH TURNING ETF,ETF Opportunities Trust/Hedgey,sub_strategy,Alternatives,Broad,HIGH
HEGD US,SWAN HEDGED EQUITY US LARGE CAP ETF,Listed Funds Trust,primary_strategy,Risk Mgmt,Plain Beta,LOW
HEGD US,SWAN HEDGED EQUITY US LARGE CAP ETF,Listed Funds Trust,sub_strategy,Hedged Equity,Broad,LOW
HELO US,JPMORGAN HEDGED EQUITY LADDERED OVERLAY ETF,JP Morgan Exchange-Traded Fund,asset_class,Fixed Income,Equity,HIGH
HELO US,JPMORGAN HEDGED EQUITY LADDERED OVERLAY ETF,JP Morgan Exchange-Traded Fund,primary_strategy,Plain Beta,Defined Outcome,MEDIUM
HELO US,JPMORGAN HEDGED EQUITY LADDERED OVERLAY ETF,JP Morgan Exchange-Traded Fund,sub_strategy,Bond Ladder,Buffer,MEDIUM
HELO US,JPMORGAN HEDGED EQUITY LADDERED OVERLAY ETF,JP Morgan Exchange-Traded Fund,mechanism,physical,options,HIGH
HELS US,HEDGEYE 130/30 EQUITY ETF,ETF Opportunities Trust/Hedgey,primary_strategy,Risk Mgmt,Plain Beta,HIGH
HELS US,HEDGEYE 130/30 EQUITY ETF,ETF Opportunities Trust/Hedgey,sub_strategy,Alternatives,Broad,HIGH
HEMI US,HARTFORD EQUITY PREMIUM INCOME ETF,Hartford Funds Exchange-Traded,mechanism,physical,options,HIGH
HEQQ US,JPMORGAN NASDAQ HEDGED EQUITY LADDERED OVERLAY ETF,JP Morgan Exchange-Traded Fund,asset_class,Fixed Income,Equity,HIGH
HEQQ US,JPMORGAN NASDAQ HEDGED EQUITY LADDERED OVERLAY ETF,JP Morgan Exchange-Traded Fund,primary_strategy,Plain Beta,Defined Outcome,MEDIUM
HEQQ US,JPMORGAN NASDAQ HEDGED EQUITY LADDERED OVERLAY ETF,JP Morgan Exchange-Traded Fund,sub_strategy,Bond Ladder,Buffer,MEDIUM
HEQQ US,JPMORGAN NASDAQ HEDGED EQUITY LADDERED OVERLAY ETF,JP Morgan Exchange-Traded Fund,mechanism,physical,options,HIGH
HEQT US,SIMPLIFY HEDGED EQUITY ETF,Simplify Exchange Traded Funds,primary_strategy,Income,Plain Beta,LOW
HEQT US,SIMPLIFY HEDGED EQUITY ETF,Simplify Exchange Traded Funds,sub_strategy,Derivative Income > Covered Call,Broad,LOW
HERO US,GLOBAL X VIDEO GAMES & ESPORTS ETF,Global X ETFs/USA,sub_strategy,Thematic,Broad,MEDIUM
HF US,DGA CORE PLUS ABSOLUTE RETURN ETF,Tidal Trust II,sub_strategy,Allocation,Broad,HIGH
HFEQ US,UNLIMITED HFEQ EQUITY LONG SHORT ETF,Tidal Trust I,primary_strategy,Risk Mgmt,Plain Beta,HIGH
HFEQ US,UNLIMITED HFEQ EQUITY LONG SHORT ETF,Tidal Trust I,sub_strategy,Alternatives,Broad,HIGH
HFGM US,UNLIMITED HFGM GLOBAL MACRO ETF,Tidal Trust I,primary_strategy,Risk Mgmt,Plain Beta,HIGH
HFGM US,UNLIMITED HFGM GLOBAL MACRO ETF,Tidal Trust I,sub_strategy,Alternatives,Broad,HIGH
HFGM US,UNLIMITED HFGM GLOBAL MACRO ETF,Tidal Trust I,mechanism,physical,options,MEDIUM
HFMF US,UNLIMITED HFMF MANAGED FUTURES ETF,Tidal Trust I,primary_strategy,Risk Mgmt,Plain Beta,HIGH
HFMF US,UNLIMITED HFMF MANAGED FUTURES ETF,Tidal Trust I,sub_strategy,Trend / Managed Futures,Broad,HIGH
HFND US,UNLIMITED HFND MULTI-STRATEGY RETURN TRACKER ETF,Tidal Trust I,primary_strategy,Risk Mgmt,Plain Beta,HIGH
HFND US,UNLIMITED HFND MULTI-STRATEGY RETURN TRACKER ETF,Tidal Trust I,sub_strategy,Alternatives,Broad,HIGH
HFND US,UNLIMITED HFND MULTI-STRATEGY RETURN TRACKER ETF,Tidal Trust I,mechanism,physical,swap,HIGH
HFSI US,HARTFORD STRATEGIC INCOME ETF,Hartford Funds Exchange-Traded,mechanism,physical,swap,HIGH
HFSP US,TRADERSAI LARGE CAP EQUITY & CASH ETF,Tidal Trust III,sub_strategy,Broad,Sector,MEDIUM
HFSP US,TRADERSAI LARGE CAP EQUITY & CASH ETF,Tidal Trust III,mechanism,physical,options,MEDIUM
HGER US,HARBOR COMMODITY ALL WEATHER STRATEGY ETF,Harbor ETF Trust,mechanism,physical,swap,HIGH
HIBL US,DIREXION DAILY S&P 500 HIGH BETA BULL 3X ETF,Direxion ETFs/USA,mechanism,physical,swap,HIGH
HIBS US,DIREXION DAILY S&P 500 HIGH BETA BEAR 3X ETF,Direxion ETFs/USA,mechanism,physical,swap,HIGH
HIDE US,ALPHA ARCHITECT HIGH INFLATION AND DEFLATION ETF,EA Series Trust,sub_strategy,Allocation,Broad,HIGH
HIDV US,AB US HIGH DIVIDEND ETF,AB Active ETFs Inc,sub_strategy,Style,Broad,LOW
HIMZ US,DEFIANCE DAILY TARGET 2X LONG HIMS ETF,Tidal Trust II,underlier_name,HIMS US,HIMS,HIGH
HIMZ US,DEFIANCE DAILY TARGET 2X LONG HIMS ETF,Tidal Trust II,mechanism,physical,swap,HIGH
HIYY US,YIELDMAX HIMS OPTION INCOME STRATEGY ETF,Tidal Trust II,concentration,single,basket,MEDIUM
HIYY US,YIELDMAX HIMS OPTION INCOME STRATEGY ETF,Tidal Trust II,mechanism,physical,options,HIGH
HLXX US,TRADR 2X LONG HL DAILY ETF,Investment Managers Series Tru,mechanism,physical,swap,HIGH
HMYY US,GRANITESHARES YIELDBOOST HIMS ETF,GraniteShares ETF Trust,concentration,single,basket,MEDIUM
HMYY US,GRANITESHARES YIELDBOOST HIMS ETF,GraniteShares ETF Trust,mechanism,physical,options,HIGH
HNDL US,STRATEGY SHARES NASDAQ 7 HANDL ETF,Strategy Shares Inc/Fund Paren,sub_strategy,Allocation,Broad,HIGH
HODU US,DIREXION DAILY HOOD BULL 2X ETF,Direxion ETFs/USA,underlier_name,BULL US,HOOD,HIGH
HODU US,DIREXION DAILY HOOD BULL 2X ETF,Direxion ETFs/USA,mechanism,physical,swap,HIGH
HOII US,REX HOOD GROWTH & INCOME ETF,REX ETF Trust,primary_strategy,Income,L&I,HIGH
HOII US,REX HOOD GROWTH & INCOME ETF,REX ETF Trust,sub_strategy,Derivative Income > Covered Call,Long,HIGH
HOII US,REX HOOD GROWTH & INCOME ETF,REX ETF Trust,underlier_name,HOOD US,HOOD,HIGH
HOII US,REX HOOD GROWTH & INCOME ETF,REX ETF Trust,mechanism,physical,swap,MEDIUM
HOLA US,JPMORGAN INTERNATIONAL HEDGED EQUITY LADDERED OVERLAY ETF,JP Morgan Exchange-Traded Fund,asset_class,Fixed Income,Equity,HIGH
HOLA US,JPMORGAN INTERNATIONAL HEDGED EQUITY LADDERED OVERLAY ETF,JP Morgan Exchange-Traded Fund,primary_strategy,Plain Beta,Defined Outcome,MEDIUM
HOLA US,JPMORGAN INTERNATIONAL HEDGED EQUITY LADDERED OVERLAY ETF,JP Morgan Exchange-Traded Fund,sub_strategy,Bond Ladder,Buffer,MEDIUM
HOLA US,JPMORGAN INTERNATIONAL HEDGED EQUITY LADDERED OVERLAY ETF,JP Morgan Exchange-Traded Fund,mechanism,physical,options,HIGH
HOLD US,HARBOR ALPHA LAYERING ETF,Harbor ETF Trust,direction,long,neutral,HIGH
HOLD US,HARBOR ALPHA LAYERING ETF,Harbor ETF Trust,mechanism,physical,swap,MEDIUM
HOMZ US,HOYA CAPITAL HOUSING ETF,ETF Series Solutions,sub_strategy,Thematic,Broad,LOW
HOOG US,LEVERAGE SHARES 2X LONG HOOD DAILY ETF,Themes ETF Trust,underlier_name,HOOD US,HOOD,HIGH
HOOG US,LEVERAGE SHARES 2X LONG HOOD DAILY ETF,Themes ETF Trust,mechanism,physical,swap,HIGH
HOOW US,ROUNDHILL HOOD WEEKLYPAY ETF,Roundhill ETF Trust,sub_strategy,Derivative Income > Covered Call,Derivative Income > 0DTE / Weekly,HIGH
HOOW US,ROUNDHILL HOOD WEEKLYPAY ETF,Roundhill ETF Trust,underlier_name,HOOD US,HOOD,HIGH
HOOW US,ROUNDHILL HOOD WEEKLYPAY ETF,Roundhill ETF Trust,mechanism,physical,swap,HIGH
HOOX US,DEFIANCE DAILY TARGET 2X LONG HOOD ETF,Tidal Trust II,underlier_name,HOOD US,HOOD,HIGH
HOOX US,DEFIANCE DAILY TARGET 2X LONG HOOD ETF,Tidal Trust II,mechanism,physical,swap,HIGH
HOOY US,YIELDMAX HOOD OPTION INCOME STRATEGY ETF,Tidal Trust II,concentration,single,basket,MEDIUM
HOOY US,YIELDMAX HOOD OPTION INCOME STRATEGY ETF,Tidal Trust II,mechanism,physical,options,HIGH
HOOZ US,DEFIANCE DAILY TARGET 2X SHORT HOOD ETF,Tidal Trust II,underlier_name,HOOD US,HOOD,HIGH
HOOZ US,DEFIANCE DAILY TARGET 2X SHORT HOOD ETF,Tidal Trust II,mechanism,physical,swap,HIGH
HOYY US,GRANITESHARES YIELDBOOST HOOD ETF,GraniteShares ETF Trust,concentration,single,basket,MEDIUM
HOYY US,GRANITESHARES YIELDBOOST HOOD ETF,GraniteShares ETF Trust,mechanism,physical,options,HIGH
HRTS US,TEMA HEART & HEALTH ETF,Tema ETF Trust,sub_strategy,Thematic,Broad,LOW
HSMV US,FIRST TRUST HORIZON MANAGED VOLATILITY SMALL/MID ETF,First Trust Exchange-Traded Fu,sub_strategy,Style,Broad,LOW
HTUS US,HULL TACTICAL US ETF,Capitol Series Trust/HTAA LLC,primary_strategy,Risk Mgmt,Plain Beta,HIGH
HTUS US,HULL TACTICAL US ETF,Capitol Series Trust/HTAA LLC,sub_strategy,Alternatives,Broad,HIGH
HUMN US,ROUNDHILL HUMANOID ROBOTICS ETF,Roundhill ETF Trust,sub_strategy,Thematic,Broad,LOW
HUSV US,FIRST TRUST HORIZON MANAGED VOLATILITY DOMESTIC ETF,First Trust Exchange-Traded Fu,sub_strategy,Style,Broad,LOW
HUTG US,LEVERAGE SHARES 2X LONG HUT DAILY ETF,Themes ETF Trust,underlier_name,HUT US,HUT,HIGH
HUTG US,LEVERAGE SHARES 2X LONG HUT DAILY ETF,Themes ETF Trust,mechanism,physical,swap,HIGH
HWAY US,THEMES US INFRASTRUCTURE ETF,Themes ETF Trust,sub_strategy,Thematic,Sector,MEDIUM
HWSM US,HOTCHKIS & WILEY SMID CAP DIVERSIFIED VALUE FUND,Hotchkis and Wiley Funds/DE,asset_class,Multi-Asset,Equity,HIGH
HWSM US,HOTCHKIS & WILEY SMID CAP DIVERSIFIED VALUE FUND,Hotchkis and Wiley Funds/DE,mechanism,physical,options,MEDIUM
HYBI US,NEOS ENHANCED INCOME CREDIT SELECT ETF,Neos ETF Trust,primary_strategy,Income,Plain Beta,HIGH
HYBI US,NEOS ENHANCED INCOME CREDIT SELECT ETF,Neos ETF Trust,sub_strategy,Derivative Income > Covered Call,Broad,HIGH
HYBI US,NEOS ENHANCED INCOME CREDIT SELECT ETF,Neos ETF Trust,mechanism,physical,options,MEDIUM
HYDR US,GLOBAL X HYDROGEN ETF,Global X ETFs/USA,sub_strategy,Thematic,Broad,MEDIUM
HYGA US,TWIN OAK ENHANCED CREDIT ETF,Twin Oak ETF Co/USA,mechanism,physical,swap,HIGH
HYGH US,ISHARES INTEREST RATE HEDGED HIGH YIELD BOND ETF,iShares US ETF Trust,mechanism,physical,options,MEDIUM
HYGV US,FLEXSHARES HIGH YIELD VALUE-SCORED BOND INDEX FUND,FlexShares ETFs/USA,sub_strategy,Style,Broad,HIGH
HYGW US,ISHARES HIGH YIELD CORPORATE BOND BUYWRITE STRATEGY ETF,iShares Trust,mechanism,physical,options,HIGH
HYHG US,PROSHARES HIGH YIELD-INTEREST RATE HEDGED ETF,ProShares Trust,mechanism,physical,swap,HIGH
HYIN US,WISDOMTREE PRIVATE CREDIT AND ALTERNATIVE INCOME FUND,WisdomTree ETFs/USA,asset_class,Fixed Income,Equity,HIGH
HYSA US,BONDBLOXX USD HIGH YIELD SECTOR ROTATION,BondBloxx ETF Trust,sub_strategy,Sector,Broad,HIGH
HYTI US,FT VEST HIGH YIELD & TARGET INCOME ETF,First Trust Exchange-Traded Fu,primary_strategy,Income,Plain Beta,HIGH
HYTI US,FT VEST HIGH YIELD & TARGET INCOME ETF,First Trust Exchange-Traded Fu,sub_strategy,Derivative Income > Covered Call,Broad,HIGH
HYTI US,FT VEST HIGH YIELD & TARGET INCOME ETF,First Trust Exchange-Traded Fu,mechanism,physical,options,MEDIUM
IAK US,ISHARES U.S. INSURANCE ETF,iShares Trust,sub_strategy,Broad,Sector,MEDIUM
IALT US,ISHARES SYSTEMATIC ALTERNATIVES ACTIVE ETF,BlackRock ETF Trust,primary_strategy,Risk Mgmt,Plain Beta,HIGH
IALT US,ISHARES SYSTEMATIC ALTERNATIVES ACTIVE ETF,BlackRock ETF Trust,sub_strategy,Alternatives,Broad,HIGH
IAPR US,INNOVATOR INTERNATIONAL DEVELOPED POWER BUFFER ETF - APRIL,Innovator ETF Trust,mechanism,physical,options,HIGH
IAUG US,INNOVATOR INTERNATIONAL DEVELOPED POWER BUFFER ETF - AUGUST,Innovator ETF Trust,mechanism,physical,options,HIGH
IAUI US,NEOS GOLD HIGH INCOME ETF,Neos ETF Trust,mechanism,physical,options,MEDIUM
IBAT US,ISHARES ENERGY STORAGE & MATERIALS ETF,iShares Trust,sub_strategy,Broad,Sector,MEDIUM
IBFR US,INNOVATOR INTERNATIONAL DEVELOPED MANAGED 10 BUFFER ETF,Innovator ETF Trust,mechanism,physical,options,HIGH
IBLC US,ISHARES BLOCKCHAIN AND TECH ETF,iShares Trust,asset_class,Equity,Crypto,HIGH
IBLC US,ISHARES BLOCKCHAIN AND TECH ETF,iShares Trust,sub_strategy,Thematic,Single-Access,MEDIUM
IBOT US,VANECK ROBOTICS ETF,VanEck ETFs/USA,sub_strategy,Thematic,Broad,LOW
IBUF US,INNOVATOR INTERNATIONAL DEVELOPED 10 BUFFER ETF - QUARTERLY,Innovator ETF Trust,mechanism,physical,options,HIGH
IBUY US,AMPLIFY ONLINE RETAIL ETF,Amplify ETF Trust,sub_strategy,Thematic,Sector,MEDIUM
IBX US,TRADR 2X LONG IBM DAILY ETF,Investment Managers Series Tru,mechanism,physical,swap,HIGH
ICOI US,BITWISE COIN OPTION INCOME STRATEGY ETF,Bitwise Funds Trust,underlier_name,COIN US,COIN,HIGH
ICOI US,BITWISE COIN OPTION INCOME STRATEGY ETF,Bitwise Funds Trust,mechanism,physical,options,HIGH
ICOP US,ISHARES COPPER AND METALS MINING ETF,iShares Trust,asset_class,Commodity,Equity,HIGH
ICOP US,ISHARES COPPER AND METALS MINING ETF,iShares Trust,sub_strategy,Broad,Sector,MEDIUM
ICPY US,TWEEDY BROWNE INTERNATIONAL INSIDER + VALUE ETF,RBB Fund Trust/The,sub_strategy,Style,Broad,MEDIUM
ICRC US,BITWISE CRCL OPTION INCOME STRATEGY ETF,Bitwise Funds Trust,underlier_name,CRCL US,CRCL,HIGH
ICRC US,BITWISE CRCL OPTION INCOME STRATEGY ETF,Bitwise Funds Trust,mechanism,physical,options,HIGH
IDEC US,INNOVATOR INTERNATIONAL DEVELOPED POWER BUFFER ETF - DECEMBER,Innovator ETF Trust,mechanism,physical,options,HIGH
IDEF US,ISHARES DEFENSE INDUSTRIALS ACTIVE ETF,BlackRock ETF Trust,sub_strategy,Thematic,Broad,LOW
IDHQ US,INVESCO S&P INTERNATIONAL DEVELOPED QUALITY ETF,Invesco Exchange-Traded Fund T,sub_strategy,Style,Sector,MEDIUM
IDLV US,INVESCO S&P INTERNATIONAL DEVELOPED LOW VOLATILITY ETF,Invesco Exchange-Traded Fund T,sub_strategy,Style,Broad,MEDIUM
IDMO US,INVESCO S&P INTERNATIONAL DEVELOPED MOMENTUM ETF,Invesco Exchange-Traded Fund T,sub_strategy,Style,Broad,MEDIUM
IDOG US,ALPS INTERNATIONAL SECTOR DIVIDEND DOGS ETF,ALPS ETF Trust,sub_strategy,Sector,Broad,MEDIUM
IDUB US,APTUS INTERNATIONAL ENHANCED YIELD ETF,ETF Series Solutions/Aptus Cap,mechanism,physical,options,MEDIUM
IDVO US,AMPLIFY CWP INTERNATIONAL ENHANCED DIVIDEND INCOME ETF,Amplify ETF Trust,mechanism,physical,options,HIGH
IEMG US,ISHARES CORE MSCI EMERGING MARKETS ETF,iShares Inc,sub_strategy,Broad,Sector,MEDIUM
IEO US,ISHARES U.S. OIL & GAS EXPLORATION & PRODUCTION ETF,iShares Trust,asset_class,Commodity,Equity,HIGH
IEO US,ISHARES U.S. OIL & GAS EXPLORATION & PRODUCTION ETF,iShares Trust,sub_strategy,Broad,Sector,MEDIUM
IETC US,ISHARES U.S. TECH INDEPENDENCE FOCUSED ETF,iShares US ETF Trust,sub_strategy,Broad,Sector,MEDIUM
IETH US,BITWISE ETHEREUM OPTION INCOME STRATEGY ETF,Bitwise Funds Trust,primary_strategy,Income,Plain Beta,HIGH
IETH US,BITWISE ETHEREUM OPTION INCOME STRATEGY ETF,Bitwise Funds Trust,sub_strategy,Derivative Income > Covered Call,Single-Access,HIGH
IETH US,BITWISE ETHEREUM OPTION INCOME STRATEGY ETF,Bitwise Funds Trust,mechanism,physical,options,MEDIUM
IEZ US,ISHARES U.S. OIL EQUIPMENT & SERVICES ETF,iShares Trust,asset_class,Commodity,Equity,HIGH
IFEB US,INNOVATOR INTERNATIONAL DEVELOPED POWER BUFFER ETF - FEBRUARY,Innovator ETF Trust,mechanism,physical,options,HIGH
IFLO US,VICTORYSHARES INTERNATIONAL FREE CASH FLOW ETF,Victory Portfolios II,mechanism,physical,options,MEDIUM
IFLR US,INNOVATOR INTERNATIONAL DEVELOPED MANAGED FLOOR ETF,Innovator ETF Trust,sub_strategy,Buffer,Floor,MEDIUM
IFLR US,INNOVATOR INTERNATIONAL DEVELOPED MANAGED FLOOR ETF,Innovator ETF Trust,mechanism,physical,options,HIGH
IFRA US,ISHARES U.S. INFRASTRUCTURE ETF,iShares Trust,sub_strategy,Thematic,Broad,LOW
IGE US,ISHARES NORTH AMERICAN NATURAL RESOURCES ETF,iShares Trust,sub_strategy,Thematic,Broad,LOW
IGF US,ISHARES GLOBAL INFRASTRUCTURE ETF,iShares Trust,sub_strategy,Thematic,Sector,MEDIUM
IGGY US,AB INTERNATIONAL GROWTH ETF,AB Active ETFs Inc,sub_strategy,Style,Broad,MEDIUM
IGHG US,PROSHARES INVESTMENT GRADE-INTEREST RATE HEDGED ETF,ProShares Trust,mechanism,physical,swap,HIGH
IGLD US,FT VEST GOLD STRATEGY TARGET INCOME ETF,First Trust Exchange-Traded Fu,primary_strategy,Income,Plain Beta,HIGH
IGLD US,FT VEST GOLD STRATEGY TARGET INCOME ETF,First Trust Exchange-Traded Fu,sub_strategy,Derivative Income > Covered Call,Broad,HIGH
IGLD US,FT VEST GOLD STRATEGY TARGET INCOME ETF,First Trust Exchange-Traded Fu,mechanism,physical,options,MEDIUM
IGME US,BITWISE GME OPTION INCOME STRATEGY ETF,Bitwise Funds Trust,underlier_name,GME US,GME,HIGH
IGME US,BITWISE GME OPTION INCOME STRATEGY ETF,Bitwise Funds Trust,mechanism,physical,options,HIGH
IGRO US,ISHARES INTERNATIONAL DIVIDEND GROWTH ETF,iShares Trust,sub_strategy,Style,Broad,MEDIUM
IGWY US,PROSHARES CDS SHORT NORTH AMERICAN INVESTMENT GRADE CREDIT ETF,ProShares Trust,asset_class,Volatility,Multi-Asset,HIGH
IGWY US,PROSHARES CDS SHORT NORTH AMERICAN INVESTMENT GRADE CREDIT ETF,ProShares Trust,sub_strategy,VIX,Broad,LOW
IGWY US,PROSHARES CDS SHORT NORTH AMERICAN INVESTMENT GRADE CREDIT ETF,ProShares Trust,mechanism,futures,swap,HIGH
IHDG US,WISDOMTREE INTERNATIONAL HEDGED QUALITY DIVIDEND GROWTH FUND,WisdomTree ETFs/USA,sub_strategy,Style,Broad,MEDIUM
IHF US,ISHARES U.S. HEALTHCARE PROVIDERS ETF,iShares Trust,sub_strategy,Broad,Sector,MEDIUM
IHI US,ISHARES U.S. MEDICAL DEVICES ETF,iShares Trust,sub_strategy,Thematic,Sector,MEDIUM
IJAN US,INNOVATOR INTERNATIONAL DEVELOPED POWER BUFFER ETF - JANUARY,Innovator ETF Trust,mechanism,physical,options,HIGH
IJJ US,ISHARES S&P MID-CAP 400 VALUE ETF,iShares Trust,sub_strategy,Style,Sector,MEDIUM
IJUL US,INNOVATOR INTERNATIONAL DEVELOPED POWER BUFFER ETF - JULY,Innovator ETF Trust,mechanism,physical,options,HIGH
IJUN US,INNOVATOR INTERNATIONAL DEVELOPED POWER BUFFER ETF - JUNE,Innovator ETF Trust,mechanism,physical,options,HIGH
ILIT US,ISHARES LITHIUM MINERS AND PRODUCERS ETF,iShares Trust,mechanism,physical,options,MEDIUM
ILOW US,AB INTERNATIONAL LOW VOLATILITY EQUITY ETF,AB Active ETFs Inc,sub_strategy,Style,Broad,MEDIUM
ILS US,BROOKMONT CATASTROPHIC BOND ETF,ETF Opportunities Trust/Brookm,asset_class,Fixed Income,Multi-Asset,HIGH
IMAR US,INNOVATOR INTERNATIONAL DEVELOPED POWER BUFFER ETF - MARCH,Innovator ETF Trust,mechanism,physical,options,HIGH
IMAY US,INNOVATOR INTERNATIONAL DEVELOPED POWER BUFFER ETF - MAY,Innovator ETF Trust,mechanism,physical,options,HIGH
IMF US,INVESCO MANAGED FUTURES STRATEGY ETF,Powershares Actively Managed E,primary_strategy,Risk Mgmt,Plain Beta,HIGH
IMF US,INVESCO MANAGED FUTURES STRATEGY ETF,Powershares Actively Managed E,sub_strategy,Trend / Managed Futures,Broad,HIGH
IMF US,INVESCO MANAGED FUTURES STRATEGY ETF,Powershares Actively Managed E,mechanism,physical,options,MEDIUM
IMOM US,ALPHA ARCHITECT INTERNATIONAL QUANTITATIVE MOMENTUM ETF,EA Series Trust,sub_strategy,Style,Broad,MEDIUM
IMRA US,BITWISE MARA OPTION INCOME STRATEGY ETF,Bitwise Funds Trust,underlier_name,MARA US,MARA,HIGH
IMRA US,BITWISE MARA OPTION INCOME STRATEGY ETF,Bitwise Funds Trust,mechanism,physical,options,HIGH
IMST US,BITWISE MSTR OPTION INCOME STRATEGY ETF,Bitwise Funds Trust,underlier_name,MSTR US,MSTR,HIGH
IMST US,BITWISE MSTR OPTION INCOME STRATEGY ETF,Bitwise Funds Trust,mechanism,physical,options,HIGH
IMTM US,ISHARES MSCI INTERNATIONAL MOMENTUM FACTOR ETF,iShares Trust,sub_strategy,Style,Broad,MEDIUM
INCM US,FRANKLIN INCOME FOCUS ETF,Franklin Templeton ETF Trust,sub_strategy,Allocation,Broad,HIGH
INCM US,FRANKLIN INCOME FOCUS ETF,Franklin Templeton ETF Trust,mechanism,physical,options,MEDIUM
INCO US,COLUMBIA INDIA CONSUMER ETF,Columbia ETF Trust II,sub_strategy,Thematic,Broad,MEDIUM
INDH US,WISDOMTREE INDIA HEDGED EQUITY FUND,WisdomTree ETFs/USA,primary_strategy,Risk Mgmt,Plain Beta,MEDIUM
INDH US,WISDOMTREE INDIA HEDGED EQUITY FUND,WisdomTree ETFs/USA,sub_strategy,Hedged Equity,Broad,MEDIUM
INDL US,DIREXION DAILY MSCI INDIA BULL 2X ETF,Direxion ETFs/USA,mechanism,physical,swap,HIGH
INDQ US,PACER ACTIVEALPHA INDIA QUALITY ETF,Pacer ETFs/USA,sub_strategy,Style,Broad,MEDIUM
INFL US,HORIZON KINETICS INFLATION BENEFICIARIES ETF,Horizon Kinetics ETF/US,sub_strategy,Thematic,Broad,LOW
INKM US,STATE STREET INCOME ALLOCATION ETF,SSGA Active Trust,sub_strategy,Allocation,Broad,HIGH
INOV US,INNOVATOR INTERNATIONAL DEVELOPED POWER BUFFER ETF - NOVEMBER,Innovator ETF Trust,mechanism,physical,options,HIGH
INQQ US,INQQ THE INDIA INTERNET ETF,Exchange-Traded Concepts ETFs/,sub_strategy,Thematic,Broad,MEDIUM
INTW US,GRANITESHARES 2X LONG INTC DAILY ETF,GraniteShares ETF Trust,underlier_name,INTC US,INTC,HIGH
INTW US,GRANITESHARES 2X LONG INTC DAILY ETF,GraniteShares ETF Trust,mechanism,physical,swap,HIGH
IOCT US,INNOVATOR INTERNATIONAL DEVELOPED POWER BUFFER ETF - OCTOBER,Innovator ETF Trust,mechanism,physical,options,HIGH
IONL US,GRANITESHARES 2X LONG IONQ DAILY ETF,GraniteShares ETF Trust,underlier_name,IONQ US,IONQ,HIGH
IONL US,GRANITESHARES 2X LONG IONQ DAILY ETF,GraniteShares ETF Trust,mechanism,physical,swap,HIGH
IONX US,DEFIANCE DAILY TARGET 2X LONG IONQ ETF,Tidal Trust II,underlier_name,IONQ US,IONQ,HIGH
IONX US,DEFIANCE DAILY TARGET 2X LONG IONQ ETF,Tidal Trust II,mechanism,physical,swap,HIGH
IONZ US,DEFIANCE DAILY TARGET 2X SHORT IONQ ETF,Tidal Trust II,underlier_name,IONQ US,IONQ,HIGH
IONZ US,DEFIANCE DAILY TARGET 2X SHORT IONQ ETF,Tidal Trust II,mechanism,physical,swap,HIGH
IOYY US,GRANITESHARES YIELDBOOST IONQ ETF,GraniteShares ETF Trust,concentration,single,basket,MEDIUM
IOYY US,GRANITESHARES YIELDBOOST IONQ ETF,GraniteShares ETF Trust,mechanism,physical,options,HIGH
IPAV US,GLOBAL X INFRASTRUCTURE DEVELOPMENT EX-US ETF,Global X ETFs/USA,sub_strategy,Thematic,Broad,MEDIUM
IPAY US,AMPLIFY DIGITAL PAYMENTS ETF,Amplify ETF Trust,sub_strategy,Thematic,Sector,MEDIUM
IPO US,RENAISSANCE IPO ETF,Renaissance ETFs/USA,sub_strategy,Thematic,Broad,LOW
IPOS US,RENAISSANCE INTERNATIONAL IPO ETF,Renaissance ETFs/USA,sub_strategy,Thematic,Broad,MEDIUM
IQDF US,FLEXSHARES INTERNATIONAL QUALITY DIVIDEND INDEX FUND,FlexShares ETFs/USA,sub_strategy,Style,Broad,MEDIUM
IQDG US,WISDOMTREE INTERNATIONAL QUALITY DIVIDEND GROWTH FUND,WisdomTree ETFs/USA,sub_strategy,Style,Broad,MEDIUM
IQDY US,FLEXSHARES INTERNATIONAL QUALITY DIVIDEND DYNAMIC INDEX FUND,FlexShares ETFs/USA,sub_strategy,Style,Broad,MEDIUM
IQLT US,ISHARES MSCI INTERNATIONAL QUALITY FACTOR ETF,iShares Trust,sub_strategy,Style,Broad,MEDIUM
IQM US,FRANKLIN INTELLIGENT MACHINES ETF,Franklin Templeton ETF Trust,sub_strategy,Thematic,Broad,LOW
IQMM US,PROSHARES GENIUS MONEY MARKET ETF,ProShares Trust,asset_class,Equity,Fixed Income,HIGH
IQQQ US,PROSHARES NASDAQ-100 HIGH INCOME ETF,ProShares Trust,mechanism,physical,swap,HIGH
IQRA US,NYLI CBRE REAL ASSETS ETF,New York Life Investment Manag,sub_strategy,Thematic,Sector,MEDIUM
IRE US,DEFIANCE DAILY TARGET 2X LONG IREN ETF,Tidal Trust II,underlier_name,IREN US,IREN,HIGH
IRE US,DEFIANCE DAILY TARGET 2X LONG IREN ETF,Tidal Trust II,mechanism,physical,swap,HIGH
IREG US,LEVERAGE SHARES 2X LONG IREN DAILY ETF,Themes ETF Trust,underlier_name,IREN US,IREN,HIGH
IREG US,LEVERAGE SHARES 2X LONG IREN DAILY ETF,Themes ETF Trust,mechanism,physical,swap,HIGH
IREX US,TRADR 2X LONG IREN DAILY ETF,Investment Managers Series Tru,underlier_name,IREN US,IREN,HIGH
IREX US,TRADR 2X LONG IREN DAILY ETF,Investment Managers Series Tru,mechanism,physical,swap,HIGH
IREZ US,TRADR 2X SHORT IREN DAILY ETF,Investment Managers Series Tru,mechanism,physical,swap,HIGH
IRTR US,ISHARES LIFEPATH RETIREMENT ETF,iShares Trust,sub_strategy,Allocation,Broad,HIGH
IRVH US,GLOBAL X INTEREST RATE VOLATILITY & INFLATION HEDGE ETF,Global X ETFs/USA,primary_strategy,Risk Mgmt,Plain Beta,HIGH
IRVH US,GLOBAL X INTEREST RATE VOLATILITY & INFLATION HEDGE ETF,Global X ETFs/USA,sub_strategy,Hedged Equity,Broad,HIGH
IRVH US,GLOBAL X INTEREST RATE VOLATILITY & INFLATION HEDGE ETF,Global X ETFs/USA,mechanism,physical,options,MEDIUM
ISBG US,INCOMESTKD 1X BITCOIN & 1X GOLD PREMIUM ETF,Tidal Trust II,primary_strategy,Income,L&I,HIGH
ISBG US,INCOMESTKD 1X BITCOIN & 1X GOLD PREMIUM ETF,Tidal Trust II,sub_strategy,Derivative Income > Covered Call,Long,HIGH
ISBG US,INCOMESTKD 1X BITCOIN & 1X GOLD PREMIUM ETF,Tidal Trust II,mechanism,physical,swap,MEDIUM
ISEP US,INNOVATOR INTERNATIONAL DEVELOPED POWER BUFFER ETF-SEPTEMBER,Innovator ETF Trust,mechanism,physical,options,HIGH
ISHP US,FIRST TRUST S-NETWORK E-COMMERCE ETF,First Trust Exchange-Traded Fu,sub_strategy,Thematic,Broad,LOW
ISMD US,INSPIRE SMALL/MID CAP ETF,Northern Lights Fund Trust IV/,sub_strategy,Thematic,Broad,LOW
ISMF US,ISHARES MANAGED FUTURES ACTIVE ETF,BlackRock ETF Trust,primary_strategy,Risk Mgmt,Plain Beta,HIGH
ISMF US,ISHARES MANAGED FUTURES ACTIVE ETF,BlackRock ETF Trust,sub_strategy,Trend / Managed Futures,Broad,HIGH
ISMF US,ISHARES MANAGED FUTURES ACTIVE ETF,BlackRock ETF Trust,mechanism,physical,swap,HIGH
ISPY US,PROSHARES S&P 500 HIGH INCOME ETF,ProShares Trust,mechanism,physical,swap,HIGH
ISSB US,INCOMESTKD 1X US STOCKS & 1X BITCOIN PREMIUM ETF,Tidal Trust II,primary_strategy,Income,Plain Beta,HIGH
ISSB US,INCOMESTKD 1X US STOCKS & 1X BITCOIN PREMIUM ETF,Tidal Trust II,sub_strategy,Derivative Income > Covered Call,Single-Access,HIGH
ISSB US,INCOMESTKD 1X US STOCKS & 1X BITCOIN PREMIUM ETF,Tidal Trust II,mechanism,physical,options,MEDIUM
ISUL US,GRANITESHARES 2X LONG ISRG DAILY ETF,GraniteShares ETF Trust,mechanism,physical,swap,HIGH
ISVL US,ISHARES INTERNATIONAL DEVELOPED SMALL CAP VALUE FACTOR ETF,iShares Trust,sub_strategy,Style,Broad,MEDIUM
ISWN US,AMPLIFY BLACKSWAN ISWN ETF,Amplify ETF Trust,sub_strategy,Allocation,Broad,HIGH
ITA US,ISHARES U.S. AEROSPACE & DEFENSE ETF,iShares Trust,sub_strategy,Thematic,Broad,LOW
ITB US,ISHARES U.S. HOME CONSTRUCTION ETF,iShares Trust,sub_strategy,Thematic,Broad,LOW
ITDB US,ISHARES LIFEPATH TARGET DATE 2030 ETF,iShares Trust,sub_strategy,Allocation,Broad,HIGH
ITDC US,ISHARES LIFEPATH TARGET DATE 2035 ETF,iShares Trust,sub_strategy,Allocation,Broad,HIGH
ITDD US,ISHARES LIFEPATH TARGET DATE 2040 ETF,iShares Trust,sub_strategy,Allocation,Broad,HIGH
ITDE US,ISHARES LIFEPATH TARGET DATE 2045 ETF,iShares Trust,sub_strategy,Allocation,Broad,HIGH
ITDF US,ISHARES LIFEPATH TARGET DATE 2050 ETF,iShares Trust,sub_strategy,Allocation,Broad,HIGH
ITDG US,ISHARES LIFEPATH TARGET DATE 2055 ETF,iShares Trust,sub_strategy,Allocation,Broad,HIGH
ITDH US,ISHARES LIFEPATH TARGET DATE 2060 ETF,iShares Trust,sub_strategy,Allocation,Broad,HIGH
ITDI US,ISHARES LIFEPATH TARGET DATE 2065 ETF,iShares Trust,sub_strategy,Allocation,Broad,HIGH
ITDJ US,ISHARES LIFEPATH TARGET DATE 2070 ETF,iShares Trust,sub_strategy,Allocation,Broad,HIGH
ITWO US,PROSHARES RUSSELL 2000 HIGH INCOME ETF,ProShares Trust,mechanism,physical,options,HIGH
IVAL US,ALPHA ARCHITECT INTERNATIONAL QUANTITATIVE VALUE ETF,EA Series Trust,sub_strategy,Style,Broad,MEDIUM
IVLU US,ISHARES MSCI INTERNATIONAL VALUE FACTOR ETF,iShares Trust,sub_strategy,Style,Broad,MEDIUM
IVOL US,QUADRATIC INTEREST RATE VOLATILITY AND INFLATION HEDGE ETF,KraneShares Trust,primary_strategy,Risk Mgmt,Plain Beta,HIGH
IVOL US,QUADRATIC INTEREST RATE VOLATILITY AND INFLATION HEDGE ETF,KraneShares Trust,sub_strategy,Hedged Equity,Broad,HIGH
IVOL US,QUADRATIC INTEREST RATE VOLATILITY AND INFLATION HEDGE ETF,KraneShares Trust,mechanism,physical,swap,HIGH
IVVB US,ISHARES LARGE CAP DEEP QUARTERLY LADDERED ETF,Blackrock ETF Trust II,asset_class,Fixed Income,Equity,HIGH
IVVB US,ISHARES LARGE CAP DEEP QUARTERLY LADDERED ETF,Blackrock ETF Trust II,primary_strategy,Plain Beta,Defined Outcome,HIGH
IVVB US,ISHARES LARGE CAP DEEP QUARTERLY LADDERED ETF,Blackrock ETF Trust II,sub_strategy,Bond Ladder,Buffer,HIGH
IVVB US,ISHARES LARGE CAP DEEP QUARTERLY LADDERED ETF,Blackrock ETF Trust II,mechanism,physical,options,HIGH
IVVM US,ISHARES LARGE CAP MODERATE QUARTERLY LADDERED ETF,Blackrock ETF Trust II,asset_class,Fixed Income,Equity,HIGH
IVVM US,ISHARES LARGE CAP MODERATE QUARTERLY LADDERED ETF,Blackrock ETF Trust II,primary_strategy,Plain Beta,Defined Outcome,HIGH
IVVM US,ISHARES LARGE CAP MODERATE QUARTERLY LADDERED ETF,Blackrock ETF Trust II,sub_strategy,Bond Ladder,Buffer,HIGH
IVVM US,ISHARES LARGE CAP MODERATE QUARTERLY LADDERED ETF,Blackrock ETF Trust II,mechanism,physical,options,HIGH
IVVW US,ISHARES S&P 500 BUYWRITE ETF,iShares Trust,mechanism,physical,options,HIGH
IWDL US,ETRACS 2X LEVERAGED US VALUE FACTOR TR ETN,ETRACS ETNs/UBS AG/London/USA,direction,long,neutral,HIGH
IWDL US,ETRACS 2X LEVERAGED US VALUE FACTOR TR ETN,ETRACS ETNs/UBS AG/London/USA,concentration,single,basket,MEDIUM
IWDL US,ETRACS 2X LEVERAGED US VALUE FACTOR TR ETN,ETRACS ETNs/UBS AG/London/USA,mechanism,physical,swap,MEDIUM
IWFL US,ETRACS 2X LEVERAGED US GROWTH FACTOR TR ETN,ETRACS ETNs/UBS AG/London/USA,direction,long,neutral,HIGH
IWFL US,ETRACS 2X LEVERAGED US GROWTH FACTOR TR ETN,ETRACS ETNs/UBS AG/London/USA,concentration,single,basket,MEDIUM
IWFL US,ETRACS 2X LEVERAGED US GROWTH FACTOR TR ETN,ETRACS ETNs/UBS AG/London/USA,mechanism,physical,swap,MEDIUM
IWMI US,NEOS RUSSELL 2000 HIGH INCOME ETF,Neos ETF Trust,primary_strategy,Income,Plain Beta,LOW
IWMI US,NEOS RUSSELL 2000 HIGH INCOME ETF,Neos ETF Trust,sub_strategy,Derivative Income > Covered Call,Broad,LOW
IWMI US,NEOS RUSSELL 2000 HIGH INCOME ETF,Neos ETF Trust,mechanism,physical,options,MEDIUM
IWML US,ETRACS 2X LEVERAGED US SIZE FACTOR TR ETN,ETRACS ETNs/UBS AG/London/USA,direction,long,neutral,HIGH
IWML US,ETRACS 2X LEVERAGED US SIZE FACTOR TR ETN,ETRACS ETNs/UBS AG/London/USA,concentration,single,basket,MEDIUM
IWML US,ETRACS 2X LEVERAGED US SIZE FACTOR TR ETN,ETRACS ETNs/UBS AG/London/USA,mechanism,physical,swap,HIGH
IWMW US,ISHARES RUSSELL 2000 BUYWRITE ETF,iShares Trust,mechanism,physical,options,HIGH
IWMY US,DEFIANCE R2000 WEEKLY DISTRIBUTION ETF,Tidal Trust II,mechanism,physical,options,HIGH
IWN US,ISHARES RUSSELL 2000 VALUE ETF,iShares Trust,sub_strategy,Style,Sector,MEDIUM
IWV US,ISHARES RUSSELL 3000 ETF,iShares Trust,sub_strategy,Broad,Sector,MEDIUM
IXC US,ISHARES GLOBAL ENERGY ETF,iShares Trust,sub_strategy,Broad,Sector,MEDIUM
IXJ US,ISHARES GLOBAL HEALTHCARE ETF,iShares Trust,sub_strategy,Broad,Sector,MEDIUM
IXN US,ISHARES GLOBAL TECH ETF,iShares Trust,sub_strategy,Broad,Sector,MEDIUM
IYE US,ISHARES U.S. ENERGY ETF,iShares Trust,sub_strategy,Broad,Sector,MEDIUM
IYF US,ISHARES U.S. FINANCIALS ETF,iShares Trust,sub_strategy,Broad,Sector,MEDIUM
IYG US,ISHARES U.S. FINANCIAL SERVICES ETF,iShares Trust,sub_strategy,Broad,Sector,MEDIUM
IYH US,ISHARES U.S. HEALTHCARE ETF,iShares Trust,sub_strategy,Broad,Sector,MEDIUM
IYJ US,ISHARES U.S. INDUSTRIALS ETF,iShares Trust,sub_strategy,Broad,Sector,MEDIUM
IYLD US,ISHARES MORNINGSTAR MULTI-ASSET INCOME ETF,iShares Trust,sub_strategy,Allocation,Broad,HIGH
IYM US,ISHARES U.S. BASIC MATERIALS ETF,iShares Trust,sub_strategy,Broad,Sector,MEDIUM
IYRI US,NEOS REAL ESTATE HIGH INCOME ETF,Neos ETF Trust,primary_strategy,Income,Plain Beta,MEDIUM
IYRI US,NEOS REAL ESTATE HIGH INCOME ETF,Neos ETF Trust,sub_strategy,Derivative Income > Covered Call,Sector,MEDIUM
IYW US,ISHARES U.S. TECHNOLOGY ETF,iShares Trust,sub_strategy,Broad,Sector,MEDIUM
JAJL US,INNOVATOR EQUITY DEFINED PROTECTION ETF - 6 MO JAN/JUL,Innovator ETF Trust,mechanism,physical,options,HIGH
JANB US,APTUS JANUARY BUFFER ETF,ETF Series Solutions/Aptus Cap,mechanism,physical,options,HIGH
JANH US,INNOVATOR PREMIUM INCOME 20 BARRIER ETF - JANUARY,Innovator ETF Trust,mechanism,physical,options,HIGH
JANI US,ALLIANZIM INTERNATIONAL EQUITY BUFFER15 UNCAPPED JAN ETF,AIM ETF Products Trust,mechanism,physical,options,HIGH
JANJ US,INNOVATOR PREMIUM INCOME 30 BARRIER ETF - JANUARY,Innovator ETF Trust,mechanism,physical,options,HIGH
JANM US,FT VEST US EQUITY MAX BUFFER ETF - JANUARY,First Trust Exchange-Traded Fu,mechanism,physical,options,HIGH
JANP US,PGIM S&P 500 BUFFER 12 ETF - JANUARY,PGIM Rock ETF Trust,mechanism,physical,options,HIGH
JANP US,PGIM S&P 500 BUFFER 12 ETF - JANUARY,PGIM Rock ETF Trust,buffer_pct,12.0,500.0,HIGH
JANT US,ALLIANZIM US EQUITY BUFFER10 JAN ETF,AIM ETF Products Trust,mechanism,physical,options,HIGH
JANU US,ALLIANZIM US EQUITY BUFFER15 UNCAPPED JAN ETF,AIM ETF Products Trust,mechanism,physical,options,HIGH
JANW US,ALLIANZIM US EQ BUFFER20 JAN,AIM ETF Products Trust,mechanism,physical,options,HIGH
JANZ US,ELEVATION SERIES TRUST - TRUESHARES STRUCTURED OUTCOME JANUARY ETF,Elevation Series Trust,mechanism,physical,options,HIGH
JDOC US,JPMORGAN HEALTHCARE LEADERS ETF,JP Morgan Exchange-Traded Fund,sub_strategy,Broad,Sector,MEDIUM
JDST US,DIREXION DAILY JUNIOR GOLD MINERS INDEX BEAR 2X ETF,Direxion ETFs/USA,mechanism,physical,swap,HIGH
JDVI US,JOHN HANCOCK DISCIPLINED VALUE INTERNATIONAL SELECT ETF,John Hancock Exchange-Traded F,sub_strategy,Style,Broad,MEDIUM
JEDI US,DEFIANCE DRONE AND MODERN WARFARE ETF,ETF Series Solutions/Defiance,sub_strategy,Thematic,Broad,LOW
JEPI US,JPMORGAN EQUITY PREMIUM INCOME ETF,JP Morgan Exchange-Traded Fund,mechanism,physical,options,HIGH
JEPQ US,JPMORGAN NASDAQ EQUITY PREMIUM INCOME ETF,JP Morgan Exchange-Traded Fund,mechanism,physical,options,HIGH
JETD US,MAX AIRLINES -3X INVERSE LEVERAGED ETN,BMO MAX ETNs,concentration,single,basket,MEDIUM
JETD US,MAX AIRLINES -3X INVERSE LEVERAGED ETN,BMO MAX ETNs,mechanism,physical,swap,MEDIUM
JETS US,US GLOBAL JETS ETF,ETF Series Solutions,sub_strategy,Thematic,Broad,MEDIUM
JETU US,MAX AIRLINES 3X LEVERAGED ETN,BMO MAX ETNs,direction,long,neutral,HIGH
JETU US,MAX AIRLINES 3X LEVERAGED ETN,BMO MAX ETNs,concentration,single,basket,MEDIUM
JETU US,MAX AIRLINES 3X LEVERAGED ETN,BMO MAX ETNs,mechanism,physical,swap,MEDIUM
JFLI US,JPMORGAN FLEXIBLE INCOME ETF,JP Morgan Exchange-Traded Fund,sub_strategy,Allocation,Broad,HIGH
JFLI US,JPMORGAN FLEXIBLE INCOME ETF,JP Morgan Exchange-Traded Fund,mechanism,physical,options,MEDIUM
JFLX US,JPMORGAN FLEXIBLE DEBT ETF,JP Morgan Exchange-Traded Fund,mechanism,physical,options,MEDIUM
JHDG US,JOHN HANCOCK HEDGED EQUITY ETF,John Hancock Exchange-Traded F,primary_strategy,Income,Plain Beta,LOW
JHDG US,JOHN HANCOCK HEDGED EQUITY ETF,John Hancock Exchange-Traded F,sub_strategy,Derivative Income > Covered Call,Broad,LOW
JHDV US,JOHN HANCOCK US HIGH DIVIDEND ETF,John Hancock Exchange-Traded F,sub_strategy,Style,Broad,LOW
JHHY US,JOHN HANCOCK HIGH YIELD ETF,John Hancock Exchange-Traded F,mechanism,physical,options,MEDIUM
JHID US,JOHN HANCOCK INTERNATIONAL HIGH DIVIDEND ETF,John Hancock Exchange-Traded F,sub_strategy,Style,Broad,MEDIUM
JIG US,JPMORGAN INTERNATIONAL GROWTH ETF,JP Morgan Exchange-Traded Fund,sub_strategy,Style,Broad,MEDIUM
JIVE US,JPMORGAN INTERNATIONAL VALUE ETF,JP Morgan Exchange-Traded Fund,sub_strategy,Style,Broad,MEDIUM
JJETF US,IPATH BLOOMBERG ENERGY SUBINDEX TOTAL RETURN ETN,Barclays Bank PLC,mechanism,physical,options,MEDIUM
JMMF US,JPMORGAN 100% US TREASURY SECURITIES MONEY MARKET ETF,JP Morgan Exchange-Traded Fund,asset_class,Equity,Fixed Income,HIGH
JNEU US,ALLIANZIM US EQUITY BUFFER15 UNCAPPED JUN ETF,AIM ETF Products Trust,mechanism,physical,options,HIGH
JNUG US,DIREXION DAILY JUNIOR GOLD MINERS INDEX BULL 2X ETF,Direxion ETFs/USA,mechanism,physical,swap,HIGH
JOBX US,TRADR 2X LONG JOBY DAILY ETF,Investment Managers Series Tru,underlier_name,JOBY US,JOBY,HIGH
JOBX US,TRADR 2X LONG JOBY DAILY ETF,Investment Managers Series Tru,mechanism,physical,swap,HIGH
JOET US,VIRTUS TERRANOVA U.S. QUALITY MOMENTUM ETF,Virtus ETF Trust II,sub_strategy,Thematic,Style,LOW
JPEM US,JPMORGAN DIVERSIFIED RETURN EMERGING MARKETS EQUITY ETF,JP Morgan Exchange-Traded Fund,asset_class,Multi-Asset,Equity,HIGH
JPIN US,JPMORGAN DIVERSIFIED RETURN INTERNATIONAL EQUITY ETF,JP Morgan Exchange-Traded Fund,sub_strategy,Style,Broad,MEDIUM
JPME US,JPMORGAN DIVERSIFIED RETURN US MID CAP EQUITY ETF,JP Morgan Exchange-Traded Fund,sub_strategy,Style,Broad,LOW
JPMY US,KURV YIELD PREMIUM STRATEGY JPMORGAN JPM ETF,Neos ETF Trust,asset_class,Volatility,Multi-Asset,HIGH
JPMY US,KURV YIELD PREMIUM STRATEGY JPMORGAN JPM ETF,Neos ETF Trust,primary_strategy,Plain Beta,Income,MEDIUM
JPMY US,KURV YIELD PREMIUM STRATEGY JPMORGAN JPM ETF,Neos ETF Trust,sub_strategy,VIX,Derivative Income > Covered Call,MEDIUM
JPMY US,KURV YIELD PREMIUM STRATEGY JPMORGAN JPM ETF,Neos ETF Trust,mechanism,futures,options,HIGH
JPSE US,JPMORGAN DIVERSIFIED RETURN US SMALL CAP EQUITY ETF,JP Morgan Exchange-Traded Fund,sub_strategy,Style,Broad,LOW
JPUS US,JPMORGAN DIVERSIFIED RETURN US EQUITY ETF,JP Morgan Exchange-Traded Fund,sub_strategy,Style,Broad,LOW
JUCY US,APTUS ENHANCED YIELD ETF,ETF Series Solutions/Aptus Cap,mechanism,physical,options,MEDIUM
JUDO US,JANUS HENDERSON US EQUITY ENHANCED INCOME ETF,Janus Detroit Street Trust,primary_strategy,Income,Plain Beta,LOW
JUDO US,JANUS HENDERSON US EQUITY ENHANCED INCOME ETF,Janus Detroit Street Trust,sub_strategy,Derivative Income > Covered Call,Broad,LOW
JUDO US,JANUS HENDERSON US EQUITY ENHANCED INCOME ETF,Janus Detroit Street Trust,mechanism,physical,options,MEDIUM
JULB US,APTUS JULY BUFFER ETF,ETF Series Solutions/Aptus Cap,mechanism,physical,options,HIGH
JULH US,INNOVATOR PREMIUM INCOME 20 BARRIER ETF-JULY,Innovator ETF Trust,mechanism,physical,options,HIGH
JULJ US,INNOVATOR PREMIUM INCOME 30 BARRIER ETF-JULY,Innovator ETF Trust,mechanism,physical,options,HIGH
JULM US,FT VEST US EQUITY MAX BUFFER ETF - JULY,First Trust Exchange-Traded Fu,mechanism,physical,options,HIGH
JULP US,PGIM S&P 500 BUFFER 12 ETF - JULY,PGIM Rock ETF Trust,mechanism,physical,options,HIGH
JULP US,PGIM S&P 500 BUFFER 12 ETF - JULY,PGIM Rock ETF Trust,buffer_pct,12.0,500.0,HIGH
JULT US,ALLIANZIM US EQUITY BUFFER10 JUL ETF,AIM ETF Products Trust,mechanism,physical,options,HIGH
JULU US,ALLIANZIM US EQUITY BUFFER15 UNCAPPED JUL ETF,AIM ETF Products Trust,mechanism,physical,options,HIGH
JULW US,ALLIANZIM US EQ BUFFER20 JUL,AIM ETF Products Trust,mechanism,physical,options,HIGH
JULZ US,TRUESHARES STRUCTURED OUTCOME JULY ETF,Elevation Series Trust,mechanism,physical,options,HIGH
JUNM US,FT VEST US EQUITY MAX BUFFER ETF - JUNE,First Trust Exchange-Traded Fu,mechanism,physical,options,HIGH
JUNP US,PGIM S&P 500 BUFFER 12 ETF - JUNE,PGIM Rock ETF Trust,mechanism,physical,options,HIGH
JUNP US,PGIM S&P 500 BUFFER 12 ETF - JUNE,PGIM Rock ETF Trust,buffer_pct,12.0,500.0,HIGH
JUNT US,ALLIANZIM US EQUITY BUFFER10 JUN ETF,AIM ETF Products Trust,mechanism,physical,options,HIGH
JUNW US,ALLIANZIM US EQ BUFFER20 JUN,AIM ETF Products Trust,mechanism,physical,options,HIGH
JUNZ US,ELEVATION SERIES TRUST - TRUESHARES STRUCTURED OUTCOME JUNE ETF,Elevation Series Trust,mechanism,physical,options,HIGH
KAPR US,INNOVATOR U.S. SMALL CAP POWER BUFFER ETF - APRIL,Innovator ETF Trust,mechanism,physical,options,HIGH
KAUG US,INNOVATOR US SMALL CAP POWER BUFFER ETF - AUGUST,Innovator ETF Trust,mechanism,physical,options,HIGH
KBAB US,KRANESHARES 2X LONG BABA DAILY ETF,KraneShares Trust,underlier_name,BABA US,BABA,HIGH
KBAB US,KRANESHARES 2X LONG BABA DAILY ETF,KraneShares Trust,mechanism,physical,swap,HIGH
KBDU US,KRANESHARES 2X LONG BIDU DAILY ETF,KraneShares Trust,underlier_name,BIDU US,BIDU,HIGH
KBDU US,KRANESHARES 2X LONG BIDU DAILY ETF,KraneShares Trust,mechanism,physical,swap,HIGH
KBE US,STATE STREET SPDR S&P BANK ETF,SPDR Series Trust,sub_strategy,Broad,Sector,MEDIUM
KBFR US,INNOVATOR US SMALL CAP MANAGED 10 BUFFER ETF,Innovator ETF Trust,mechanism,physical,options,HIGH
KBUF US,KRANESHARES 90% KWEB DEFINED OUTCOME JANUARY 2027 ETF,KraneShares Trust,mechanism,physical,options,HIGH
KBWB US,INVESCO KBW BANK ETF,Invesco Exchange-Traded Fund T,sub_strategy,Broad,Sector,MEDIUM
KBWD US,INVESCO KBW HIGH DIVIDEND YIELD FINANCIAL ETF,Invesco Exchange-Traded Fund T,sub_strategy,Style,Sector,MEDIUM
KBWP US,INVESCO KBW PROPERTY & CASUALTY ETF,Invesco Exchange-Traded Fund T,sub_strategy,Broad,Sector,MEDIUM
KCOP US,KURV COPPER & MINING ENHANCED INCOME ETF,Kurv ETF Trust,mechanism,physical,options,MEDIUM
KDEC US,INNOVATOR US SMALL CAP POWER BUFFER ETF - DECEMBER,Innovator ETF Trust,mechanism,physical,options,HIGH
KDEF US,PLUS KOREA DEFENSE INDUSTRY INDEX ETF,Exchange-Traded Concepts ETFs/,sub_strategy,Thematic,Broad,MEDIUM
KDRN US,KINGSBARN TACTICAL BOND ETF,ETF Opportunities Trust/Kingsb,mechanism,physical,options,MEDIUM
KEMQ US,KRANESHARES EMERGING MARKETS CONSUMER TECHNOLOGY INDEX ETF,KraneShares Trust,sub_strategy,Broad,Sector,MEDIUM
KFEB US,INNOVATOR US SMALL CAP POWER BUFFER ETF - FEBRUARY,Innovator ETF Trust,mechanism,physical,options,HIGH
KGLD US,KURV GOLD ENHANCED INCOME ETF,Kurv ETF Trust,primary_strategy,Income,Plain Beta,HIGH
KGLD US,KURV GOLD ENHANCED INCOME ETF,Kurv ETF Trust,sub_strategy,Derivative Income > Covered Call,Broad,HIGH
KGLD US,KURV GOLD ENHANCED INCOME ETF,Kurv ETF Trust,mechanism,physical,options,MEDIUM
KGRN US,KRANESHARES MSCI CHINA CLEAN TECHNOLOGY INDEX ETF,KraneShares Trust,sub_strategy,Thematic,Sector,MEDIUM
KHPI US,KENSINGTON HEDGED PREMIUM INCOME ETF,Managed Portfolio Series/Kensi,mechanism,physical,options,HIGH
KIE US,STATE STREET SPDR S&P INSURANCE ETF,SPDR Series Trust,sub_strategy,Broad,Sector,MEDIUM
KIQQ US,KRANESHARES INSPEREX NASDAQ DYNAMIC BUFFERED HIGH INCOME INDEX ETF,KraneShares Trust,mechanism,physical,swap,HIGH
KJAN US,INNOVATOR U.S. SMALL CAP POWER BUFFER ETF - JANUARY,Innovator ETF Trust,mechanism,physical,options,HIGH
KJD US,KRANESHARES 2X LONG JD DAILY ETF,KraneShares Trust,underlier_name,JD US,JD,HIGH
KJD US,KRANESHARES 2X LONG JD DAILY ETF,KraneShares Trust,mechanism,physical,swap,HIGH
KJUL US,INNOVATOR U.S. SMALL CAP POWER BUFFER ETF - JULY,Innovator ETF Trust,mechanism,physical,options,HIGH
KJUN US,INNOVATOR US SMALL CAP POWER BUFFER ETF - JUNE,Innovator ETF Trust,mechanism,physical,options,HIGH
KLAG US,LEVERAGE SHARES 2X LONG KLAC DAILY ETF,Themes ETF Trust,underlier_name,KLAC US,KLAC,HIGH
KLAG US,LEVERAGE SHARES 2X LONG KLAC DAILY ETF,Themes ETF Trust,mechanism,physical,swap,HIGH
KLIP US,KRANESHARES KWEB COVERED CALL STRATEGY ETF,KraneShares Trust,mechanism,physical,options,HIGH
KMAR US,INNOVATOR US SMALL CAP POWER BUFFER ETF - MARCH,Innovator ETF Trust,mechanism,physical,options,HIGH
KMAY US,INNOVATOR U.S. SMALL CAP POWER BUFFER ETF - MAY,Innovator ETF Trust,mechanism,physical,options,HIGH
KMID US,VIRTUS KAR MID-CAP ETF,Virtus ETF Trust II,sub_strategy,Broad,Sector,MEDIUM
KMLI US,KRANESHARES 2X LONG MELI DAILY ETF,KraneShares Trust,underlier_name,MELI US,MELI,HIGH
KMLI US,KRANESHARES 2X LONG MELI DAILY ETF,KraneShares Trust,mechanism,physical,swap,HIGH
KMLM US,KRANESHARES MOUNT LUCAS MANAGED FUTURES INDEX STRATEGY ETF,KraneShares Trust,primary_strategy,Risk Mgmt,Plain Beta,HIGH
KMLM US,KRANESHARES MOUNT LUCAS MANAGED FUTURES INDEX STRATEGY ETF,KraneShares Trust,sub_strategy,Trend / Managed Futures,Broad,HIGH
KNG US,FT VEST S&P 500 DIVIDEND ARISTOCRATS TARGET INCOME ETF,First Trust Exchange-Traded Fu,primary_strategy,Income,Plain Beta,LOW
KNG US,FT VEST S&P 500 DIVIDEND ARISTOCRATS TARGET INCOME ETF,First Trust Exchange-Traded Fu,sub_strategy,Derivative Income > Covered Call,Style,LOW
KNG US,FT VEST S&P 500 DIVIDEND ARISTOCRATS TARGET INCOME ETF,First Trust Exchange-Traded Fu,mechanism,physical,options,MEDIUM
KNGZ US,FIRST TRUST S&P 500 DIVERSIFIED DIVIDEND ARISTOCRATS ETF,First Trust Exchange-Traded Fu,asset_class,Multi-Asset,Equity,HIGH
KNOV US,INNOVATOR US SMALL CAP POWER BUFFER ETF - NOVEMBER,Innovator ETF Trust,mechanism,physical,options,HIGH
KNOW US,FUNDAMENTALS FIRST ETF,Mason Capital Fund Trust,sub_strategy,Allocation,Broad,HIGH
KOCT US,INNOVATOR U.S. SMALL CAP POWER BUFFER ETF - OCTOBER,Innovator ETF Trust,mechanism,physical,options,HIGH
KOID US,KRANESHARES GLOBAL HUMANOID ROBOTICS AND PHYSICAL AI INDEX ETF,KraneShares Trust,sub_strategy,Broad,Sector,MEDIUM
KOLD US,PROSHARES ULTRASHORT BLOOMBERG NATURAL GAS,ProShares Trust II,sub_strategy,Short,Long,HIGH
KOLD US,PROSHARES ULTRASHORT BLOOMBERG NATURAL GAS,ProShares Trust II,direction,short,neutral,HIGH
KOLD US,PROSHARES ULTRASHORT BLOOMBERG NATURAL GAS,ProShares Trust II,mechanism,physical,swap,MEDIUM
KORU US,DIREXION DAILY MSCI SOUTH KOREA BULL 3X ETF,Direxion ETFs/USA,underlier_name,EWY US Equity,M1KR2550,MEDIUM
KORU US,DIREXION DAILY MSCI SOUTH KOREA BULL 3X ETF,Direxion ETFs/USA,concentration,single,basket,MEDIUM
KORU US,DIREXION DAILY MSCI SOUTH KOREA BULL 3X ETF,Direxion ETFs/USA,mechanism,physical,swap,HIGH
KPDD US,KRANESHARES 2X LONG PDD DAILY ETF,KraneShares Trust,underlier_name,PDD US,PDD,HIGH
KPDD US,KRANESHARES 2X LONG PDD DAILY ETF,KraneShares Trust,mechanism,physical,swap,HIGH
KPRO US,KRANESHARES 100% KWEB DEFINED OUTCOME JANUARY 2027 ETF,KraneShares Trust,mechanism,physical,options,HIGH
KQQQ US,KURV TECHNOLOGY TITANS SELECT ETF,Kurv ETF Trust,sub_strategy,Thematic,Sector,MEDIUM
KQQQ US,KURV TECHNOLOGY TITANS SELECT ETF,Kurv ETF Trust,mechanism,physical,options,MEDIUM
KRBN US,KRANESHARES GLOBAL CARBON STRATEGY ETF,KraneShares Trust,mechanism,physical,options,MEDIUM
KRYP US,PROSHARES COINDESK 20 CRYPTO ETF,ProShares Trust,underlier_name,multi-token crypto,CD20X,MEDIUM
KRYP US,PROSHARES COINDESK 20 CRYPTO ETF,ProShares Trust,concentration,single,basket,MEDIUM
KRYP US,PROSHARES COINDESK 20 CRYPTO ETF,ProShares Trust,mechanism,physical,swap,HIGH
KSEP US,INNOVATOR US SMALL CAP POWER BUFFER ETF - SEPTEMBER,Innovator ETF Trust,mechanism,physical,options,HIGH
KSLV US,KURV SILVER ENHANCED INCOME ETF,Kurv ETF Trust,primary_strategy,Income,Plain Beta,HIGH
KSLV US,KURV SILVER ENHANCED INCOME ETF,Kurv ETF Trust,sub_strategy,Derivative Income > Covered Call,Broad,HIGH
KSLV US,KURV SILVER ENHANCED INCOME ETF,Kurv ETF Trust,mechanism,physical,options,MEDIUM
KSPY US,KRANESHARES HEDGEYE HEDGED EQUITY INDEX ETF,KraneShares Trust,primary_strategy,Risk Mgmt,Plain Beta,LOW
KSPY US,KRANESHARES HEDGEYE HEDGED EQUITY INDEX ETF,KraneShares Trust,sub_strategy,Hedged Equity,Broad,LOW
KSPY US,KRANESHARES HEDGEYE HEDGED EQUITY INDEX ETF,KraneShares Trust,mechanism,physical,options,MEDIUM
KSTR US,KRANESHARES SSE STAR MARKET 50 INDEX ETF,KraneShares Trust,sub_strategy,Broad,Thematic,MEDIUM
KTEC US,KRANESHARES HANG SENG TECH INDEX ETF,KraneShares Trust,sub_strategy,Thematic,Sector,MEDIUM
KTUP US,T-REX 2X LONG KTOS DAILY TARGET ETF,ETF Opportunities Trust/REX Sh,underlier_name,KTOS US,KTOS,HIGH
KTUP US,T-REX 2X LONG KTOS DAILY TARGET ETF,ETF Opportunities Trust/REX Sh,mechanism,physical,swap,HIGH
KURE US,KRANESHARES MSCI ALL CHINA HEALTH CARE INDEX ETF,KraneShares Trust,sub_strategy,Broad,Sector,MEDIUM
KWEB US,KRANESHARES CSI CHINA INTERNET ETF,KraneShares Trust,sub_strategy,Thematic,Broad,MEDIUM
KWIN US,KRANESHARES WAHED ALTERNATIVE INCOME INDEX ETF,KraneShares Trust,mechanism,physical,options,MEDIUM
KYLD US,KURV HIGH INCOME ETF,Kurv ETF Trust,primary_strategy,Income,Plain Beta,LOW
KYLD US,KURV HIGH INCOME ETF,Kurv ETF Trust,sub_strategy,Derivative Income > Covered Call,Broad,LOW
KYLD US,KURV HIGH INCOME ETF,Kurv ETF Trust,mechanism,physical,options,MEDIUM
LABD US,DIREXION DAILY S&P BIOTECH BEAR 3X ETF,Direxion ETFs/USA,mechanism,physical,swap,HIGH
LABU US,DIREXION DAILY S&P BIOTECH BULL 3X ETF,Direxion ETFs/USA,mechanism,physical,swap,HIGH
LABX US,TRADR 2X LONG ALAB DAILY ETF,Investment Managers Series Tru,underlier_name,ALAB US,ALAB,HIGH
LABX US,TRADR 2X LONG ALAB DAILY ETF,Investment Managers Series Tru,mechanism,physical,swap,HIGH
LACG US,LEVERAGE SHARES 2X LONG LAC DAILY ETF,Themes ETF Trust,underlier_name,LAC US,LAC,HIGH
LACG US,LEVERAGE SHARES 2X LONG LAC DAILY ETF,Themes ETF Trust,mechanism,physical,swap,HIGH
LALT US,FIRST TRUST MULTI-STRATEGY ALTERNATIVE ETF,First Trust Exchange-Traded Fu,primary_strategy,Risk Mgmt,Plain Beta,HIGH
LALT US,FIRST TRUST MULTI-STRATEGY ALTERNATIVE ETF,First Trust Exchange-Traded Fu,sub_strategy,Alternatives,Broad,HIGH
LAPR US,INNOVATOR PREMIUM INCOME 15 BUFFER ETF - APRIL,Innovator ETF Trust,mechanism,physical,options,HIGH
LBAY US,LEATHERBACK LONG/SHORT ALTERNATIVE YIELD ETF,Tidal Trust I,primary_strategy,Income,Plain Beta,HIGH
LBAY US,LEATHERBACK LONG/SHORT ALTERNATIVE YIELD ETF,Tidal Trust I,sub_strategy,Alternative Income,Broad,HIGH
LCDL US,GRANITESHARES 2X LONG LCID DAILY ETF,GraniteShares ETF Trust,underlier_name,LCID US,LCID,HIGH
LCDL US,GRANITESHARES 2X LONG LCID DAILY ETF,GraniteShares ETF Trust,mechanism,physical,swap,HIGH
LCR US,LEUTHOLD CORE ETF,Managed Portfolio Series/Leuth,sub_strategy,Allocation,Broad,HIGH
LEGR US,FIRST TRUST INDXX INNOVATIVE TRANSACTION & PROCESS ETF,First Trust Exchange-Traded Fu,sub_strategy,Thematic,Single-Access,MEDIUM
LEMB US,ISHARES J.P. MORGAN EM LOCAL CURRENCY BOND ETF,iShares Inc,asset_class,Fixed Income,Currency,HIGH
LEMB US,ISHARES J.P. MORGAN EM LOCAL CURRENCY BOND ETF,iShares Inc,primary_strategy,Plain Beta,Defined Outcome,MEDIUM
LEMB US,ISHARES J.P. MORGAN EM LOCAL CURRENCY BOND ETF,iShares Inc,sub_strategy,Broad,Floor,MEDIUM
LEMB US,ISHARES J.P. MORGAN EM LOCAL CURRENCY BOND ETF,iShares Inc,mechanism,physical,options,HIGH
LEND US,SEI HIGH YIELD BOND & ALTERNATIVE CREDIT ETF,SEI Exchange Traded Funds,asset_class,Equity,Fixed Income,HIGH
LEUX US,TRADR 2X LONG LEU DAILY ETF,Investment Managers Series Tru,underlier_name,KEY,LEU,HIGH
LEUX US,TRADR 2X LONG LEU DAILY ETF,Investment Managers Series Tru,mechanism,physical,swap,HIGH
LEXI US,ALEXIS PRACTICAL TACTICAL ETF,Listed Funds Trust,sub_strategy,Allocation,Broad,HIGH
LFEQ US,VANECK LONG/FLAT TREND ETF,VanEck ETFs/USA,sub_strategy,Allocation,Broad,HIGH
LFGY US,YIELDMAX CRYPTO INDUSTRY & TECH PORTFOLIO OPTION INCOME ETF,Tidal Trust II,asset_class,Equity,Crypto,HIGH
LFGY US,YIELDMAX CRYPTO INDUSTRY & TECH PORTFOLIO OPTION INCOME ETF,Tidal Trust II,primary_strategy,Income,Plain Beta,MEDIUM
LFGY US,YIELDMAX CRYPTO INDUSTRY & TECH PORTFOLIO OPTION INCOME ETF,Tidal Trust II,sub_strategy,Derivative Income > Covered Call,Single-Access,MEDIUM
LFGY US,YIELDMAX CRYPTO INDUSTRY & TECH PORTFOLIO OPTION INCOME ETF,Tidal Trust II,mechanism,physical,options,MEDIUM
LGDX US,INTECH S&P LARGE CAP DIVERSIFIED ALPHA ETF,Tidal Trust III,sub_strategy,Style,Broad,LOW
LGH US,HCM DEFENDER 500 INDEX ETF,Northern Lights Fund Trust III,sub_strategy,Allocation,Broad,HIGH
LGHT US,LANGAR GLOBAL HEALTHTECH ETF,Spinnaker ETF Trust,sub_strategy,Broad,Sector,MEDIUM
LGLV US,STATE STREET SPDR US LARGE CAP LOW VOLATILITY INDEX ETF,SPDR Series Trust,sub_strategy,Style,Broad,LOW
LINT US,DIREXION DAILY INTC BULL 2X ETF,Direxion ETFs/USA,underlier_name,INTC US,INTC,HIGH
LINT US,DIREXION DAILY INTC BULL 2X ETF,Direxion ETFs/USA,mechanism,physical,swap,HIGH
LITX US,TRADR 2X LONG LITE DAILY ETF,Investment Managers Series Tru,mechanism,physical,swap,HIGH
LJAN US,INNOVATOR PREMIUM INCOME 15 BUFFER ETF - JANUARY,Innovator ETF Trust,mechanism,physical,options,HIGH
LJUL US,INNOVATOR PREMIUM INCOME 15 BUFFER ETF - JULY,Innovator ETF Trust,mechanism,physical,options,HIGH
LLII US,REX LLY GROWTH & INCOME ETF,REX ETF Trust,primary_strategy,Income,L&I,HIGH
LLII US,REX LLY GROWTH & INCOME ETF,REX ETF Trust,sub_strategy,Derivative Income > Covered Call,Long,HIGH
LLII US,REX LLY GROWTH & INCOME ETF,REX ETF Trust,underlier_name,LLY US,LLY,HIGH
LLII US,REX LLY GROWTH & INCOME ETF,REX ETF Trust,mechanism,physical,swap,MEDIUM
LLYX US,DEFIANCE DAILY TARGET 2X LONG LLY ETF,Tidal Trust II,underlier_name,LLY US,LLY,HIGH
LLYX US,DEFIANCE DAILY TARGET 2X LONG LLY ETF,Tidal Trust II,mechanism,physical,swap,HIGH
LMNX US,DEFIANCE DAILY TARGET 2X LONG LMND ETF,Tidal Trust II,underlier_name,LMND US,LMND,HIGH
LMNX US,DEFIANCE DAILY TARGET 2X LONG LMND ETF,Tidal Trust II,mechanism,physical,swap,HIGH
LMTL US,DIREXION DAILY LMT BULL 2X ETF,Direxion ETFs/USA,underlier_name,LMT US,LMT,HIGH
LMTL US,DIREXION DAILY LMT BULL 2X ETF,Direxion ETFs/USA,mechanism,physical,swap,HIGH
LNGX US,GLOBAL X US NATURAL GAS ETF,Global X ETFs/USA,asset_class,Commodity,Equity,HIGH
LNOK US,DEFIANCE DAILY TARGET 2X LONG NOK ETF,Tidal Trust II,mechanism,physical,swap,HIGH
LOCT US,INNOVATOR PREMIUM INCOME 15 BUFFER ETF-OCTOBER,Innovator ETF Trust,mechanism,physical,options,HIGH
LONZ US,PIMCO SENIOR LOAN ACTIVE EXCHANGE-TRADED FUND,Pimco ETF Trust,mechanism,physical,options,MEDIUM
LOPP US,GABELLI LOVE OUR PLANET & PEOPLE ETF,Gabelli ETFs Trust,sub_strategy,Thematic,Broad,LOW
LOTI US,LIBERTY ONE TACTICAL INCOME ETF,Two Roads Shared Trust/Liberty,sub_strategy,Allocation,Broad,HIGH
LOWV US,AB US LOW VOLATILITY EQUITY ETF,AB Active ETFs Inc,sub_strategy,Style,Broad,LOW
LQAI US,LG QRAFT AI-POWERED US LARGE CAP CORE ETF,Exchange Listed Funds Trust,sub_strategy,Thematic,Broad,LOW
LQDH US,ISHARES INTEREST RATE HEDGED CORPORATE BOND ETF,iShares US ETF Trust,mechanism,physical,options,MEDIUM
LQDI US,ISHARES INFLATION HEDGED CORPORATE BOND ETF,iShares US ETF Trust,mechanism,physical,swap,HIGH
LQDW US,ISHARES INVESTMENT GRADE CORPORATE BOND BUYWRITE STRATEGY ETF,iShares Trust,mechanism,physical,options,HIGH
LQID US,KURV ENHANCED SHORT MATURITY ETF,Kurv ETF Trust,mechanism,physical,options,MEDIUM
LQTI US,FT VEST INVESTMENT GRADE & TARGET INCOME ETF,First Trust Exchange-Traded Fu,primary_strategy,Income,Plain Beta,HIGH
LQTI US,FT VEST INVESTMENT GRADE & TARGET INCOME ETF,First Trust Exchange-Traded Fu,sub_strategy,Derivative Income > Covered Call,Broad,HIGH
LQTI US,FT VEST INVESTMENT GRADE & TARGET INCOME ETF,First Trust Exchange-Traded Fu,mechanism,physical,options,MEDIUM
LRCU US,TRADR 2X LONG LRCX DAILY ETF,Investment Managers Series Tru,underlier_name,LRCX,LCRXF,HIGH
LRCU US,TRADR 2X LONG LRCX DAILY ETF,Investment Managers Series Tru,mechanism,physical,swap,HIGH
LRGE US,CLEARBRIDGE LARGE CAP GROWTH SELECT ETF,Legg Mason ETF Investment Trus,sub_strategy,Style,Thematic,MEDIUM
LSAT US,LEADERSHARES ALPHAFACTOR TACTICAL FOCUSED ETF,Two Roads Shared Trust/Redwood,sub_strategy,Allocation,Broad,HIGH
LSAT US,LEADERSHARES ALPHAFACTOR TACTICAL FOCUSED ETF,Two Roads Shared Trust/Redwood,mechanism,physical,options,MEDIUM
LSEQ US,HARBOR LONG-SHORT EQUITY ETF,Harbor ETF Trust,mechanism,physical,options,MEDIUM
LTCC US,CANARY LITECOIN ETF,CSC Delaware Trust Co,underlier_name,Litecoin,XLCUSD,HIGH
LTL US,PROSHARES ULTRA COMMUNICATION SERVICES,ProShares Trust,direction,long,neutral,HIGH
LTL US,PROSHARES ULTRA COMMUNICATION SERVICES,ProShares Trust,mechanism,physical,swap,HIGH
LTTI US,FT VEST 20+ YEAR TREASURY & TARGET INCOME ETF,First Trust Exchange-Traded Fu,primary_strategy,Income,Plain Beta,HIGH
LTTI US,FT VEST 20+ YEAR TREASURY & TARGET INCOME ETF,First Trust Exchange-Traded Fu,sub_strategy,Derivative Income > Covered Call,Broad,HIGH
LTTI US,FT VEST 20+ YEAR TREASURY & TARGET INCOME ETF,First Trust Exchange-Traded Fu,mechanism,physical,options,MEDIUM
LULG US,LEVERAGE SHARES 2X LONG LULU DAILY ETF,Themes ETF Trust,underlier_name,LULU US,LULU,HIGH
LULG US,LEVERAGE SHARES 2X LONG LULU DAILY ETF,Themes ETF Trust,mechanism,physical,swap,HIGH
LUNL US,DEFIANCE DAILY TARGET 2X LONG LUNR ETF,Tidal Trust II,underlier_name,LUNR US,LUNR,HIGH
LUNL US,DEFIANCE DAILY TARGET 2X LONG LUNR ETF,Tidal Trust II,mechanism,physical,swap,HIGH
LVHD US,FRANKLIN U.S. LOW VOLATILITY HIGH DIVIDEND INDEX ETF,Legg Mason ETF Investment Trus,asset_class,Volatility,Equity,HIGH
LVHD US,FRANKLIN U.S. LOW VOLATILITY HIGH DIVIDEND INDEX ETF,Legg Mason ETF Investment Trus,sub_strategy,Style,Broad,LOW
LVHI US,FRANKLIN INTERNATIONAL LOW VOLATILITY HIGH DIVIDEND INDEX ETF,Legg Mason ETF Investment Trus,asset_class,Volatility,Equity,HIGH
LVHI US,FRANKLIN INTERNATIONAL LOW VOLATILITY HIGH DIVIDEND INDEX ETF,Legg Mason ETF Investment Trus,sub_strategy,Style,Broad,MEDIUM
MAAY US,GRANITESHARES YIELDBOOST MARA ETF,GraniteShares ETF Trust,concentration,single,basket,MEDIUM
MAAY US,GRANITESHARES YIELDBOOST MARA ETF,GraniteShares ETF Trust,mechanism,physical,options,HIGH
MADE US,ISHARES US MANUFACTURING ETF,iShares Trust,sub_strategy,Broad,Sector,MEDIUM
MAGC US,ROUNDHILL CHINA MAGNIFICENT SEVEN ETF,Roundhill ETF Trust,mechanism,physical,swap,HIGH
MAGG US,MADISON AGGREGATE BOND ETF,Madison Funds,mechanism,physical,options,MEDIUM
MAGO US,TUTTLE CAPITAL MAGNIFICENT 7 INCOME BLAST ETF,ETF Opportunities Trust/Tuttle,primary_strategy,Income,Plain Beta,LOW
MAGO US,TUTTLE CAPITAL MAGNIFICENT 7 INCOME BLAST ETF,ETF Opportunities Trust/Tuttle,sub_strategy,Derivative Income > Covered Call,Broad,LOW
MAGS US,ROUNDHILL MAGNIFICENT SEVEN ETF,Listed Funds Trust,sub_strategy,Broad,Thematic,MEDIUM
MAGS US,ROUNDHILL MAGNIFICENT SEVEN ETF,Listed Funds Trust,mechanism,physical,swap,HIGH
MAGX US,ROUNDHILL DAILY 2X LONG MAGNIFICENT SEVEN ETF,Roundhill ETF Trust,mechanism,physical,swap,HIGH
MAGY US,ROUNDHILL MAGNIFICENT SEVEN COVERED CALL ETF,Roundhill ETF Trust,mechanism,physical,options,HIGH
MANI US,MAN ACTIVE INCOME ETF,MAN ETF Series Trust,mechanism,physical,options,MEDIUM
MAPP US,HARBOR MULTI-ASSET EXPLORER ETF,Harbor ETF Trust,sub_strategy,Allocation,Broad,HIGH
MARB US,FIRST TRUST MERGER ARBITRAGE ETF,First Trust Exchange-Traded Fu,sub_strategy,Alternatives,Risk-Adaptive,HIGH
MARM US,FT VEST US EQUITY MAX BUFFER ETF - MARCH,First Trust Exchange-Traded Fu,mechanism,physical,options,HIGH
MARO US,YIELDMAX MARA OPTION INCOME STRATEGY ETF,Tidal Trust II,underlier_name,MARA US,MARA,HIGH
MARO US,YIELDMAX MARA OPTION INCOME STRATEGY ETF,Tidal Trust II,mechanism,physical,options,HIGH
MART US,ALLIANZIM US EQUITY BUFFER10 MAR ETF,AIM ETF Products Trust,mechanism,physical,options,HIGH
MARU US,ALLIANZIM US EQUITY BUFFER15 UNCAPPED MAR ETF,AIM ETF Products Trust,mechanism,physical,options,HIGH
MARW US,ALLIANZIM US EQ BUFFER20 MAR,AIM ETF Products Trust,mechanism,physical,options,HIGH
MARZ US,ELEVATION SERIES TRUST - TRUESHARES STRUCTURED OUTCOME MARCH ETF,Elevation Series Trust,mechanism,physical,options,HIGH
MATE US,MAN ACTIVE TREND ENHANCED ETF,MAN ETF Series Trust,asset_class,Equity,Multi-Asset,HIGH
MATE US,MAN ACTIVE TREND ENHANCED ETF,MAN ETF Series Trust,primary_strategy,Plain Beta,Income,MEDIUM
MATE US,MAN ACTIVE TREND ENHANCED ETF,MAN ETF Series Trust,sub_strategy,Broad,Derivative Income > Covered Call,MEDIUM
MATE US,MAN ACTIVE TREND ENHANCED ETF,MAN ETF Series Trust,mechanism,physical,options,HIGH
MAXI US,SIMPLIFY BITCOIN STRATEGY PLUS INCOME ETF,Simplify Exchange Traded Funds,concentration,single,basket,MEDIUM
MAXI US,SIMPLIFY BITCOIN STRATEGY PLUS INCOME ETF,Simplify Exchange Traded Funds,mechanism,physical,options,MEDIUM
MAXJ US,ISHARES LARGE CAP MAX BUFFER JUN ETF,iShares Trust,mechanism,physical,options,HIGH
MAYM US,FT VEST US EQUITY MAX BUFFER ETF - MAY,First Trust Exchange-Traded Fu,mechanism,physical,options,HIGH
MAYP US,PGIM S&P 500 BUFFER 12 ETF - MAY,PGIM Rock ETF Trust,mechanism,physical,options,HIGH
MAYP US,PGIM S&P 500 BUFFER 12 ETF - MAY,PGIM Rock ETF Trust,buffer_pct,12.0,500.0,HIGH
MAYT US,ALLIANZIM US EQUITY BUFFER10 MAY ETF,AIM ETF Products Trust,mechanism,physical,options,HIGH
MAYU US,ALLIANZIM US EQUITY BUFFER15 UNCAPPED MAY ETF,AIM ETF Products Trust,mechanism,physical,options,HIGH
MAYW US,ALLIANZIM US EQ BUFFER20 MAY,AIM ETF Products Trust,mechanism,physical,options,HIGH
MAYZ US,ELEVATION SERIES TRUST - TRUESHARES STRUCTURED OUTCOME MAY ETF,Elevation Series Trust,mechanism,physical,options,HIGH
MBBA US,ISHARES MORTGAGE-BACKED SECURITIES ACTIVE ETF,Blackrock ETF Trust II,mechanism,physical,swap,HIGH
MBS US,ANGEL OAK MORTGAGE-BACKED SECURITIES ETF,Angel Oak Funds Trust,mechanism,physical,options,MEDIUM
MDAA US,MYRIAD DYNAMIC ASSET ALLOCATION ETF,Series Portfolio Trust/Myriad,sub_strategy,Allocation,Broad,HIGH
MDEV US,FIRST TRUST INDXX MEDICAL DEVICES ETF,First Trust Exchange-Traded Fu,sub_strategy,Thematic,Sector,MEDIUM
MDIV US,FIRST TRUST MULTI-ASSET DIVERSIFIED INCOME INDEX FUND,First Trust Exchange-Traded Fu,sub_strategy,Allocation,Broad,HIGH
MDST US,WESTWOOD SALIENT ENHANCED MIDSTREAM INCOME ETF,Ultimus Managers Trust/Westwoo,mechanism,physical,options,MEDIUM
MEDI US,HARBOR HEALTH CARE ETF,Harbor ETF Trust,sub_strategy,Thematic,Sector,MEDIUM
MEDX US,HORIZON KINETICS MEDICAL ETF,Listed Funds Trust,sub_strategy,Thematic,Sector,MEDIUM
MEMA US,MAN ACTIVE EMERGING MARKETS ALTERNATIVE ETF,MAN ETF Series Trust,mechanism,physical,swap,HIGH
MEMY US,TUTTLE CAPITAL MEME STOCK INCOME BLAST ETF,ETF Opportunities Trust/Tuttle,primary_strategy,Income,Plain Beta,LOW
MEMY US,TUTTLE CAPITAL MEME STOCK INCOME BLAST ETF,ETF Opportunities Trust/Tuttle,sub_strategy,Derivative Income > Covered Call,Broad,LOW
METD US,DIREXION DAILY META BEAR 1X ETF,Direxion ETFs/USA,underlier_name,META US,META,HIGH
METD US,DIREXION DAILY META BEAR 1X ETF,Direxion ETFs/USA,mechanism,physical,swap,HIGH
METL US,SPROTT ACTIVE METALS & MINERS ETF,Sprott Funds Trust,sub_strategy,Broad,Sector,MEDIUM
METU US,DIREXION DAILY META BULL 2X ETF,Direxion ETFs/USA,underlier_name,META US,META,HIGH
METU US,DIREXION DAILY META BULL 2X ETF,Direxion ETFs/USA,mechanism,physical,swap,HIGH
METW US,ROUNDHILL META WEEKLYPAY ETF,Roundhill ETF Trust,sub_strategy,Derivative Income > Covered Call,Derivative Income > 0DTE / Weekly,HIGH
METW US,ROUNDHILL META WEEKLYPAY ETF,Roundhill ETF Trust,underlier_name,META US,META,HIGH
METW US,ROUNDHILL META WEEKLYPAY ETF,Roundhill ETF Trust,mechanism,physical,swap,HIGH
MEXX US,DIREXION DAILY MSCI MEXICO BULL 3X ETF,Direxion ETFs/USA,mechanism,physical,swap,HIGH
MFUL US,MINDFUL CONSERVATIVE ETF,Tuttle Tactical ETFs/USA,sub_strategy,Allocation,Broad,HIGH
MFUT US,CAMBRIA CHESAPEAKE PURE TREND ETF,Tidal Trust II,sub_strategy,Allocation,Broad,HIGH
MFUT US,CAMBRIA CHESAPEAKE PURE TREND ETF,Tidal Trust II,mechanism,physical,options,MEDIUM
MGNR US,AMERICAN BEACON GLG NATURAL RESOURCES ETF,American Beacon Funds,sub_strategy,Thematic,Broad,LOW
MHY US,MAN ACTIVE HIGH YIELD ETF,MAN ETF Series Trust,mechanism,physical,options,MEDIUM
MID US,AMERICAN CENTURY MID CAP GROWTH IMPACT ETF,American Century ETF Trust,sub_strategy,Style,Sector,MEDIUM
MIDU US,DIREXION DAILY MID CAP BULL 3X ETF,Direxion ETFs/USA,mechanism,physical,swap,HIGH
MILN US,GLOBAL X FUNDS GLOBAL X MILLENNIAL CONSUMER ETF,Global X ETFs/USA,sub_strategy,Thematic,Broad,MEDIUM
MINV US,MATTHEWS ASIA INNOVATORS ACTIVE ETF,Matthews International Funds,sub_strategy,Thematic,Sector,MEDIUM
MINY US,YIELDMAX STRATEGIC METALS & MINING PORTFOLIO OPTION INCOME ETF,Tidal Trust II,mechanism,physical,options,HIGH
MISL US,FIRST TRUST INDXX AEROSPACE & DEFENSE ETF,First Trust Exchange-Traded Fu,sub_strategy,Thematic,Broad,LOW
MKAM US,MKAM ETF,EA Series Trust,sub_strategy,Allocation,Broad,HIGH
MKTN US,FEDERATED HERMES MDT MARKET NEUTRAL ETF,Federated Hermes Etf Trust,primary_strategy,Risk Mgmt,Plain Beta,HIGH
MKTN US,FEDERATED HERMES MDT MARKET NEUTRAL ETF,Federated Hermes Etf Trust,sub_strategy,Alternatives,Broad,HIGH
MLPA US,GLOBAL X MLP ETF,Global X ETFs/USA,sub_strategy,Thematic,Broad,MEDIUM
MLPD US,GLOBAL X MLP & ENERGY INFRASTRUCTURE COVERED CALL ETF,Global X ETFs/USA,mechanism,physical,options,HIGH
MLPI US,NEOS MLP & ENERGY INFRASTRUCTURE HIGH INCOME ETF,Neos ETF Trust,primary_strategy,Income,Plain Beta,MEDIUM
MLPI US,NEOS MLP & ENERGY INFRASTRUCTURE HIGH INCOME ETF,Neos ETF Trust,sub_strategy,Derivative Income > Covered Call,Sector,MEDIUM
MLPI US,NEOS MLP & ENERGY INFRASTRUCTURE HIGH INCOME ETF,Neos ETF Trust,mechanism,physical,options,MEDIUM
MLPQ LN,INVESCO MORNINGSTAR US ENERGY INFRASTRUCTURE MLP UCITS ETF,Invesco EMEA ETFs/Ireland,sub_strategy,Broad,Sector,MEDIUM
MLPQ LN,INVESCO MORNINGSTAR US ENERGY INFRASTRUCTURE MLP UCITS ETF,Invesco EMEA ETFs/Ireland,mechanism,physical,swap,HIGH
MLPR US,ETRACS QUARTERLY PAY 1.5X LEVERAGED ALERIAN MLP INDEX ETN,ETRACS ETNs/UBS AG/London/USA,direction,long,neutral,HIGH
MLPR US,ETRACS QUARTERLY PAY 1.5X LEVERAGED ALERIAN MLP INDEX ETN,ETRACS ETNs/UBS AG/London/USA,concentration,single,basket,MEDIUM
MLPR US,ETRACS QUARTERLY PAY 1.5X LEVERAGED ALERIAN MLP INDEX ETN,ETRACS ETNs/UBS AG/London/USA,mechanism,physical,swap,MEDIUM
MLPS LN,INVESCO MORNINGSTAR US ENERGY INFRASTRUCTURE MLP UCITS ETF,Invesco EMEA ETFs/Ireland,sub_strategy,Broad,Sector,MEDIUM
MLPS LN,INVESCO MORNINGSTAR US ENERGY INFRASTRUCTURE MLP UCITS ETF,Invesco EMEA ETFs/Ireland,mechanism,physical,swap,HIGH
MLPX US,GLOBAL X MLP & ENERGY INFRASTRUCTURE ETF,Global X ETFs/USA,sub_strategy,Thematic,Sector,MEDIUM
MMAX US,ISHARES LARGE CAP MAX BUFFER MAR ETF,iShares Trust,mechanism,physical,options,HIGH
MMK US,STATE STREET PRIME MONEY MARKET ETF,State Street ETF/USA,asset_class,Equity,Fixed Income,HIGH
MMKT US,TEXAS CAPITAL GOVERNMENT MONEY MARKET ETF,Texas Capital Funds Trust,asset_class,Equity,Fixed Income,HIGH
MMSD US,NYLI MACKAY MUNI SHORT DURATION ETF,New York Life Investment Manag,mechanism,physical,options,MEDIUM
MNA US,NYLI MERGER ARBITRAGE ETF,New York Life Investment Manag,sub_strategy,Alternatives,Risk-Adaptive,HIGH
MNRS US,GRAYSCALE BITCOIN MINERS ETF,Grayscale Investments LLC/USA,asset_class,Equity,Crypto,HIGH
MNRS US,GRAYSCALE BITCOIN MINERS ETF,Grayscale Investments LLC/USA,concentration,single,basket,MEDIUM
MODL US,VICTORYSHARES WESTEND US SECTOR ETF,Victory Portfolios II,sub_strategy,Sector,Broad,LOW
MOO US,VANECK AGRIBUSINESS ETF,VanEck ETFs/USA,sub_strategy,Thematic,Sector,MEDIUM
MOOD US,RELATIVE SENTIMENT TACTICAL ALLOCATION ETF,EA Series Trust,asset_class,Multi-Asset,Equity,HIGH
MOOD US,RELATIVE SENTIMENT TACTICAL ALLOCATION ETF,EA Series Trust,sub_strategy,Allocation,Broad,LOW
MPG US,LEVERAGE SHARES 2X LONG MP DAILY ETF,Themes ETF Trust,underlier_name,MP US,MP,HIGH
MPG US,LEVERAGE SHARES 2X LONG MP DAILY ETF,Themes ETF Trust,mechanism,physical,swap,HIGH
MPL US,DEFIANCE DAILY TARGET 2X LONG MP ETF,Tidal Trust II,underlier_name,MP US,MP,HIGH
MPL US,DEFIANCE DAILY TARGET 2X LONG MP ETF,Tidal Trust II,mechanism,physical,swap,HIGH
MPRO US,MONARCH PROCAP INDEX ETF,Northern Lights Fund Trust IV/,sub_strategy,Allocation,Broad,HIGH
MQQQ US,TRADR 2X LONG INNOVATION 100 MONTHLY ETF,Investment Managers Series Tru,mechanism,physical,swap,HIGH
MRAL US,GRANITESHARES 2X LONG MARA DAILY ETF,GraniteShares ETF Trust,underlier_name,MARA US,MARA,HIGH
MRAL US,GRANITESHARES 2X LONG MARA DAILY ETF,GraniteShares ETF Trust,mechanism,physical,swap,HIGH
MRCP US,PGIM S&P 500 BUFFER 12 ETF - MARCH,PGIM Rock ETF Trust,mechanism,physical,options,HIGH
MRCP US,PGIM S&P 500 BUFFER 12 ETF - MARCH,PGIM Rock ETF Trust,buffer_pct,12.0,500.0,HIGH
MRGR US,PROSHARES MERGER ETF,ProShares Trust,sub_strategy,Event-Driven/Merger Arb,Risk-Adaptive,HIGH
MRGR US,PROSHARES MERGER ETF,ProShares Trust,mechanism,physical,swap,HIGH
MRNX US,DEFIANCE DAILY TARGET 2X LONG MRNA ETF,Tidal Trust II,mechanism,physical,swap,HIGH
MRNY US,YIELDMAX MRNA OPTION INCOME STRATEGY ETF,Tidal Trust II,underlier_name,MRNA US,MRNA,HIGH
MRNY US,YIELDMAX MRNA OPTION INCOME STRATEGY ETF,Tidal Trust II,mechanism,physical,options,HIGH
MRSK US,TOEWS AGILITY SHARES MANAGED RISK ETF,Northern Lights Fund Trust/Toe,mechanism,physical,options,MEDIUM
MRVU US,DIREXION DAILY MRVL BULL 2X ETF,Direxion ETFs/USA,mechanism,physical,swap,HIGH
MSDD US,GRANITESHARES 2X SHORT MSTR DAILY ETF,GraniteShares ETF Trust,underlier_name,MSTR US,MSTR,HIGH
MSDD US,GRANITESHARES 2X SHORT MSTR DAILY ETF,GraniteShares ETF Trust,mechanism,physical,swap,HIGH
MSFD US,DIREXION DAILY MSFT BEAR 1X ETF,Direxion ETFs/USA,underlier_name,MSFT US,MSFT,HIGH
MSFD US,DIREXION DAILY MSFT BEAR 1X ETF,Direxion ETFs/USA,mechanism,physical,swap,HIGH
MSFL US,GRANITESHARES 2X LONG MSFT DAILY ETF,GraniteShares ETF Trust,underlier_name,MSFT US,MSFT,HIGH
MSFL US,GRANITESHARES 2X LONG MSFT DAILY ETF,GraniteShares ETF Trust,mechanism,physical,swap,HIGH
MSFO US,YIELDMAX MSFT OPTION INCOME STRATEGY ETF,Tidal Trust II,underlier_name,MSFT US,MSFT,HIGH
MSFO US,YIELDMAX MSFT OPTION INCOME STRATEGY ETF,Tidal Trust II,mechanism,physical,options,HIGH
MSFU US,DIREXION DAILY MSFT BULL 2X ETF,Direxion ETFs/USA,underlier_name,MSFT US,MSFT,HIGH
MSFU US,DIREXION DAILY MSFT BULL 2X ETF,Direxion ETFs/USA,mechanism,physical,swap,HIGH
MSFW US,ROUNDHILL MSFT WEEKLYPAY ETF,Roundhill ETF Trust,sub_strategy,Derivative Income > Covered Call,Derivative Income > 0DTE / Weekly,HIGH
MSFW US,ROUNDHILL MSFT WEEKLYPAY ETF,Roundhill ETF Trust,underlier_name,MSFT US,MSFT,HIGH
MSFW US,ROUNDHILL MSFT WEEKLYPAY ETF,Roundhill ETF Trust,mechanism,physical,swap,HIGH
MSFX US,T-REX 2X LONG MICROSOFT DAILY TARGET ETF,ETF Opportunities Trust/REX Sh,underlier_name,MSFT US,MSFT,HIGH
MSFX US,T-REX 2X LONG MICROSOFT DAILY TARGET ETF,ETF Opportunities Trust/REX Sh,mechanism,physical,swap,HIGH
MSFY US,KURV YIELD PREMIUM STRATEGY MICROSOFT MSFT ETF/DE,Kurv ETF Trust,underlier_name,MSFT US,MSFT,HIGH
MSFY US,KURV YIELD PREMIUM STRATEGY MICROSOFT MSFT ETF/DE,Kurv ETF Trust,mechanism,physical,options,HIGH
MSII US,REX MSTR GROWTH & INCOME ETF,REX ETF Trust,primary_strategy,Income,L&I,HIGH
MSII US,REX MSTR GROWTH & INCOME ETF,REX ETF Trust,sub_strategy,Derivative Income > Covered Call,Long,HIGH
MSII US,REX MSTR GROWTH & INCOME ETF,REX ETF Trust,underlier_name,MSTR US,MSTR,HIGH
MSII US,REX MSTR GROWTH & INCOME ETF,REX ETF Trust,mechanism,physical,swap,MEDIUM
MSMR US,MCELHENNY SHEFFIELD MANAGED RISK ETF,ETF Series Solutions,sub_strategy,Allocation,Broad,HIGH
MSOO US,LEVERAGE SHARES 2X CAPPED ACCELERATED MSTR MONTHLY ETF,Themes ETF Trust,direction,long,neutral,HIGH
MSOO US,LEVERAGE SHARES 2X CAPPED ACCELERATED MSTR MONTHLY ETF,Themes ETF Trust,underlier_name,MSTR US,MSTR,HIGH
MSOO US,LEVERAGE SHARES 2X CAPPED ACCELERATED MSTR MONTHLY ETF,Themes ETF Trust,mechanism,physical,swap,MEDIUM
MSOS US,ADVISORSHARES PURE US CANNABIS ETF,AdvisorShares ETFs/USA,mechanism,physical,swap,HIGH
MSOX US,ADVISORSHARES MSOS DAILY LEVERAGED ETF,AdvisorShares ETFs/USA,direction,long,neutral,HIGH
MSOX US,ADVISORSHARES MSOS DAILY LEVERAGED ETF,AdvisorShares ETFs/USA,concentration,single,basket,MEDIUM
MSOX US,ADVISORSHARES MSOS DAILY LEVERAGED ETF,AdvisorShares ETFs/USA,mechanism,physical,swap,HIGH
MSST US,YIELDMAX MSTR PERFORMANCE & INCOME TARGET 25 ETF,Tidal Trust II,underlier_name,MSTR US,MSTR,HIGH
MSST US,YIELDMAX MSTR PERFORMANCE & INCOME TARGET 25 ETF,Tidal Trust II,mechanism,physical,options,HIGH
MST US,DEFIANCE LEVERAGED LONG + INCOME MSTR ETF,Tidal Trust II,primary_strategy,Income,L&I,HIGH
MST US,DEFIANCE LEVERAGED LONG + INCOME MSTR ETF,Tidal Trust II,sub_strategy,Derivative Income > Covered Call,Long,HIGH
MST US,DEFIANCE LEVERAGED LONG + INCOME MSTR ETF,Tidal Trust II,underlier_name,MSTR US,MSTR,HIGH
MST US,DEFIANCE LEVERAGED LONG + INCOME MSTR ETF,Tidal Trust II,mechanism,physical,swap,HIGH
MSTB US,LHA MARKET STATE TACTICAL BETA ETF,Little Harbor Funds/USA,sub_strategy,Allocation,Broad,HIGH
MSTI US,MADISON SHORT-TERM STRATEGIC INCOME ETF,Madison Funds,mechanism,physical,options,MEDIUM
MSTP US,GRANITESHARES 2X LONG MSTR DAILY ETF,GraniteShares ETF Trust,underlier_name,MSTR US,MSTR,HIGH
MSTP US,GRANITESHARES 2X LONG MSTR DAILY ETF,GraniteShares ETF Trust,mechanism,physical,swap,HIGH
MSTQ US,ETF SERIES SOLUTIONS-LHA MARKET STATE TACTICAL Q ETF,ETF Series Solutions,mechanism,physical,options,MEDIUM
MSTU US,T-REX 2X LONG MSTR DAILY TARGET ETF,ETF Opportunities Trust/REX Sh,underlier_name,MSTR US,MSTR,HIGH
MSTU US,T-REX 2X LONG MSTR DAILY TARGET ETF,ETF Opportunities Trust/REX Sh,mechanism,physical,swap,HIGH
MSTW US,ROUNDHILL MSTR WEEKLYPAY ETF,Roundhill ETF Trust,sub_strategy,Derivative Income > Covered Call,Derivative Income > 0DTE / Weekly,HIGH
MSTW US,ROUNDHILL MSTR WEEKLYPAY ETF,Roundhill ETF Trust,underlier_name,MSTR US,MSTR,HIGH
MSTW US,ROUNDHILL MSTR WEEKLYPAY ETF,Roundhill ETF Trust,mechanism,physical,options,HIGH
MSTX US,DEFIANCE DAILY TARGET 2X LONG MSTR ETF,Tidal Trust II,underlier_name,MSTR US,MSTR,HIGH
MSTX US,DEFIANCE DAILY TARGET 2X LONG MSTR ETF,Tidal Trust II,mechanism,physical,swap,HIGH
MSTY US,YIELDMAX MSTR OPTION INCOME STRATEGY ETF,Tidal Trust II,underlier_name,MSTR US,MSTR,HIGH
MSTY US,YIELDMAX MSTR OPTION INCOME STRATEGY ETF,Tidal Trust II,mechanism,physical,options,HIGH
MSTZ US,T-REX 2X INVERSE MSTR DAILY TARGET ETF,ETF Opportunities Trust/REX Sh,underlier_name,MSTR US,MSTR,HIGH
MSTZ US,T-REX 2X INVERSE MSTR DAILY TARGET ETF,ETF Opportunities Trust/REX Sh,mechanism,physical,swap,HIGH
MTRA US,INVESCO INTERNATIONAL GROWTH FOCUS ETF,Powershares Actively Managed E,sub_strategy,Style,Broad,MEDIUM
MTUL US,ETRACS 2X LEVERAGED MSCI US MOMENTUM FACTOR TR ETN,ETRACS ETNs/UBS AG/London/USA,direction,long,neutral,HIGH
MTUL US,ETRACS 2X LEVERAGED MSCI US MOMENTUM FACTOR TR ETN,ETRACS ETNs/UBS AG/London/USA,concentration,single,basket,MEDIUM
MTUL US,ETRACS 2X LEVERAGED MSCI US MOMENTUM FACTOR TR ETN,ETRACS ETNs/UBS AG/London/USA,mechanism,physical,swap,MEDIUM
MTYY US,GRANITESHARES YIELDBOOST MSTR ETF,GraniteShares ETF Trust,underlier_name,MSTR US,MSTR,HIGH
MTYY US,GRANITESHARES YIELDBOOST MSTR ETF,GraniteShares ETF Trust,mechanism,physical,options,HIGH
MUD US,DIREXION DAILY MU BEAR 1X ETF,Direxion ETFs/USA,underlier_name,MU US,MU,HIGH
MUD US,DIREXION DAILY MU BEAR 1X ETF,Direxion ETFs/USA,mechanism,physical,swap,HIGH
MULL US,GRANITESHARES 2X LONG MU DAILY ETF,GraniteShares ETF Trust,underlier_name,MU US,MU,HIGH
MULL US,GRANITESHARES 2X LONG MU DAILY ETF,GraniteShares ETF Trust,mechanism,physical,swap,HIGH
MUST US,COLUMBIA MULTI-SECTOR MUNICIPAL INCOME ETF,Columbia ETF Trust I,sub_strategy,Sector,Broad,HIGH
MUU US,DIREXION DAILY MU BULL 2X ETF,Direxion ETFs/USA,underlier_name,MU US,MU,HIGH
MUU US,DIREXION DAILY MU BULL 2X ETF,Direxion ETFs/USA,mechanism,physical,swap,HIGH
MVFD US,MONARCH VOLUME FACTOR DIVIDEND TREE INDEX ETF,Northern Lights Fund Trust IV/,sub_strategy,Allocation,Broad,HIGH
MVLL US,GRANITESHARES 2X LONG MRVL DAILY ETF,GraniteShares ETF Trust,underlier_name,MRVL US,MRVL,HIGH
MVLL US,GRANITESHARES 2X LONG MRVL DAILY ETF,GraniteShares ETF Trust,mechanism,physical,swap,HIGH
MVPL US,MILLER VALUE PARTNERS LEVERAGE ETF,Advisor Managed Portfolios/Mil,sub_strategy,Short,Long,HIGH
MVPL US,MILLER VALUE PARTNERS LEVERAGE ETF,Advisor Managed Portfolios/Mil,direction,short,neutral,HIGH
MVPL US,MILLER VALUE PARTNERS LEVERAGE ETF,Advisor Managed Portfolios/Mil,mechanism,physical,swap,MEDIUM
MVRL US,ETRACS MONTHLY PAY 1.5X LEVERAGED MORTGAGE REIT ETN,ETRACS ETNs/UBS AG/London/USA,direction,long,neutral,HIGH
MVRL US,ETRACS MONTHLY PAY 1.5X LEVERAGED MORTGAGE REIT ETN,ETRACS ETNs/UBS AG/London/USA,concentration,single,basket,MEDIUM
MVRL US,ETRACS MONTHLY PAY 1.5X LEVERAGED MORTGAGE REIT ETN,ETRACS ETNs/UBS AG/London/USA,mechanism,physical,swap,MEDIUM
MVV US,PROSHARES ULTRA MIDCAP400,ProShares Trust,direction,long,neutral,HIGH
MVV US,PROSHARES ULTRA MIDCAP400,ProShares Trust,mechanism,physical,swap,HIGH
MXI US,ISHARES GLOBAL MATERIALS ETF,iShares Trust,sub_strategy,Broad,Sector,MEDIUM
MYY US,PROSHARES SHORT MIDCAP 400,ProShares Trust,mechanism,physical,swap,HIGH
MZZ US,PROSHARES ULTRASHORT MIDCAP400,ProShares Trust,sub_strategy,Short,Long,HIGH
MZZ US,PROSHARES ULTRASHORT MIDCAP400,ProShares Trust,direction,short,neutral,HIGH
MZZ US,PROSHARES ULTRASHORT MIDCAP400,ProShares Trust,mechanism,physical,swap,HIGH
NAIL US,DIREXION DAILY HOMEBUILDERS & SUPPLIES BULL 3X ETF,Direxion ETFs/USA,mechanism,physical,swap,HIGH
NANR US,STATE STREET SPDR S&P NORTH AMERICAN NATURAL RESOURCES ETF,SPDR Index Shares Funds,sub_strategy,Thematic,Broad,LOW
NAPR US,INNOVATOR GROWTH 100 POWER BUFFER ETF - APRIL,Innovator ETF Trust,mechanism,physical,options,HIGH
NATO US,THEMES TRANSATLANTIC DEFENSE ETF,Themes ETF Trust,sub_strategy,Thematic,Broad,LOW
NAUG US,INNOVATOR GROWTH-100 POWER BUFFER ETF - AUGUST,Innovator ETF Trust,mechanism,physical,options,HIGH
NBCM US,NEUBERGER COMMODITY STRATEGY ETF,Neuberger Berman ETF Trust,mechanism,physical,options,MEDIUM
NBDS US,NEUBERGER DISRUPTERS ETF,Neuberger Berman ETF Trust,sub_strategy,Thematic,Broad,LOW
NBET US,NEUBERGER ENERGY TRANSITION & INFRASTRUCTURE ETF,Neuberger Berman ETF Trust,sub_strategy,Thematic,Sector,MEDIUM
NBFR US,INNOVATOR NASDAQ-100 MANAGED 10 BUFFER ETF,Innovator ETF Trust,mechanism,physical,options,HIGH
NBIG US,LEVERAGE SHARES 2X LONG NBIS DAILY ETF,Themes ETF Trust,underlier_name,NBIS US,NBIS,HIGH
NBIG US,LEVERAGE SHARES 2X LONG NBIS DAILY ETF,Themes ETF Trust,mechanism,physical,swap,HIGH
NBIL US,GRANITESHARES 2X LONG NBIS DAILY ETF,GraniteShares ETF Trust,underlier_name,NVIS,NBIS,HIGH
NBIL US,GRANITESHARES 2X LONG NBIS DAILY ETF,GraniteShares ETF Trust,mechanism,physical,swap,HIGH
NBIZ US,TRADR 2X SHORT NBIS DAILY ETF,Investment Managers Series Tru,mechanism,physical,swap,HIGH
NBOS US,NEUBERGER OPTION STRATEGY ETF,Neuberger Berman ETF Trust,asset_class,Equity,Multi-Asset,HIGH
NBOS US,NEUBERGER OPTION STRATEGY ETF,Neuberger Berman ETF Trust,mechanism,physical,options,HIGH
NCIQ US,HASHDEX NASDAQ CME CRYPTO INDEX US ETF,Tidal Commodities Trust I,underlier_name,multi-token crypto,NCIUSS,MEDIUM
NCIQ US,HASHDEX NASDAQ CME CRYPTO INDEX US ETF,Tidal Commodities Trust I,concentration,single,basket,MEDIUM
NCPB US,NUVEEN CORE PLUS BOND ETF,Nushares ETF Trust,mechanism,physical,swap,HIGH
NDAA US,NED DAVIS RESEARCH 360 DYNAMIC ALLOCATION ETF,Tidal Trust III,sub_strategy,Allocation,Broad,HIGH
NDEC US,INNOVATOR GROWTH-100 POWER BUFFER ETF - DECEMBER,Innovator ETF Trust,mechanism,physical,options,HIGH
NDIV US,AMPLIFY ENERGY & NATURAL RESOURCES COVERED CALL ETF,Amplify ETF Trust,mechanism,physical,options,HIGH
NDOW US,ANYDRUS ADVANTAGE ETF,Collaborative Investment Serie,sub_strategy,Allocation,Broad,HIGH
NEBX US,TRADR 2X LONG NBIS DAILY ETF,Investment Managers Series Tru,underlier_name,NBIS US,NBIS,HIGH
NEBX US,TRADR 2X LONG NBIS DAILY ETF,Investment Managers Series Tru,mechanism,physical,swap,HIGH
NEHI US,NEOS ETHEREUM HIGH INCOME ETF,Neos ETF Trust,primary_strategy,Income,Plain Beta,HIGH
NEHI US,NEOS ETHEREUM HIGH INCOME ETF,Neos ETF Trust,sub_strategy,Derivative Income > Covered Call,Single-Access,HIGH
NEHI US,NEOS ETHEREUM HIGH INCOME ETF,Neos ETF Trust,mechanism,physical,options,MEDIUM
NELS US,NELSON SELECT ETF,Collaborative Investment Serie,sub_strategy,Allocation,Broad,HIGH
NEMG US,LEVERAGE SHARES 2X LONG NEM DAILY ETF,Themes ETF Trust,underlier_name,NEM US,NEM,HIGH
NEMG US,LEVERAGE SHARES 2X LONG NEM DAILY ETF,Themes ETF Trust,mechanism,physical,swap,HIGH
NERD US,ROUNDHILL VIDEO GAMES ETF,Listed Funds Trust,sub_strategy,Thematic,Broad,LOW
NETG US,LEVERAGE SHARES 2X LONG NET DAILY ETF,Themes ETF Trust,underlier_name,NET US,NET,HIGH
NETG US,LEVERAGE SHARES 2X LONG NET DAILY ETF,Themes ETF Trust,mechanism,physical,swap,HIGH
NEWZ US,STOCKSNIPS AI-POWERED SENTIMENT US ALL CAP ETF,EA Series Trust,sub_strategy,Thematic,Broad,LOW
NFEB US,INNOVATOR GROWTH-100 POWER BUFFER ETF - FEBRUARY,Innovator ETF Trust,mechanism,physical,options,HIGH
NFLP US,KURV YIELD PREMIUM STRATEGY NETFLIX NFLX ETF/DE,Kurv ETF Trust,underlier_name,NFLX US,NFLX,HIGH
NFLP US,KURV YIELD PREMIUM STRATEGY NETFLIX NFLX ETF/DE,Kurv ETF Trust,mechanism,physical,options,HIGH
NFLT US,VIRTUS NEWFLEET MULTI-SECTOR BOND ETF,Virtus ETF Trust II,sub_strategy,Sector,Broad,HIGH
NFLU US,T-REX 2X LONG NFLX DAILY TARGET ETF,ETF Opportunities Trust/REX Sh,underlier_name,NFLX US,NFLX,HIGH
NFLU US,T-REX 2X LONG NFLX DAILY TARGET ETF,ETF Opportunities Trust/REX Sh,mechanism,physical,swap,HIGH
NFLW US,ROUNDHILL NFLX WEEKLYPAY ETF,Roundhill ETF Trust,sub_strategy,Derivative Income > Covered Call,Derivative Income > 0DTE / Weekly,HIGH
NFLW US,ROUNDHILL NFLX WEEKLYPAY ETF,Roundhill ETF Trust,underlier_name,NFLX US,NFLX,HIGH
NFLW US,ROUNDHILL NFLX WEEKLYPAY ETF,Roundhill ETF Trust,mechanism,physical,swap,HIGH
NFLY US,YIELDMAX NFLX OPTION INCOME STRATEGY ETF,Tidal Trust II,underlier_name,NFLX US,NFLX,HIGH
NFLY US,YIELDMAX NFLX OPTION INCOME STRATEGY ETF,Tidal Trust II,mechanism,physical,options,HIGH
NFRA US,FLEXSHARES STOXX GLOBAL BROAD INFRASTRUCTURE INDEX FUND,FlexShares ETFs/USA,sub_strategy,Thematic,Broad,MEDIUM
NFXL US,DIREXION DAILY NFLX BULL 2X ETF,Direxion ETFs/USA,underlier_name,NFLX US,NFLX,HIGH
NFXL US,DIREXION DAILY NFLX BULL 2X ETF,Direxion ETFs/USA,mechanism,physical,swap,HIGH
NFXS US,DIREXION DAILY NFLX BEAR 1X ETF,Direxion ETFs/USA,underlier_name,NFLX US,NFLX,HIGH
NFXS US,DIREXION DAILY NFLX BEAR 1X ETF,Direxion ETFs/USA,mechanism,physical,swap,HIGH
NIHI US,NEOS MSCI EAFE HIGH INCOME ETF,Neos ETF Trust,primary_strategy,Income,Plain Beta,MEDIUM
NIHI US,NEOS MSCI EAFE HIGH INCOME ETF,Neos ETF Trust,sub_strategy,Derivative Income > Covered Call,Broad,MEDIUM
NIHI US,NEOS MSCI EAFE HIGH INCOME ETF,Neos ETF Trust,mechanism,physical,options,MEDIUM
NIOG US,LEVERAGE SHARES 2X LONG NIO DAILY ETF,Themes ETF Trust,underlier_name,NIO US,NIO,HIGH
NIOG US,LEVERAGE SHARES 2X LONG NIO DAILY ETF,Themes ETF Trust,mechanism,physical,swap,HIGH
NJAN US,INNOVATOR GROWTH 100 POWER BUFFER ETF - JANUARY,Innovator ETF Trust,mechanism,physical,options,HIGH
NJUL US,INNOVATOR GROWTH 100 POWER BUFFER ETF - JULY,Innovator ETF Trust,mechanism,physical,options,HIGH
NJUN US,INNOVATOR GROWTH-100 POWER BUFFER ETF - JUNE,Innovator ETF Trust,mechanism,physical,options,HIGH
NLR US,VANECK URANIUM AND NUCLEAR ETF,VanEck ETFs/USA,sub_strategy,Thematic,Sector,MEDIUM
NLSI US,NEOS LONG/SHORT EQUITY INCOME ETF,Neos ETF Trust,primary_strategy,Income,Plain Beta,HIGH
NLSI US,NEOS LONG/SHORT EQUITY INCOME ETF,Neos ETF Trust,sub_strategy,Derivative Income > Covered Call,Broad,HIGH
NLSI US,NEOS LONG/SHORT EQUITY INCOME ETF,Neos ETF Trust,mechanism,physical,options,MEDIUM
NMAR US,INNOVATOR GROWTH-100 POWER BUFFER ETF - MARCH,Innovator ETF Trust,mechanism,physical,options,HIGH
NMAY US,INNOVATOR GROWTH-100 POWER BUFFER ETF - MAY,Innovator ETF Trust,mechanism,physical,options,HIGH
NMB US,SIMPLIFY NATIONAL MUNI BOND ETF,Simplify Exchange Traded Funds,primary_strategy,Income,Plain Beta,HIGH
NMB US,SIMPLIFY NATIONAL MUNI BOND ETF,Simplify Exchange Traded Funds,sub_strategy,Derivative Income > Covered Call,Broad,HIGH
NMBL US,NOVATIDE FLEXIBLE ALLOCATION ETF,Tidal Trust III,sub_strategy,Allocation,Broad,HIGH
NNOV US,INNOVATOR GROWTH-100 POWER BUFFER ETF - NOVEMBER,Innovator ETF Trust,mechanism,physical,options,HIGH
NOCT US,INNOVATOR GROWTH-100 POWER BUFFER ETF- OCTOBER,Innovator ETF Trust,mechanism,physical,options,HIGH
NODE US,VANECK ONCHAIN ECONOMY ETF,VanEck Funds,concentration,single,basket,MEDIUM
NOVM US,FT VEST US EQUITY MAX BUFFER ETF - NOVEMBER,First Trust Exchange-Traded Fu,mechanism,physical,options,HIGH
NOVP US,PGIM S&P 500 BUFFER 12 ETF - NOVEMBER,PGIM Rock ETF Trust,mechanism,physical,options,HIGH
NOVP US,PGIM S&P 500 BUFFER 12 ETF - NOVEMBER,PGIM Rock ETF Trust,buffer_pct,12.0,500.0,HIGH
NOVZ US,ELEVATION SERIES TRUST - TRUESHARES STRUCTURED OUTCOME NOVEMBER ETF,Elevation Series Trust,mechanism,physical,options,HIGH
NOWL US,GRANITESHARES 2X LONG NOW DAILY ETF,GraniteShares ETF Trust,underlier_name,NOW US,NOW,HIGH
NOWL US,GRANITESHARES 2X LONG NOW DAILY ETF,GraniteShares ETF Trust,mechanism,physical,swap,HIGH
NRES US,XTRACKERS RREEF GLOBAL NATURAL RESOURCES ETF,DWS Xtrackers ETFs/USA,sub_strategy,Thematic,Broad,MEDIUM
NRGD US,MICROSECTORS US BIG OIL -3X INVERSE LEVERAGED ETN,BMO ETNs/United States,asset_class,Equity,Multi-Asset,HIGH
NRGD US,MICROSECTORS US BIG OIL -3X INVERSE LEVERAGED ETN,BMO ETNs/United States,concentration,single,basket,MEDIUM
NRGD US,MICROSECTORS US BIG OIL -3X INVERSE LEVERAGED ETN,BMO ETNs/United States,mechanism,physical,swap,MEDIUM
NRGU US,MICROSECTORS US BIG OIL INDEX 3X LEVERAGED ETN,BMO ETNs/United States,direction,long,neutral,HIGH
NRGU US,MICROSECTORS US BIG OIL INDEX 3X LEVERAGED ETN,BMO ETNs/United States,concentration,single,basket,MEDIUM
NRGU US,MICROSECTORS US BIG OIL INDEX 3X LEVERAGED ETN,BMO ETNs/United States,mechanism,physical,swap,MEDIUM
NSCI US,NUVEEN SECURITIZED INCOME ETF,Nushares ETF Trust,mechanism,physical,swap,HIGH
NSEP US,INNOVATOR GROWTH-100 POWER BUFFER ETF - SEPTEMBER,Innovator ETF Trust,mechanism,physical,options,HIGH
NTSX US,WISDOMTREE US EFFICIENT CORE F,WisdomTree ETFs/USA,sub_strategy,Allocation,Broad,HIGH
NUG US,LEVERAGE SHARES 2X LONG NU DAILY ETF,Themes ETF Trust,underlier_name,NU US,NU,HIGH
NUG US,LEVERAGE SHARES 2X LONG NU DAILY ETF,Themes ETF Trust,mechanism,physical,swap,HIGH
NUGT US,DIREXION DAILY GOLD MINERS INDEX BULL 2X ETF,Direxion ETFs/USA,mechanism,physical,swap,HIGH
NUGY US,GRANITESHARES YIELDBOOST GOLD MINERS ETF,GraniteShares ETF Trust,concentration,single,basket,MEDIUM
NUGY US,GRANITESHARES YIELDBOOST GOLD MINERS ETF,GraniteShares ETF Trust,mechanism,physical,options,HIGH
NUKZ US,RANGE NUCLEAR RENAISSANCE INDEX ETF,Exchange-Traded Concepts Trust,sub_strategy,Thematic,Sector,MEDIUM
NUSB US,NUVEEN ULTRA SHORT INCOME ETF,Nushares ETF Trust,mechanism,physical,options,MEDIUM
NVBT US,ALLIANZIM US EQUITY BUFFER10 NOV ETF,AIM ETF Products Trust,mechanism,physical,options,HIGH
NVBU US,ALLIANZIM US EQUITY BUFFER15 UNCAPPED NOV ETF,AIM ETF Products Trust,mechanism,physical,options,HIGH
NVBW US,ALLIANZIM US EQUITY BUFFER20 NOV ETF,AIM ETF Products Trust,mechanism,physical,options,HIGH
NVD US,GRANITESHARES 2X SHORT NVDA DAILY ETF,GraniteShares ETF Trust,underlier_name,NVDA US,NVDA,HIGH
NVD US,GRANITESHARES 2X SHORT NVDA DAILY ETF,GraniteShares ETF Trust,mechanism,physical,swap,HIGH
NVDB US,PROSHARES ULTRA NVDA,ProShares Trust,direction,long,neutral,HIGH
NVDB US,PROSHARES ULTRA NVDA,ProShares Trust,underlier_name,NVDA US,NVDA,HIGH
NVDB US,PROSHARES ULTRA NVDA,ProShares Trust,mechanism,physical,swap,HIGH
NVDD US,DIREXION DAILY NVDA BEAR 1X ETF,Direxion ETFs/USA,underlier_name,NVDA US,NVDA,HIGH
NVDD US,DIREXION DAILY NVDA BEAR 1X ETF,Direxion ETFs/USA,mechanism,physical,swap,HIGH
NVDG US,LEVERAGE SHARES 2X LONG NVDA DAILY ETF,Themes ETF Trust,underlier_name,NVDA US,NVDA,HIGH
NVDG US,LEVERAGE SHARES 2X LONG NVDA DAILY ETF,Themes ETF Trust,mechanism,physical,swap,HIGH
NVDK US,TUTTLE CAPITAL NVDA 0DTE COVERED CALL ETF,ETF Opportunities Trust/Tuttle,asset_class,Volatility,Multi-Asset,HIGH
NVDK US,TUTTLE CAPITAL NVDA 0DTE COVERED CALL ETF,ETF Opportunities Trust/Tuttle,primary_strategy,Plain Beta,Income,MEDIUM
NVDK US,TUTTLE CAPITAL NVDA 0DTE COVERED CALL ETF,ETF Opportunities Trust/Tuttle,sub_strategy,VIX,Derivative Income > Covered Call,MEDIUM
NVDK US,TUTTLE CAPITAL NVDA 0DTE COVERED CALL ETF,ETF Opportunities Trust/Tuttle,mechanism,futures,swap,HIGH
NVDL US,GRANITESHARES 2X LONG NVDA DAILY ETF,GraniteShares ETF Trust,underlier_name,NVDA US,NVDA,HIGH
NVDL US,GRANITESHARES 2X LONG NVDA DAILY ETF,GraniteShares ETF Trust,mechanism,physical,swap,HIGH
NVDO US,LEVERAGE SHARES 2X CAPPED ACCELERATED NVDA MONTHLY ETF,Themes ETF Trust,direction,long,neutral,HIGH
NVDO US,LEVERAGE SHARES 2X CAPPED ACCELERATED NVDA MONTHLY ETF,Themes ETF Trust,underlier_name,NVDA US,NVDA,HIGH
NVDO US,LEVERAGE SHARES 2X CAPPED ACCELERATED NVDA MONTHLY ETF,Themes ETF Trust,mechanism,physical,swap,MEDIUM
NVDQ US,T-REX 2X INVERSE NVIDIA DAILY TARGET ETF,ETF Opportunities Trust/REX Sh,underlier_name,NVDA US,NVDA,HIGH
NVDQ US,T-REX 2X INVERSE NVIDIA DAILY TARGET ETF,ETF Opportunities Trust/REX Sh,mechanism,physical,swap,HIGH
NVDS US,TRADR 1.5X SHORT NVDA DAILY ETF,Investment Managers Series Tru,underlier_name,NVDA US,NVDA,HIGH
NVDS US,TRADR 1.5X SHORT NVDA DAILY ETF,Investment Managers Series Tru,mechanism,physical,swap,HIGH
NVDU US,DIREXION DAILY NVDA BULL 2X ETF,Direxion ETFs/USA,underlier_name,NVDA US,NVDA,HIGH
NVDU US,DIREXION DAILY NVDA BULL 2X ETF,Direxion ETFs/USA,mechanism,physical,swap,HIGH
NVDW US,ROUNDHILL NVDA WEEKLYPAY ETF,Roundhill ETF Trust,sub_strategy,Derivative Income > Covered Call,Derivative Income > 0DTE / Weekly,HIGH
NVDW US,ROUNDHILL NVDA WEEKLYPAY ETF,Roundhill ETF Trust,underlier_name,NVDA US,NVDA,HIGH
NVDW US,ROUNDHILL NVDA WEEKLYPAY ETF,Roundhill ETF Trust,mechanism,physical,swap,HIGH
NVDX US,T-REX 2X LONG NVIDIA DAILY TARGET ETF,ETF Opportunities Trust/REX Sh,underlier_name,NVDA US,NVDA,HIGH
NVDX US,T-REX 2X LONG NVIDIA DAILY TARGET ETF,ETF Opportunities Trust/REX Sh,mechanism,physical,swap,HIGH
NVDY US,YIELDMAX NVDA OPTION INCOME STRATEGY ETF,Tidal Trust II,underlier_name,NVDA US,NVDA,HIGH
NVDY US,YIELDMAX NVDA OPTION INCOME STRATEGY ETF,Tidal Trust II,mechanism,physical,options,HIGH
NVII US,REX NVDA GROWTH & INCOME ETF,REX ETF Trust,primary_strategy,Income,L&I,HIGH
NVII US,REX NVDA GROWTH & INCOME ETF,REX ETF Trust,sub_strategy,Derivative Income > Covered Call,Long,HIGH
NVII US,REX NVDA GROWTH & INCOME ETF,REX ETF Trust,underlier_name,NVDA US,NVDA,HIGH
NVII US,REX NVDA GROWTH & INCOME ETF,REX ETF Trust,mechanism,physical,swap,HIGH
NVIR US,HORIZON KINETICS ENERGY REMEDIATION ETF,Listed Funds Trust,sub_strategy,Broad,Sector,MEDIUM
NVIT US,YIELDMAX NVDA PERFORMANCE & DISTRIBUTION TARGET 25 ETF,Tidal Trust II,asset_class,Equity,Multi-Asset,HIGH
NVIT US,YIELDMAX NVDA PERFORMANCE & DISTRIBUTION TARGET 25 ETF,Tidal Trust II,concentration,single,basket,MEDIUM
NVIT US,YIELDMAX NVDA PERFORMANCE & DISTRIBUTION TARGET 25 ETF,Tidal Trust II,mechanism,physical,options,HIGH
NVOX US,DEFIANCE DAILY TARGET 2X LONG NVO ETF,Tidal Trust II,underlier_name,NVO US,NVO,HIGH
NVOX US,DEFIANCE DAILY TARGET 2X LONG NVO ETF,Tidal Trust II,mechanism,physical,swap,HIGH
NVTX US,TRADR 2X LONG NVTS DAILY ETF,Investment Managers Series Tru,underlier_name,NVTS US,NVTS,HIGH
NVTX US,TRADR 2X LONG NVTS DAILY ETF,Investment Managers Series Tru,mechanism,physical,swap,HIGH
NVYY US,GRANITESHARES YIELDBOOST NVDA ETF,GraniteShares ETF Trust,underlier_name,NVDA US,NVDA,HIGH
NVYY US,GRANITESHARES YIELDBOOST NVDA ETF,GraniteShares ETF Trust,mechanism,physical,options,HIGH
NWKD US,NUCLEAR ENERGY & INFRASTRUCTURE ETF,Corgi ETF Trust II,sub_strategy,Broad,Sector,MEDIUM
NXTE US,AXS GREEN ALPHA ETF,Investment Managers Series Tru,sub_strategy,Thematic,Broad,LOW
NXTG US,FIRST TRUST INDXX NEXTG ETF,First Trust Exchange-Traded Fu,sub_strategy,Thematic,Sector,MEDIUM
NXUS US,NUVEEN INTERNATIONAL AGGREGATE BOND ETF,Nushares ETF Trust,mechanism,physical,options,MEDIUM
NYSX US,GLOBAL X NYSE 100 ETF,Global X ETFs/USA,sub_strategy,Broad,Sector,MEDIUM
NZAC US,STATE STREET SPDR MSCI ACWI CLIMATE PARIS ALIGNED ETF,SPDR Index Shares Funds,sub_strategy,Thematic,Broad,MEDIUM
OARK US,YIELDMAX INNOVATION OPTION INCOME STRATEGY ETF,Tidal Trust II,concentration,single,basket,MEDIUM
OARK US,YIELDMAX INNOVATION OPTION INCOME STRATEGY ETF,Tidal Trust II,mechanism,physical,options,HIGH
OBNB US,OSPREY BNB CHAIN TRUST,Osprey Funds LLC/USA,primary_strategy,L&I,Plain Beta,HIGH
OBNB US,OSPREY BNB CHAIN TRUST,Osprey Funds LLC/USA,sub_strategy,Long,Single-Access,HIGH
OBNB US,OSPREY BNB CHAIN TRUST,Osprey Funds LLC/USA,mechanism,swap,physical,MEDIUM
OBNK US,OSPREY BONK TRUST,Osprey Funds LLC/USA,primary_strategy,L&I,Plain Beta,HIGH
OBNK US,OSPREY BONK TRUST,Osprey Funds LLC/USA,sub_strategy,Long,Single-Access,HIGH
OBNK US,OSPREY BONK TRUST,Osprey Funds LLC/USA,mechanism,swap,physical,MEDIUM
OBOR US,KRANESHARES MSCI ONE BELT ONE ROAD INDEX ETF,KraneShares Trust,sub_strategy,Thematic,Broad,LOW
OCIO US,CLEARSHARES OCIO ETF,ETF Series Solutions,sub_strategy,Allocation,Broad,HIGH
OCTB US,APTUS OCTOBER BUFFER ETF,ETF Series Solutions/Aptus Cap,mechanism,physical,options,HIGH
OCTH US,INNOVATOR PREMIUM INCOME 20 BARRIER ETF - OCTOBER,Innovator ETF Trust,mechanism,physical,options,HIGH
OCTJ US,INNOVATOR PREMIUM INCOME 30 BARRIER ETF - OCTOBER,Innovator ETF Trust,mechanism,physical,options,HIGH
OCTM US,FT VEST US EQUITY MAX BUFFER ETF - OCTOBER,First Trust Exchange-Traded Fu,mechanism,physical,options,HIGH
OCTP US,PGIM S&P 500 BUFFER 12 ETF - OCTOBER,PGIM Rock ETF Trust,mechanism,physical,options,HIGH
OCTP US,PGIM S&P 500 BUFFER 12 ETF - OCTOBER,PGIM Rock ETF Trust,buffer_pct,12.0,500.0,HIGH
OCTT US,ALLIANZIM US EQUITY BUFFER10 OCT ETF,AIM ETF Products Trust,mechanism,physical,options,HIGH
OCTU US,ALLIANZIM US EQUITY BUFFER15 UNCAPPED OCT ETF,AIM ETF Products Trust,mechanism,physical,options,HIGH
OCTW US,ALLIANZIM US EQ BUFFER20 OCT,AIM ETF Products Trust,mechanism,physical,options,HIGH
OCTZ US,ELEVATION SERIES TRUST - TRUESHARES STRUCTURED OUTCOME OCTOBER ETF,Elevation Series Trust,mechanism,physical,options,HIGH
ODDS US,PACER BLUESTAR DIGITAL ENTERTAINMENT ETF,Pacer ETFs/USA,sub_strategy,Thematic,Broad,LOW
ODOT US,OSPREY POLKADOT TRUST,Osprey Funds LLC/USA,sub_strategy,Broad,Single-Access,HIGH
ODTE US,VEGASHARES SPX NDX RTY PREMIUM INCOME ETF,Vegashares ETF Trust,mechanism,physical,options,HIGH
OEF US,ISHARES S&P 100 ETF,iShares Trust,sub_strategy,Broad,Sector,MEDIUM
OEFA US,ALPS O'SHARES INTERNATIONAL DEVELOPED QUALITY DIVIDEND ETF,ALPS ETF Trust,sub_strategy,Style,Broad,MEDIUM
OEI US,OPTIMIZE EQUITY INCOME ETF,Listed Funds Trust/Core Altern,primary_strategy,Income,Plain Beta,LOW
OEI US,OPTIMIZE EQUITY INCOME ETF,Listed Funds Trust/Core Altern,sub_strategy,Derivative Income > Covered Call,Broad,LOW
OEI US,OPTIMIZE EQUITY INCOME ETF,Listed Funds Trust/Core Altern,mechanism,physical,options,MEDIUM
OETH US,YIELDMAX ETHER OPTION INCOME STRATEGY ETF,Tidal Trust II,primary_strategy,L&I,Plain Beta,HIGH
OETH US,YIELDMAX ETHER OPTION INCOME STRATEGY ETF,Tidal Trust II,sub_strategy,Long,Single-Access,HIGH
OETH US,YIELDMAX ETHER OPTION INCOME STRATEGY ETF,Tidal Trust II,mechanism,swap,physical,MEDIUM
OGIG US,ALPS O'SHARES GLOBAL INTERNET GIANTS ETF,ALPS ETF Trust,sub_strategy,Thematic,Sector,MEDIUM
OHNO US,TUTTLE CAPITAL NO BLEED TAIL RISK ETF,Tuttle Tactical ETFs/USA,asset_class,Volatility,Multi-Asset,HIGH
OHNO US,TUTTLE CAPITAL NO BLEED TAIL RISK ETF,Tuttle Tactical ETFs/USA,sub_strategy,Tail Risk,Risk-Adaptive,HIGH
OHNO US,TUTTLE CAPITAL NO BLEED TAIL RISK ETF,Tuttle Tactical ETFs/USA,mechanism,futures,physical,LOW
OIH US,VANECK OIL SERVICES ETF,VanEck ETFs/USA,asset_class,Commodity,Equity,HIGH
OILD US,MICROSECTORS OIL & GAS EXPLORATION & PRODUCTION -3X INVERSE LEVERAGED ETN,BMO ETNs/United States,concentration,single,basket,MEDIUM
OILD US,MICROSECTORS OIL & GAS EXPLORATION & PRODUCTION -3X INVERSE LEVERAGED ETN,BMO ETNs/United States,mechanism,physical,swap,MEDIUM
OILK US,PROSHARES K-1 FREE CRUDE OIL ETF,ProShares Trust,mechanism,physical,options,MEDIUM
OILT US,TEXAS CAPITAL TEXAS OIL INDEX ETF,Texas Capital Funds Trust,asset_class,Commodity,Equity,HIGH
OILU US,MICROSECTORS OIL & GAS EXPLORATION & PRODUCTION 3X LEVERAGED ETN,BMO ETNs/United States,direction,long,neutral,HIGH
OILU US,MICROSECTORS OIL & GAS EXPLORATION & PRODUCTION 3X LEVERAGED ETN,BMO ETNs/United States,concentration,single,basket,MEDIUM
OILU US,MICROSECTORS OIL & GAS EXPLORATION & PRODUCTION 3X LEVERAGED ETN,BMO ETNs/United States,mechanism,physical,swap,MEDIUM
OKLL US,DEFIANCE DAILY TARGET 2X LONG OKLO ETF,Tidal Trust II,underlier_name,OKLO US,OKLO,HIGH
OKLL US,DEFIANCE DAILY TARGET 2X LONG OKLO ETF,Tidal Trust II,mechanism,physical,swap,HIGH
OKLS US,DEFIANCE DAILY TARGET 2X SHORT OKLO ETF,Tidal Trust II,underlier_name,OKLO US,OKLO,HIGH
OKLS US,DEFIANCE DAILY TARGET 2X SHORT OKLO ETF,Tidal Trust II,mechanism,physical,swap,HIGH
OKTG US,LEVERAGE SHARES 2X LONG OKTA DAILY ETF,Themes ETF Trust,underlier_name,OKTA US,OKTA,HIGH
OKTG US,LEVERAGE SHARES 2X LONG OKTA DAILY ETF,Themes ETF Trust,mechanism,physical,swap,HIGH
OLOXF US,DB CRUDE OIL LONG EXCHANGE TRADED NOTES,DB ETNs/USA,mechanism,physical,options,MEDIUM
OMAH US,VISTASHARES TARGET 15 BERKSHIRE SELECT INCOME ETF,Tidal Trust III,mechanism,physical,options,MEDIUM
OND US,PROSHARES ON-DEMAND ETF,ProShares Trust,sub_strategy,Thematic,Broad,LOW
ONDG US,LEVERAGE SHARES 2X LONG ONDS DAILY ETF,Themes ETF Trust,underlier_name,ONDS US,ONDS,HIGH
ONDG US,LEVERAGE SHARES 2X LONG ONDS DAILY ETF,Themes ETF Trust,mechanism,physical,swap,HIGH
ONDL US,DEFIANCE DAILY TARGET 2X LONG ONDS ETF,Tidal Trust II,underlier_name,ONDS US,ONDS,HIGH
ONDL US,DEFIANCE DAILY TARGET 2X LONG ONDS ETF,Tidal Trust II,mechanism,physical,swap,HIGH
ONDU US,TRADR 2X LONG ONDS DAILY ETF,Investment Managers Series Tru,underlier_name,ONDS US,ONDS,HIGH
ONDU US,TRADR 2X LONG ONDS DAILY ETF,Investment Managers Series Tru,mechanism,physical,swap,HIGH
ONEH US,TRUESHARES EQUITY HEDGE ETF,Elevation Series Trust,primary_strategy,Risk Mgmt,Plain Beta,HIGH
ONEH US,TRUESHARES EQUITY HEDGE ETF,Elevation Series Trust,sub_strategy,Alternatives,Broad,HIGH
ONEH US,TRUESHARES EQUITY HEDGE ETF,Elevation Series Trust,mechanism,physical,swap,HIGH
ONEV US,STATE STREET SPDR RUSSELL 1000 LOW VOLATILITY FOCUS ETF,SPDR Series Trust,sub_strategy,Style,Broad,LOW
ONEZ US,TRUESHARES SEASONALITY LADDERED BUFFERED ETF,Elevation Series Trust,asset_class,Fixed Income,Equity,HIGH
ONEZ US,TRUESHARES SEASONALITY LADDERED BUFFERED ETF,Elevation Series Trust,primary_strategy,Plain Beta,Defined Outcome,MEDIUM
ONEZ US,TRUESHARES SEASONALITY LADDERED BUFFERED ETF,Elevation Series Trust,sub_strategy,Bond Ladder,Buffer,MEDIUM
ONEZ US,TRUESHARES SEASONALITY LADDERED BUFFERED ETF,Elevation Series Trust,mechanism,physical,options,HIGH
ONLN US,PROSHARES ONLINE RETAIL ETF,ProShares Trust,sub_strategy,Thematic,Sector,MEDIUM
ONOF US,GLOBAL X ADAPTIVE US RISK MANAGEMENT ETF,Global X ETFs/USA,sub_strategy,Allocation,Broad,HIGH
OOL US,DB CRUDE OIL INDEX LONG EXCHANGE TRADED NOTES,DB ETNs/USA,primary_strategy,Plain Beta,L&I,HIGH
OOL US,DB CRUDE OIL INDEX LONG EXCHANGE TRADED NOTES,DB ETNs/USA,sub_strategy,Broad,Long,HIGH
OOL US,DB CRUDE OIL INDEX LONG EXCHANGE TRADED NOTES,DB ETNs/USA,mechanism,physical,swap,MEDIUM
OOS US,DB CRUDE OIL INDEX SHORT EXCHANGE TRADED NOTES,DB ETNs/USA,primary_strategy,Plain Beta,L&I,HIGH
OOS US,DB CRUDE OIL INDEX SHORT EXCHANGE TRADED NOTES,DB ETNs/USA,sub_strategy,Broad,Short,HIGH
OOS US,DB CRUDE OIL INDEX SHORT EXCHANGE TRADED NOTES,DB ETNs/USA,mechanism,physical,swap,MEDIUM
OPEG US,LEVERAGE SHARES 2X LONG OPEN DAILY ETF,Themes ETF Trust,underlier_name,OPEN US,OPEN,HIGH
OPEG US,LEVERAGE SHARES 2X LONG OPEN DAILY ETF,Themes ETF Trust,mechanism,physical,swap,HIGH
OPEX US,TRADR 2X LONG OPEN DAILY ETF,Investment Managers Series Tru,underlier_name,OPEN US,OPEN,HIGH
OPEX US,TRADR 2X LONG OPEN DAILY ETF,Investment Managers Series Tru,mechanism,physical,swap,HIGH
ORCS US,DIREXION DAILY ORCL BEAR 1X ETF,Direxion ETFs/USA,underlier_name,ORCL US,ORCL,HIGH
ORCS US,DIREXION DAILY ORCL BEAR 1X ETF,Direxion ETFs/USA,mechanism,physical,swap,HIGH
ORCU US,DIREXION DAILY ORCL BULL 2X ETF,Direxion ETFs/USA,underlier_name,ORCL US,ORCL,HIGH
ORCU US,DIREXION DAILY ORCL BULL 2X ETF,Direxion ETFs/USA,mechanism,physical,swap,HIGH
ORCX US,DEFIANCE DAILY TARGET 2X LONG ORCL ETF,Tidal Trust II,underlier_name,ORCL US,ORCL,HIGH
ORCX US,DEFIANCE DAILY TARGET 2X LONG ORCL ETF,Tidal Trust II,mechanism,physical,swap,HIGH
ORLG US,LEVERAGE SHARES 2X LONG ORLY DAILY ETF,Themes ETF Trust,underlier_name,ORLY US,ORLY,HIGH
ORLG US,LEVERAGE SHARES 2X LONG ORLY DAILY ETF,Themes ETF Trust,mechanism,physical,swap,HIGH
ORO US,ARROW INVESTMENTS TRUST -ARROW VALTORO ETF,Arrow Investments Trust,mechanism,physical,swap,HIGH
ORR US,MILITIA LONG/SHORT EQUITY ETF,EA Series Trust,primary_strategy,L&I,Plain Beta,LOW
ORR US,MILITIA LONG/SHORT EQUITY ETF,EA Series Trust,sub_strategy,Short,Broad,LOW
OSCG US,LEVERAGE SHARES 2X LONG OSCR DAILY ETF,Themes ETF Trust,underlier_name,OSCR US,OSCR,HIGH
OSCG US,LEVERAGE SHARES 2X LONG OSCR DAILY ETF,Themes ETF Trust,mechanism,physical,swap,HIGH
OSCX US,DEFIANCE DAILY TARGET 2X LONG OSCR ETF,Tidal Trust II,mechanism,physical,swap,HIGH
OSOL US,OSPREY SOLANA TRUST,Osprey Funds LLC/USA,sub_strategy,Broad,Single-Access,HIGH
OTS US,DB CRUDE OIL INDEX DOUBLE SHORT EXCHANGE TRADED NOTES,DB ETNs/USA,primary_strategy,Plain Beta,L&I,HIGH
OTS US,DB CRUDE OIL INDEX DOUBLE SHORT EXCHANGE TRADED NOTES,DB ETNs/USA,sub_strategy,Broad,Short,HIGH
OTS US,DB CRUDE OIL INDEX DOUBLE SHORT EXCHANGE TRADED NOTES,DB ETNs/USA,mechanism,physical,swap,MEDIUM
OVB US,OVERLAY SHARES CORE BOND ETF,Listed Funds Trust,mechanism,physical,options,MEDIUM
OVF US,OVERLAY SHARES FOREIGN EQUITY ETF,Listed Funds Trust,mechanism,physical,options,MEDIUM
OVL US,OVERLAY SHARES LARGE CAP EQUITY ETF,Listed Funds Trust,mechanism,physical,options,MEDIUM
OVLH US,OVERLAY SHARES HEDGED LARGE CAP EQUITY ETF,Listed Funds Trust,mechanism,physical,options,MEDIUM
OVM US,OVERLAY SHARES MUNICIPAL BOND ETF,Listed Funds Trust,mechanism,physical,options,MEDIUM
OVS US,OVERLAY SHARES SMALL CAP EQUITY ETF,Listed Funds Trust,mechanism,physical,options,MEDIUM
OVT US,OVERLAY SHARES SHORT TERM BOND ETF,Listed Funds Trust,mechanism,physical,options,MEDIUM
OWNB US,BITWISE BITCOIN STANDARD CORPORATIONS ETF,Bitwise Funds Trust,asset_class,Equity,Crypto,HIGH
OWNB US,BITWISE BITCOIN STANDARD CORPORATIONS ETF,Bitwise Funds Trust,concentration,single,basket,MEDIUM
OZEM US,ROUNDHILL GLP-1 & WEIGHT LOSS ETF,Roundhill ETF Trust,sub_strategy,Thematic,Broad,LOW
PAAU US,T-REX 2X LONG PAAS DAILY TARGET ETF,ETF Opportunities Trust/REX Sh,mechanism,physical,swap,HIGH
PAB US,PGIM ACTIVE AGGREGATE BOND ETF,PGIM ETF Trust,mechanism,physical,swap,HIGH
PALD US,DIREXION DAILY PANW BEAR 1X ETF,Direxion ETFs/USA,underlier_name,PANW US,PANW,HIGH
PALD US,DIREXION DAILY PANW BEAR 1X ETF,Direxion ETFs/USA,mechanism,physical,swap,HIGH
PALU US,DIREXION DAILY PANW BULL 2X ETF,Direxion ETFs/USA,underlier_name,PANW US,PANW,HIGH
PALU US,DIREXION DAILY PANW BULL 2X ETF,Direxion ETFs/USA,mechanism,physical,swap,HIGH
PANG US,LEVERAGE SHARES 2X LONG PANW DAILY ETF,Themes ETF Trust,underlier_name,PANW US,PANW,HIGH
PANG US,LEVERAGE SHARES 2X LONG PANW DAILY ETF,Themes ETF Trust,mechanism,physical,swap,HIGH
PAPI US,PARAMETRIC EQUITY PREMIUM INCOME ETF,Morgan Stanley Etf Trust,mechanism,physical,options,HIGH
PAPR US,INNOVATOR U.S. EQUITY POWER BUFFER ETF - APRIL,Innovator ETF Trust,mechanism,physical,options,HIGH
PATX US,TRADR 2X LONG PATH DAILY ETF,Investment Managers Series Tru,underlier_name,PATH US,PATH,HIGH
PATX US,TRADR 2X LONG PATH DAILY ETF,Investment Managers Series Tru,mechanism,physical,swap,HIGH
PAUG US,INNOVATOR U.S. EQUITY POWER BUFFER ETF - AUGUST,Innovator ETF Trust,mechanism,physical,options,HIGH
PAVE US,GLOBAL X US INFRASTRUCTURE DEVELOPMENT ETF,Global X ETFs/USA,sub_strategy,Thematic,Sector,MEDIUM
PAWZ US,PROSHARES PET CARE ETF,ProShares Trust,sub_strategy,Thematic,Broad,LOW
PAYH US,TRUESHARES S&P AUTOCALLABLE HIGH INCOME ETF,Elevation Series Trust,asset_class,Equity,Multi-Asset,HIGH
PAYH US,TRUESHARES S&P AUTOCALLABLE HIGH INCOME ETF,Elevation Series Trust,mechanism,physical,swap,HIGH
PAYM US,TRUESHARES S&P AUTOCALLABLE DEFENSIVE INCOME ETF,Elevation Series Trust,asset_class,Equity,Multi-Asset,HIGH
PAYM US,TRUESHARES S&P AUTOCALLABLE DEFENSIVE INCOME ETF,Elevation Series Trust,mechanism,physical,swap,HIGH
PAYR US,FEDERATED HERMES ENHANCED INCOME ETF,Federated Hermes Etf Trust,mechanism,physical,swap,HIGH
PBAP US,PGIM S&P 500 BUFFER 20 ETF - APRIL,PGIM Rock ETF Trust,mechanism,physical,options,HIGH
PBAP US,PGIM S&P 500 BUFFER 20 ETF - APRIL,PGIM Rock ETF Trust,buffer_pct,20.0,500.0,HIGH
PBAU US,PGIM S&P 500 BUFFER 20 ETF - AUGUST,PGIM Rock ETF Trust,mechanism,physical,options,HIGH
PBAU US,PGIM S&P 500 BUFFER 20 ETF - AUGUST,PGIM Rock ETF Trust,buffer_pct,20.0,500.0,HIGH
PBDE US,PGIM S&P 500 BUFFER 20 ETF - DECEMBER,PGIM Rock ETF Trust,mechanism,physical,options,HIGH
PBDE US,PGIM S&P 500 BUFFER 20 ETF - DECEMBER,PGIM Rock ETF Trust,buffer_pct,20.0,500.0,HIGH
PBE US,INVESCO BIOTECHNOLOGY & GENOME ETF,Invesco Exchange-Traded Fund T,sub_strategy,Broad,Sector,MEDIUM
PBFB US,PGIM S&P 500 BUFFER 20 ETF - FEBRUARY,PGIM Rock ETF Trust,mechanism,physical,options,HIGH
PBFB US,PGIM S&P 500 BUFFER 20 ETF - FEBRUARY,PGIM Rock ETF Trust,buffer_pct,20.0,500.0,HIGH
PBFR US,PGIM LADDERED S&P 500 BUFFER 20 ETF,PGIM Rock ETF Trust,asset_class,Fixed Income,Equity,HIGH
PBFR US,PGIM LADDERED S&P 500 BUFFER 20 ETF,PGIM Rock ETF Trust,primary_strategy,Plain Beta,Defined Outcome,HIGH
PBFR US,PGIM LADDERED S&P 500 BUFFER 20 ETF,PGIM Rock ETF Trust,sub_strategy,Bond Ladder,Buffer,HIGH
PBFR US,PGIM LADDERED S&P 500 BUFFER 20 ETF,PGIM Rock ETF Trust,mechanism,physical,options,HIGH
PBFR US,PGIM LADDERED S&P 500 BUFFER 20 ETF,PGIM Rock ETF Trust,buffer_pct,20.0,500.0,HIGH
PBJA US,PGIM S&P 500 BUFFER 20 ETF - JANUARY,PGIM Rock ETF Trust,mechanism,physical,options,HIGH
PBJA US,PGIM S&P 500 BUFFER 20 ETF - JANUARY,PGIM Rock ETF Trust,buffer_pct,20.0,500.0,HIGH
PBJL US,PGIM S&P 500 BUFFER 20 ETF - JULY,PGIM Rock ETF Trust,mechanism,physical,options,HIGH
PBJL US,PGIM S&P 500 BUFFER 20 ETF - JULY,PGIM Rock ETF Trust,buffer_pct,20.0,500.0,HIGH
PBJN US,PGIM S&P 500 BUFFER 20 ETF - JUNE,PGIM Rock ETF Trust,mechanism,physical,options,HIGH
PBJN US,PGIM S&P 500 BUFFER 20 ETF - JUNE,PGIM Rock ETF Trust,buffer_pct,20.0,500.0,HIGH
PBL US,PGIM PORTFOLIO BALLAST ETF,PGIM ETF Trust,asset_class,Equity,Multi-Asset,HIGH
PBL US,PGIM PORTFOLIO BALLAST ETF,PGIM ETF Trust,mechanism,physical,options,MEDIUM
PBMR US,PGIM S&P 500 BUFFER 20 ETF - MARCH,PGIM Rock ETF Trust,mechanism,physical,options,HIGH
PBMR US,PGIM S&P 500 BUFFER 20 ETF - MARCH,PGIM Rock ETF Trust,buffer_pct,20.0,500.0,HIGH
PBMY US,PGIM S&P 500 BUFFER 20 ETF - MAY,PGIM Rock ETF Trust,mechanism,physical,options,HIGH
PBMY US,PGIM S&P 500 BUFFER 20 ETF - MAY,PGIM Rock ETF Trust,buffer_pct,20.0,500.0,HIGH
PBNV US,PGIM S&P 500 BUFFER 20 ETF - NOVEMBER,PGIM Rock ETF Trust,mechanism,physical,options,HIGH
PBNV US,PGIM S&P 500 BUFFER 20 ETF - NOVEMBER,PGIM Rock ETF Trust,buffer_pct,20.0,500.0,HIGH
PBOC US,PGIM S&P 500 BUFFER 20 ETF - OCTOBER,PGIM Rock ETF Trust,mechanism,physical,options,HIGH
PBOC US,PGIM S&P 500 BUFFER 20 ETF - OCTOBER,PGIM Rock ETF Trust,buffer_pct,20.0,500.0,HIGH
PBOG US,PORTFOLIO BUILDING BLOCK INTEGRATED OIL GAS EXPLORATION & PRODUCTION INDEX ETF,Tidal Trust IV,asset_class,Commodity,Equity,HIGH
PBOG US,PORTFOLIO BUILDING BLOCK INTEGRATED OIL GAS EXPLORATION & PRODUCTION INDEX ETF,Tidal Trust IV,sub_strategy,Broad,Sector,MEDIUM
PBP US,INVESCO S&P 500 BUYWRITE ETF,Invesco Exchange-Traded Fund T,mechanism,physical,options,HIGH
PBPH US,PORTFOLIO BUILDING BLOCK WORLD PHARMA AND BIOTECH INDEX ETF,Tidal Trust IV,sub_strategy,Broad,Sector,MEDIUM
PBQQ US,PGIM LADDERED NASDAQ-100 BUFFER 12 ETF,PGIM Rock ETF Trust,asset_class,Fixed Income,Equity,HIGH
PBQQ US,PGIM LADDERED NASDAQ-100 BUFFER 12 ETF,PGIM Rock ETF Trust,primary_strategy,Plain Beta,Defined Outcome,HIGH
PBQQ US,PGIM LADDERED NASDAQ-100 BUFFER 12 ETF,PGIM Rock ETF Trust,sub_strategy,Bond Ladder,Buffer,HIGH
PBQQ US,PGIM LADDERED NASDAQ-100 BUFFER 12 ETF,PGIM Rock ETF Trust,mechanism,physical,options,HIGH
PBQQ US,PGIM LADDERED NASDAQ-100 BUFFER 12 ETF,PGIM Rock ETF Trust,buffer_pct,12.0,100.0,HIGH
PBRG US,LEVERAGE SHARES 2X LONG PBR DAILY ETF,Themes ETF Trust,underlier_name,PBR US,PBR,HIGH
PBRG US,LEVERAGE SHARES 2X LONG PBR DAILY ETF,Themes ETF Trust,mechanism,physical,swap,HIGH
PBSE US,PGIM S&P 500 BUFFER 20 ETF - SEPTEMBER,PGIM Rock ETF Trust,mechanism,physical,options,HIGH
PBSE US,PGIM S&P 500 BUFFER 20 ETF - SEPTEMBER,PGIM Rock ETF Trust,buffer_pct,20.0,500.0,HIGH
PBTC US,PANDO ASSET SPOT BITCOIN TRUST,Pando Asset AG/Switzerland,primary_strategy,L&I,Plain Beta,HIGH
PBTC US,PANDO ASSET SPOT BITCOIN TRUST,Pando Asset AG/Switzerland,sub_strategy,Long,Single-Access,HIGH
PBTC US,PANDO ASSET SPOT BITCOIN TRUST,Pando Asset AG/Switzerland,mechanism,swap,physical,MEDIUM
PCCE US,POLEN CAPITAL CHINA GROWTH ETF,Litman Gregory Funds Trust,sub_strategy,Style,Broad,MEDIUM
PCEF US,INVESCO CEF INCOME COMPOSITE ETF,Invesco Exchange-Traded Fund T,sub_strategy,Allocation,Broad,HIGH
PCGG US,POLEN CAPITAL GLOBAL GROWTH ETF,Litman Gregory Funds Trust,sub_strategy,Style,Broad,MEDIUM
PCIG US,POLEN CAPITAL INTERNATIONAL GROWTH ETF,Litman Gregory Funds Trust,sub_strategy,Style,Broad,MEDIUM
PCR US,SIMPLIFY VETTAFI PRIVATE CREDIT STRATEGY ETF,Simplify Exchange Traded Funds,asset_class,Fixed Income,Multi-Asset,HIGH
PCRB US,PUTNAM ESG CORE BOND ETF,Putnam ETF Trust,mechanism,physical,options,MEDIUM
PDBA US,INVESCO AGRICULTURE COMMODITY STRATEGY NO K-1 ETF,Invesco Actively Managed Excha,mechanism,physical,swap,HIGH
PDBC US,INVESCO OPTIMUM YIELD DIVERSIFIED COMMODITY STRATEGY NO K-1 ETF,Invesco Actively Managed Excha,mechanism,physical,swap,HIGH
PDDL US,GRANITESHARES 2X LONG PDD DAILY ETF,GraniteShares ETF Trust,underlier_name,PDD US,PDD,HIGH
PDDL US,GRANITESHARES 2X LONG PDD DAILY ETF,GraniteShares ETF Trust,mechanism,physical,swap,HIGH
PDEC US,INNOVATOR U.S. EQUITY POWER BUFFER ETF - DECEMBER,Innovator ETF Trust,mechanism,physical,options,HIGH
PDP US,INVESCO DORSEY WRIGHT MOMENTUM ETF,Invesco Exchange-Traded Fund T,sub_strategy,Style,Sector,MEDIUM
PEJ US,INVESCO LEISURE & ENTERTAINMENT ETF,Invesco Exchange-Traded Fund T,sub_strategy,Thematic,Broad,LOW
PEPS US,PARAMETRIC EQUITY PLUS ETF,Morgan Stanley Etf Trust,mechanism,physical,options,MEDIUM
PEY US,INVESCO HIGH YIELD EQUITY DIVIDEND ACHIEVERS ETF,Invesco Exchange-Traded Fund T,asset_class,Fixed Income,Equity,HIGH
PEZ US,INVESCO DORSEY WRIGHT CONSUMER CYCLICALS MOMENTUM ETF,Invesco Exchange-Traded Fund T,sub_strategy,Style,Sector,MEDIUM
PFEB US,INNOVATOR U.S. EQUITY POWER BUFFER ETF - FEBRUARY,Innovator ETF Trust,mechanism,physical,options,HIGH
PFFA US,VIRTUS INFRACAP US PREFERRED STOCK ETF,ETFis Series Trust I/Virtus ET,primary_strategy,Plain Beta,Income,LOW
PFFA US,VIRTUS INFRACAP US PREFERRED STOCK ETF,ETFis Series Trust I/Virtus ET,sub_strategy,Broad,Derivative Income > Covered Call,LOW
PFFA US,VIRTUS INFRACAP US PREFERRED STOCK ETF,ETFis Series Trust I/Virtus ET,mechanism,physical,options,HIGH
PFFL US,ETRACS MONTHLY PAY 2XLEVERAGED PREFERRED STOCK ETN,ETRACS ETNs/UBS AG/London/USA,direction,long,neutral,HIGH
PFFL US,ETRACS MONTHLY PAY 2XLEVERAGED PREFERRED STOCK ETN,ETRACS ETNs/UBS AG/London/USA,concentration,single,basket,MEDIUM
PFFL US,ETRACS MONTHLY PAY 2XLEVERAGED PREFERRED STOCK ETN,ETRACS ETNs/UBS AG/London/USA,mechanism,physical,swap,MEDIUM
PFI US,INVESCO DORSEY WRIGHT FINANCIAL MOMENTUM ETF,Invesco Exchange-Traded Fund T,sub_strategy,Style,Sector,MEDIUM
PFIX US,SIMPLIFY INTEREST RATE HEDGE ETF,Simplify Exchange Traded Funds,mechanism,physical,swap,HIGH
PFRL US,PGIM FLOATING RATE INCOME ETF,PGIM ETF Trust,mechanism,physical,options,MEDIUM
PHDG US,INVESCO S&P 500 DOWNSIDE HEDGE ETF,Invesco Actively Managed Excha,mechanism,physical,options,MEDIUM
PHEQ US,PARAMETRIC HEDGED EQUITY ETF,Morgan Stanley Etf Trust,primary_strategy,Risk Mgmt,Plain Beta,LOW
PHEQ US,PARAMETRIC HEDGED EQUITY ETF,Morgan Stanley Etf Trust,sub_strategy,Hedged Equity,Broad,LOW
PHEQ US,PARAMETRIC HEDGED EQUITY ETF,Morgan Stanley Etf Trust,mechanism,physical,options,MEDIUM
PHO US,INVESCO WATER RESOURCES ETF,Invesco Exchange-Traded Fund T,sub_strategy,Thematic,Broad,LOW
PHYD US,PUTNAM ESG HIGH YIELD ETF,Putnam ETF Trust,mechanism,physical,options,MEDIUM
PICK US,ISHARES MSCI GLOBAL METALS & MINING PRODUCERS ETF,iShares Inc,asset_class,Commodity,Equity,HIGH
PICK US,ISHARES MSCI GLOBAL METALS & MINING PRODUCERS ETF,iShares Inc,sub_strategy,Broad,Sector,MEDIUM
PIEQ US,PRINCIPAL INTERNATIONAL EQUITY ETF,Principal Exchange-Traded Fund,mechanism,physical,options,MEDIUM
PILL US,DIREXION DAILY PHARMACEUTICAL & MEDICAL BULL 3X ETF,Direxion ETFs/USA,mechanism,physical,swap,HIGH
PINK US,SIMPLIFY HEALTH CARE ETF,Simplify Exchange Traded Funds,sub_strategy,Thematic,Sector,MEDIUM
PIO US,INVESCO GLOBAL WATER ETF,Invesco Exchange-Traded Fund T,sub_strategy,Thematic,Broad,MEDIUM
PIPE US,INVESCO STEELPATH MLP & ENERGY INFRASTRUCTURE ETF,Powershares Actively Managed E,sub_strategy,Thematic,Sector,MEDIUM
PIT US,VANECK COMMODITY STRATEGY ETF,VanEck ETFs/USA,mechanism,physical,options,MEDIUM
PJAN US,INNOVATOR U.S. EQUITY POWER BUFFER ETF - JANUARY,Innovator ETF Trust,mechanism,physical,options,HIGH
PJUL US,INNOVATOR U.S. EQUITY POWER BUFFER ETF - JULY,Innovator ETF Trust,mechanism,physical,options,HIGH
PJUN US,INNOVATOR U.S. EQUITY POWER BUFFER ETF - JUNE,Innovator ETF Trust,mechanism,physical,options,HIGH
PKB US,INVESCO BUILDING & CONSTRUCTION ETF,Invesco Exchange-Traded Fund T,sub_strategy,Thematic,Sector,MEDIUM
PLGI US,PL GROWTH AND INCOME ETF,Collaborative Investment Serie,primary_strategy,Income,Plain Beta,LOW
PLGI US,PL GROWTH AND INCOME ETF,Collaborative Investment Serie,sub_strategy,Derivative Income > Covered Call,Style,LOW
PLGI US,PL GROWTH AND INCOME ETF,Collaborative Investment Serie,mechanism,physical,options,MEDIUM
PLOO US,LEVERAGE SHARES 2X CAPPED ACCELERATED PLTR MONTHLY ETF,Themes ETF Trust,direction,long,neutral,HIGH
PLOO US,LEVERAGE SHARES 2X CAPPED ACCELERATED PLTR MONTHLY ETF,Themes ETF Trust,underlier_name,PLTR US,PLTR,HIGH
PLOO US,LEVERAGE SHARES 2X CAPPED ACCELERATED PLTR MONTHLY ETF,Themes ETF Trust,mechanism,physical,swap,MEDIUM
PLTA US,PROSHARES ULTRA PLTR,ProShares Trust,direction,long,neutral,HIGH
PLTA US,PROSHARES ULTRA PLTR,ProShares Trust,underlier_name,PLTR US,PLTR,HIGH
PLTA US,PROSHARES ULTRA PLTR,ProShares Trust,mechanism,physical,swap,HIGH
PLTD US,DIREXION DAILY PLTR BEAR 1X ETF,Direxion ETFs/USA,underlier_name,PLTR US,PLTR,HIGH
PLTD US,DIREXION DAILY PLTR BEAR 1X ETF,Direxion ETFs/USA,mechanism,physical,swap,HIGH
PLTG US,LEVERAGE SHARES 2X LONG PLTR DAILY ETF,Themes ETF Trust,underlier_name,PLTR US,PLTR,HIGH
PLTG US,LEVERAGE SHARES 2X LONG PLTR DAILY ETF,Themes ETF Trust,mechanism,physical,swap,HIGH
PLTI US,REX PLTR GROWTH & INCOME ETF,REX ETF Trust,primary_strategy,Income,L&I,HIGH
PLTI US,REX PLTR GROWTH & INCOME ETF,REX ETF Trust,sub_strategy,Derivative Income > Covered Call,Long,HIGH
PLTI US,REX PLTR GROWTH & INCOME ETF,REX ETF Trust,underlier_name,PLTR US,PLTR,HIGH
PLTI US,REX PLTR GROWTH & INCOME ETF,REX ETF Trust,mechanism,physical,swap,MEDIUM
PLTU US,DIREXION DAILY PLTR BULL 2X ETF,Direxion ETFs/USA,underlier_name,PLTR US,PLTR,HIGH
PLTU US,DIREXION DAILY PLTR BULL 2X ETF,Direxion ETFs/USA,mechanism,physical,swap,HIGH
PLTW US,ROUNDHILL PLTR WEEKLYPAY ETF,Roundhill ETF Trust,sub_strategy,Derivative Income > Covered Call,Derivative Income > 0DTE / Weekly,HIGH
PLTW US,ROUNDHILL PLTR WEEKLYPAY ETF,Roundhill ETF Trust,underlier_name,PLTR US,PLTR,HIGH
PLTW US,ROUNDHILL PLTR WEEKLYPAY ETF,Roundhill ETF Trust,mechanism,physical,swap,HIGH
PLTY US,YIELDMAXTM PLTR OPTION INCOME STRATEGY ETF,Tidal Trust II,underlier_name,PLTR US,PLTR,HIGH
PLTY US,YIELDMAXTM PLTR OPTION INCOME STRATEGY ETF,Tidal Trust II,mechanism,physical,options,HIGH
PLTZ US,DEFIANCE DAILY TARGET 2X SHORT PLTR ETF,Tidal Trust II,underlier_name,PLTR US,PLTR,HIGH
PLTZ US,DEFIANCE DAILY TARGET 2X SHORT PLTR ETF,Tidal Trust II,mechanism,physical,swap,HIGH
PLU US,DEFIANCE DAILY TARGET 2X LONG PL ETF,Tidal Trust II,underlier_name,PL US,PL,HIGH
PLU US,DEFIANCE DAILY TARGET 2X LONG PL ETF,Tidal Trust II,mechanism,physical,swap,HIGH
PLUL US,LEVERAGE SHARES 2X LONG PLUG DAILY ETF,Themes ETF Trust,underlier_name,PLUG US,PLUG,HIGH
PLUL US,LEVERAGE SHARES 2X LONG PLUG DAILY ETF,Themes ETF Trust,mechanism,physical,swap,HIGH
PLYY US,GRANITESHARES YIELDBOOST PLTR ETF,GraniteShares ETF Trust,underlier_name,PLTR US,PLTR,HIGH
PLYY US,GRANITESHARES YIELDBOOST PLTR ETF,GraniteShares ETF Trust,mechanism,physical,options,HIGH
PMAP US,PGIM S&P 500 MAX BUFFER ETF - APRIL,PGIM Rock ETF Trust,mechanism,physical,options,HIGH
PMAR US,INNOVATOR U.S. EQUITY POWER BUFFER ETF - MARCH,Innovator ETF Trust,mechanism,physical,options,HIGH
PMAU US,PGIM S&P 500 MAX BUFFER ETF - AUGUST,PGIM Rock ETF Trust,mechanism,physical,options,HIGH
PMAY US,INNOVATOR U.S. EQUITY POWER BUFFER ETF - MAY,Innovator ETF Trust,mechanism,physical,options,HIGH
PMDE US,PGIM S&P 500 MAX BUFFER ETF - DECEMBER,PGIM Rock ETF Trust,mechanism,physical,options,HIGH
PMFB US,PGIM S&P 500 MAX BUFFER ETF - FEBRUARY,PGIM Rock ETF Trust,mechanism,physical,options,HIGH
PMJA US,PGIM S&P 500 MAX BUFFER ETF - JANUARY,PGIM Rock ETF Trust,mechanism,physical,options,HIGH
PMJL US,PGIM S&P 500 MAX BUFFER ETF - JULY,PGIM Rock ETF Trust,mechanism,physical,options,HIGH
PMJN US,PGIM S&P 500 MAX BUFFER ETF - JUNE,PGIM Rock ETF Trust,mechanism,physical,options,HIGH
PMMF US,ISHARES PRIME MONEY MARKET ETF,BlackRock ETF Trust,asset_class,Equity,Fixed Income,HIGH
PMMR US,PGIM S&P 500 MAX BUFFER ETF - MARCH,PGIM Rock ETF Trust,mechanism,physical,options,HIGH
PMMY US,PGIM S&P 500 MAX BUFFER ETF - MAY,PGIM Rock ETF Trust,mechanism,physical,options,HIGH
PMNV US,PGIM S&P 500 MAX BUFFER ETF - NOVEMBER,PGIM Rock ETF Trust,mechanism,physical,options,HIGH
PMOC US,PGIM S&P 500 MAX BUFFER ETF - OCTOBER,PGIM Rock ETF Trust,mechanism,physical,options,HIGH
PMSE US,PGIM S&P 500 MAX BUFFER ETF - SEPTEMBER,PGIM Rock ETF Trust,mechanism,physical,options,HIGH
PNOV US,INNOVATOR U.S. EQUITY POWER BUFFER ETF - NOVEMBER,Innovator ETF Trust,mechanism,physical,options,HIGH
POCT US,INNOVATOR U.S. EQUITY POWER BUFFER ETF - OCTOBER,Innovator ETF Trust,mechanism,physical,options,HIGH
POEL US,DEFIANCE DAILY TARGET 2X LONG POET ETF,Tidal Trust II,concentration,single,basket,MEDIUM
PONX US,TRADR 2X LONG PONY DAILY ETF,Investment Managers Series Tru,underlier_name,PONY US,PONY,HIGH
PONX US,TRADR 2X LONG PONY DAILY ETF,Investment Managers Series Tru,mechanism,physical,swap,HIGH
POWA US,INVESCO BLOOMBERG PRICING POWER ETF,Invesco Exchange-Traded Self-I,sub_strategy,Thematic,Broad,LOW
PPA US,INVESCO AEROSPACE & DEFENSE ETF,Invesco Exchange-Traded Fund T,sub_strategy,Thematic,Sector,MEDIUM
PPEM US,PUTNAM PANAGORA ESG EMERGING MARKETS EQUITY ETF,Putnam ETF Trust,mechanism,physical,options,MEDIUM
PPI US,ASTORIA REAL ASSETS ETF,Investment Managers Series Tru,sub_strategy,Thematic,Broad,HIGH
PPIE US,PUTNAM PANAGORA ESG INTERNATIONAL EQUITY ETF,Putnam ETF Trust,mechanism,physical,options,MEDIUM
PPTY US,US DIVERSIFIED REAL ESTATE ETF,ETF Series Solutions,asset_class,Multi-Asset,Equity,HIGH
PQAP US,PGIM NASDAQ-100 BUFFER 12 ETF - APRIL,PGIM Rock ETF Trust,mechanism,physical,options,HIGH
PQAP US,PGIM NASDAQ-100 BUFFER 12 ETF - APRIL,PGIM Rock ETF Trust,buffer_pct,12.0,100.0,HIGH
PQJA US,PGIM NASDAQ-100 BUFFER 12 ETF - JANUARY,PGIM Rock ETF Trust,mechanism,physical,options,HIGH
PQJA US,PGIM NASDAQ-100 BUFFER 12 ETF - JANUARY,PGIM Rock ETF Trust,buffer_pct,12.0,100.0,HIGH
PQJL US,PGIM NASDAQ-100 BUFFER 12 ETF - JULY,PGIM Rock ETF Trust,mechanism,physical,options,HIGH
PQJL US,PGIM NASDAQ-100 BUFFER 12 ETF - JULY,PGIM Rock ETF Trust,buffer_pct,12.0,100.0,HIGH
PQNT US,PICTET AI ENHANCED INTERNATIONAL EQUITY ETF,2023 ETF Series Trust/Pictet,sub_strategy,Thematic,Broad,MEDIUM
PQOC US,PGIM NASDAQ-100 BUFFER 12 ETF - OCTOBER,PGIM Rock ETF Trust,mechanism,physical,options,HIGH
PQOC US,PGIM NASDAQ-100 BUFFER 12 ETF - OCTOBER,PGIM Rock ETF Trust,buffer_pct,12.0,100.0,HIGH
PQUS US,PICTET AI ENHANCED US EQUITY ETF,2023 ETF Series Trust/Pictet,sub_strategy,Thematic,Broad,LOW
PRAE US,PLANROCK ALTERNATIVE GROWTH ETF,Northern Lights Fund Trust III,sub_strategy,Style,Broad,HIGH
PRAE US,PLANROCK ALTERNATIVE GROWTH ETF,Northern Lights Fund Trust III,mechanism,physical,options,MEDIUM
PRFD US,PIMCO PREFERRED AND CAPITAL SECURITIES ACTIVE ETF,Pimco ETF Trust,mechanism,physical,options,MEDIUM
PRN US,INVESCO EXCHANGE-TRADED FUND TRUST INVESCO DORSEY WRIGHT INDUSTRIALS MOMENTUM ET,Invesco Exchange-Traded Fund T,sub_strategy,Style,Sector,MEDIUM
PRTO US,RCN PARETO STRATEGIC ALLOCATION ETF,Tidal Trust III,sub_strategy,Allocation,Broad,HIGH
PSCE US,INVESCO S&P SMALLCAP ENERGY ETF,Invesco Exchange-Traded Fund T,sub_strategy,Broad,Sector,MEDIUM
PSCF US,INVESCO S&P SMALLCAP FINANCIALS ETF,Invesco Exchange-Traded Fund T,sub_strategy,Broad,Sector,MEDIUM
PSCH US,INVESCO S&P SMALLCAP HEALTH CARE ETF,Invesco Exchange-Traded Fund T,sub_strategy,Broad,Sector,MEDIUM
PSCI US,INVESCO S&P SMALLCAP INDUSTRIALS ETF,Invesco Exchange-Traded Fund T,sub_strategy,Broad,Sector,MEDIUM
PSCJ US,PACER SWAN SOS CONSERVATIVE JULY ETF,Pacer ETFs/USA,mechanism,physical,options,HIGH
PSCM US,INVESCO S&P SMALLCAP MATERIALS ETF,Invesco Exchange-Traded Fund T,sub_strategy,Broad,Sector,MEDIUM
PSCQ US,PACER SWAN SOS CONSERVATIVE OCTOBER ETF,Pacer ETFs/USA,mechanism,physical,options,HIGH
PSCT US,INVESCO S&P SMALLCAP INFORMATION TECHNOLOGY ETF,Invesco Exchange-Traded Fund T,sub_strategy,Broad,Sector,MEDIUM
PSCU US,INVESCO S&P SMALLCAP UTILITIES & COMMUNICATION SERVICES ETF,Invesco Exchange-Traded Fund T,sub_strategy,Broad,Sector,MEDIUM
PSCW US,PACER SWAN SOS CONSERVATIVE APRIL ETF,Pacer ETFs/USA,mechanism,physical,options,HIGH
PSCX US,PACER SWAN SOS CONSERVATIVE JANUARY ETF,Pacer ETFs/USA,mechanism,physical,options,HIGH
PSDM US,PGIM SHORT DURATION MULTI-SECTOR BOND ETF,PGIM ETF Trust,sub_strategy,Sector,Broad,HIGH
PSEP US,INNOVATOR U.S. EQUITY POWER BUFFER ETF - SEPTEMBER,Innovator ETF Trust,mechanism,physical,options,HIGH
PSFD US,PACER SWAN SOS FLEX JANUARY ETF,Pacer ETFs/USA,mechanism,physical,options,HIGH
PSFF US,PACER SWAN SOS FUND OF FUNDS ETF,Pacer ETFs/USA,mechanism,physical,options,HIGH
PSFJ US,PACER SWAN SOS FLEX JULY ETF,Pacer ETFs/USA,mechanism,physical,options,HIGH
PSFM US,PACER SWAN SOS FLEX APRIL ETF,Pacer ETFs/USA,mechanism,physical,options,HIGH
PSFO US,PACER SWAN SOS FLEX OCTOBER ETF,Pacer ETFs/USA,mechanism,physical,options,HIGH
PSI US,INVESCO SEMICONDUCTORS ETF,Invesco Exchange-Traded Fund T,sub_strategy,Broad,Sector,MEDIUM
PSIL US,ADVISORSHARES PSYCHEDELICS ETF,AdvisorShares ETFs/USA,sub_strategy,Thematic,Broad,LOW
PSMD US,PACER SWAN SOS MODERATE JANUARY ETF,Pacer ETFs/USA,mechanism,physical,options,HIGH
PSMJ US,PACER SWAN SOS MODERATE JULY ETF,Pacer ETFs/USA,mechanism,physical,options,HIGH
PSMO US,PACER SWAN SOS MODERATE OCTOBER ETF,Pacer ETFs/USA,mechanism,physical,options,HIGH
PSMR US,PACER SWAN SOS MODERATE APRIL ETF,Pacer ETFs/USA,mechanism,physical,options,HIGH
PSQ US,PROSHARES SHORT QQQ,ProShares Trust,mechanism,physical,swap,HIGH
PST US,PROSHARES ULTRASHORT LEHMAN 7-10 YEAR TREASURY,ProShares Trust,sub_strategy,Short,Long,HIGH
PST US,PROSHARES ULTRASHORT LEHMAN 7-10 YEAR TREASURY,ProShares Trust,direction,short,neutral,HIGH
PST US,PROSHARES ULTRASHORT LEHMAN 7-10 YEAR TREASURY,ProShares Trust,mechanism,physical,swap,HIGH
PSTP US,INNOVATOR POWER BUFFER STEP-UP STRATEGY ETF,Innovator ETF Trust,mechanism,physical,options,HIGH
PSTR US,PEAKSHARES SECTOR ROTATION ETF,Northern Lights Fund Trust II/,sub_strategy,Sector,Broad,LOW
PSTR US,PEAKSHARES SECTOR ROTATION ETF,Northern Lights Fund Trust II/,mechanism,physical,options,MEDIUM
PTF US,INVESCO EXCHANGE-TRADED FUND TRUST INVESCO DORSEY WRIGHT TECHNOLOGY MOMENTUM ETF,Invesco Exchange-Traded Fund T,sub_strategy,Style,Sector,MEDIUM
PTH US,INVESCO EXCHANGE-TRADED FUND TRUST INVESCO DORSEY WRIGHT HEALTHCARE MOMENTUM ETF,Invesco Exchange-Traded Fund T,sub_strategy,Style,Sector,MEDIUM
PTIN US,PACER TRENDPILOT INTERNATIONAL ETF,Pacer ETFs/USA,sub_strategy,Allocation,Broad,HIGH
PTIR US,GRANITESHARES 2X LONG PLTR DAILY ETF,GraniteShares ETF Trust,underlier_name,PLTR US,PLTR,HIGH
PTIR US,GRANITESHARES 2X LONG PLTR DAILY ETF,GraniteShares ETF Trust,mechanism,physical,swap,HIGH
PTMC US,PACER TRENDPILOT US MID CAP ETF,Pacer ETFs/USA,sub_strategy,Allocation,Broad,HIGH
PTNQ US,PACER FUNDS TRUST - PACER TRENDPILOT 100 ETF,Pacer ETFs/USA,sub_strategy,Allocation,Broad,HIGH
PTRB US,PGIM TOTAL RETURN BOND ETF,PGIM ETF Trust,mechanism,physical,swap,HIGH
PVEX US,TRUESHARES CONVEQUITY ETF,Elevation Series Trust,primary_strategy,Income,Plain Beta,HIGH
PVEX US,TRUESHARES CONVEQUITY ETF,Elevation Series Trust,sub_strategy,Derivative Income > Covered Call,Broad,HIGH
PWER US,NOMURA ENERGY TRANSITION ETF,Nomura ETF Trust,sub_strategy,Thematic,Sector,MEDIUM
PWRD US,TCW TRANSFORM SYSTEMS ETF,TCW Etf Trust,sub_strategy,Thematic,Sector,MEDIUM
PWS US,PACER WEALTHSHIELD ETF,Pacer ETFs/USA,primary_strategy,Risk Mgmt,Plain Beta,HIGH
PWS US,PACER WEALTHSHIELD ETF,Pacer ETFs/USA,sub_strategy,Hedged Equity,Broad,HIGH
PXE US,INVESCO ENERGY EXPLORATION & PRODUCTION ETF,Invesco Exchange-Traded Fund T,sub_strategy,Broad,Sector,MEDIUM
PXI US,INVESCO EXCHANGE-TRADED FUND TRUST INVESCO DORSEY WRIGHT ENERGY MOMENTUM ETF,Invesco Exchange-Traded Fund T,sub_strategy,Style,Sector,MEDIUM
PXJ US,INVESCO OIL & GAS SERVICES ETF,Invesco Exchange-Traded Fund T,asset_class,Commodity,Equity,HIGH
PXJ US,INVESCO OIL & GAS SERVICES ETF,Invesco Exchange-Traded Fund T,sub_strategy,Broad,Sector,MEDIUM
PYLD US,PIMCO MULTISECTOR BOND ACTIVE ETF,Pimco ETF Trust,mechanism,physical,options,MEDIUM
PYPG US,LEVERAGE SHARES 2X LONG PYPL DAILY ETF,Themes ETF Trust,underlier_name,PYPL US,PYPL,HIGH
PYPG US,LEVERAGE SHARES 2X LONG PYPL DAILY ETF,Themes ETF Trust,mechanism,physical,swap,HIGH
PYPU US,DIREXION DAILY PYPL BULL 2X ETF,Direxion ETFs/USA,mechanism,physical,swap,HIGH
PYPY US,YIELDMAX PYPL OPTION INCOME STRATEGY ETF,Tidal Trust II,underlier_name,PYPL US,PYPL,HIGH
PYPY US,YIELDMAX PYPL OPTION INCOME STRATEGY ETF,Tidal Trust II,mechanism,physical,options,HIGH
PYZ US,INVESCO EXCHANGE-TRADED FUND TRUST INVESCO DORSEY WRIGHT BASIC MATERIALS MOMENTU,Invesco Exchange-Traded Fund T,sub_strategy,Broad,Sector,MEDIUM
PZIV US,PZENA INTERNATIONAL VALUE ETF,Advisors Series Trust/Pzena In,sub_strategy,Style,Broad,MEDIUM
QABA US,FIRST TRUST NASDAQ ABA COMMUNITY BANK INDEX FUND,First Trust Exchange-Traded Fu,sub_strategy,Broad,Sector,MEDIUM
QAI US,NYLI HEDGE MULTI-STRATEGY TRACKER ETF,New York Life Investment Manag,primary_strategy,Risk Mgmt,Plain Beta,HIGH
QAI US,NYLI HEDGE MULTI-STRATEGY TRACKER ETF,New York Life Investment Manag,sub_strategy,Alternatives,Broad,HIGH
QALT US,SEI DBI MULTI-STRATEGY ALTERNATIVE ETF,SEI Exchange Traded Funds,sub_strategy,Allocation,Broad,HIGH
QB US,PROSHARES NASDAQ-100 DYNAMIC BUFFER ETF,ProShares Trust,mechanism,physical,swap,HIGH
QBER US,TRUESHARES QUARTERLY BEAR HEDGE ETF,Elevation Series Trust,mechanism,physical,options,MEDIUM
QBF US,INNOVATOR UNCAPPED BITCOIN 20 FLOOR ETF - QUARTERLY,Innovator ETF Trust,mechanism,physical,options,HIGH
QBIF US,ALLIANZIM INTERNATIONAL EQUITY BUFFER15 ETF,AIM ETF Products Trust,mechanism,physical,options,HIGH
QBIV US,ALLIANZIM INTERNATIONAL EQUITY BUFFER5 ETF,AIM ETF Products Trust,mechanism,physical,swap,HIGH
QBKF US,ALLIANZIM US SMALL CAP BUFFER15 ETF,AIM ETF Products Trust,mechanism,physical,options,HIGH
QBKV US,ALLIANZIM US SMALL CAP BUFFER5 ETF,AIM ETF Products Trust,mechanism,physical,options,HIGH
QBQF US,ALLIANZIM GROWTH-100 BUFFER15 ETF,AIM ETF Products Trust,mechanism,physical,options,HIGH
QBQF US,ALLIANZIM GROWTH-100 BUFFER15 ETF,AIM ETF Products Trust,buffer_pct,15.0,100.0,HIGH
QBQV US,ALLIANZIM GROWTH-100 BUFFER5 ETF,AIM ETF Products Trust,mechanism,physical,options,HIGH
QBQV US,ALLIANZIM GROWTH-100 BUFFER5 ETF,AIM ETF Products Trust,buffer_pct,5.0,100.0,HIGH
QBSF US,ALLIANZIM U.S. EQUITY BUFFER15 ETF,AIM ETF Products Trust,mechanism,physical,options,HIGH
QBSV US,ALLIANZIM US EQUITY BUFFER5 ETF,AIM ETF Products Trust,mechanism,physical,options,HIGH
QBTX US,TRADR 2X LONG QBTS DAILY ETF,Investment Managers Series Tru,underlier_name,QBTS US,QBTS,HIGH
QBTX US,TRADR 2X LONG QBTS DAILY ETF,Investment Managers Series Tru,mechanism,physical,swap,HIGH
QBTZ US,DEFIANCE DAILY TARGET 2X SHORT QBTS ETF,Tidal Trust III,underlier_name,QBTS US,QBTS,HIGH
QBTZ US,DEFIANCE DAILY TARGET 2X SHORT QBTS ETF,Tidal Trust III,mechanism,physical,swap,HIGH
QBUF US,INNOVATOR NASDAQ-100 10 BUFFER ETF - QUARTERLY,Innovator ETF Trust,mechanism,physical,options,HIGH
QBUL US,TRUESHARES QUARTERLY BULL HEDGE ETF,Elevation Series Trust,primary_strategy,Risk Mgmt,Plain Beta,LOW
QBUL US,TRUESHARES QUARTERLY BULL HEDGE ETF,Elevation Series Trust,sub_strategy,Hedged Equity,Broad,LOW
QBY US,GRANITESHARES YIELDBOOST QBTS ETF,GraniteShares ETF Trust,concentration,single,basket,MEDIUM
QBY US,GRANITESHARES YIELDBOOST QBTS ETF,GraniteShares ETF Trust,mechanism,physical,options,HIGH
QCAP US,FT VEST NASDAQ-100 CONSERVATIVE BUFFER ETF - APRIL,First Trust Exchange-Traded Fu,mechanism,physical,options,HIGH
QCJA US,FT VEST NASDAQ-100 CONSERVATIVE BUFFER ETF - JANUARY,First Trust Exchange-Traded Fu,mechanism,physical,options,HIGH
QCJL US,FT VEST NASDAQ-100 CONSERVATIVE BUFFER ETF - JULY,First Trust Exchange-Traded Fu,mechanism,physical,options,HIGH
QCLR US,GLOBAL X NASDAQ 100 COLLAR 95-110 ETF,Global X ETFs/USA,primary_strategy,Income,Plain Beta,MEDIUM
QCLR US,GLOBAL X NASDAQ 100 COLLAR 95-110 ETF,Global X ETFs/USA,sub_strategy,Derivative Income > Covered Call,Broad,MEDIUM
QCMD US,DIREXION DAILY QCOM BEAR 1X ETF,Direxion ETFs/USA,underlier_name,QCOM US,QCOM,HIGH
QCMD US,DIREXION DAILY QCOM BEAR 1X ETF,Direxion ETFs/USA,mechanism,physical,swap,HIGH
QCML US,GRANITESHARES 2X LONG QCOM DAILY ETF,GraniteShares ETF Trust,underlier_name,QCOM US,QCOM,HIGH
QCML US,GRANITESHARES 2X LONG QCOM DAILY ETF,GraniteShares ETF Trust,mechanism,physical,swap,HIGH
QCMU US,DIREXION DAILY QCOM BULL 2X ETF,Direxion ETFs/USA,underlier_name,QCOM US,QCOM,HIGH
QCMU US,DIREXION DAILY QCOM BULL 2X ETF,Direxion ETFs/USA,mechanism,physical,swap,HIGH
QCOC US,FT VEST NASDAQ-100 CONSERVATIVE BUFFER ETF - OCTOBER,First Trust Exchange-Traded Fu,mechanism,physical,options,HIGH
QDEC US,FT VEST NASDAQ-100 BUFFER ETF - DECEMBER,First Trust Exchange-Traded Fu,mechanism,physical,options,HIGH
QDIV US,GLOBAL X S&P 500 QUALITY DIVIDEND ETF,Global X ETFs/USA,sub_strategy,Style,Broad,MEDIUM
QDTE US,ROUNDHILL INNOVATION-100 0DTE COVERED CALL STRATEGY ETF,Roundhill ETF Trust,asset_class,Equity,Multi-Asset,HIGH
QDTE US,ROUNDHILL INNOVATION-100 0DTE COVERED CALL STRATEGY ETF,Roundhill ETF Trust,mechanism,physical,options,HIGH
QDTY US,YIELDMAX NASDAQ 100 0DTE COVERED CALL STRATEGY ETF,Tidal Trust II,mechanism,physical,options,HIGH
QDVO US,AMPLIFY CWP GROWTH & INCOME ETF,Amplify ETF Trust,primary_strategy,Income,Plain Beta,LOW
QDVO US,AMPLIFY CWP GROWTH & INCOME ETF,Amplify ETF Trust,sub_strategy,Derivative Income > Covered Call,Style,LOW
QFLR US,INNOVATOR NASDAQ-100 MANAGED FLOOR ETF,Innovator ETF Trust,sub_strategy,Buffer,Floor,MEDIUM
QFLR US,INNOVATOR NASDAQ-100 MANAGED FLOOR ETF,Innovator ETF Trust,mechanism,physical,options,HIGH
QGRD US,HORIZON NASDAQ-100 DEFINED RISK ETF,Horizon Funds,primary_strategy,Defined Outcome,Plain Beta,LOW
QGRD US,HORIZON NASDAQ-100 DEFINED RISK ETF,Horizon Funds,sub_strategy,Buffer,Broad,LOW
QGRD US,HORIZON NASDAQ-100 DEFINED RISK ETF,Horizon Funds,mechanism,physical,options,MEDIUM
QHDG US,INNOVATOR HEDGED NASDAQ-100 ETF,Innovator ETF Trust,primary_strategy,Risk Mgmt,Plain Beta,LOW
QHDG US,INNOVATOR HEDGED NASDAQ-100 ETF,Innovator ETF Trust,sub_strategy,Hedged Equity,Broad,LOW
QHDG US,INNOVATOR HEDGED NASDAQ-100 ETF,Innovator ETF Trust,mechanism,physical,options,MEDIUM
QID US,PROSHARES ULTRASHORT QQQ,ProShares Trust,sub_strategy,Short,Long,HIGH
QID US,PROSHARES ULTRASHORT QQQ,ProShares Trust,direction,short,neutral,HIGH
QID US,PROSHARES ULTRASHORT QQQ,ProShares Trust,mechanism,physical,swap,HIGH
QINT US,AMERICAN CENTURY QUALITY DIVERSIFIED INTERNATIONAL ETF,American Century ETF Trust,asset_class,Multi-Asset,Equity,HIGH
QINT US,AMERICAN CENTURY QUALITY DIVERSIFIED INTERNATIONAL ETF,American Century ETF Trust,sub_strategy,Style,Broad,MEDIUM
QIS US,SIMPLIFY MULTI-QIS ALTERNATIVE ETF,Simplify Exchange Traded Funds,primary_strategy,Risk Mgmt,Plain Beta,HIGH
QIS US,SIMPLIFY MULTI-QIS ALTERNATIVE ETF,Simplify Exchange Traded Funds,sub_strategy,Alternatives,Broad,HIGH
QIS US,SIMPLIFY MULTI-QIS ALTERNATIVE ETF,Simplify Exchange Traded Funds,mechanism,physical,options,MEDIUM
QJUN US,FT VEST NASDAQ-100 BUFFER ETF - JUNE,First Trust Exchange-Traded Fu,mechanism,physical,options,HIGH
QLD US,PROSHARES ULTRA QQQ,ProShares Trust,direction,long,neutral,HIGH
QLD US,PROSHARES ULTRA QQQ,ProShares Trust,mechanism,physical,swap,HIGH
QLDY US,DEFIANCE NASDAQ 100 LIGHTNINGSPREAD INCOME ETF,Tidal Trust II,primary_strategy,Income,Plain Beta,LOW
QLDY US,DEFIANCE NASDAQ 100 LIGHTNINGSPREAD INCOME ETF,Tidal Trust II,sub_strategy,Derivative Income > Covered Call,Broad,LOW
QLDY US,DEFIANCE NASDAQ 100 LIGHTNINGSPREAD INCOME ETF,Tidal Trust II,mechanism,physical,options,MEDIUM
QLTI US,GMO INTERNATIONAL QUALITY ETF,GMO ETF Trust,sub_strategy,Style,Broad,MEDIUM
QLV US,FLEXSHARES US QUALITY LOW VOLATILITY INDEX FUND,FlexShares ETFs/USA,asset_class,Volatility,Equity,HIGH
QLVD US,FLEXSHARES DEVELOPED MARKETS EX-US QUALITY LOW VOLATILITY INDEX FUND,FlexShares ETFs/USA,asset_class,Volatility,Equity,HIGH
QLVD US,FLEXSHARES DEVELOPED MARKETS EX-US QUALITY LOW VOLATILITY INDEX FUND,FlexShares ETFs/USA,sub_strategy,Style,Broad,MEDIUM
QLVE US,FLEXSHARES EMERGING MARKETS QUALITY LOW VOLATILITY INDEX FUND,FlexShares ETFs/USA,asset_class,Volatility,Equity,HIGH
QMAG US,FT VEST NASDAQ-100 MODERATE BUFFER ETF - AUGUST,First Trust Exchange-Traded Fu,mechanism,physical,options,HIGH
QMAR US,FT VEST NASDAQ-100 BUFFER ETF - MARCH,First Trust Exchange-Traded Fu,mechanism,physical,options,HIGH
QMFE US,FT VEST NASDAQ-100 MODERATE BUFFER ETF - FEBRUARY,First Trust Exchange-Traded Fu,mechanism,physical,options,HIGH
QMFE US,FT VEST NASDAQ-100 MODERATE BUFFER ETF - FEBRUARY,First Trust Exchange-Traded Fu,buffer_pct,15.0,100.0,HIGH
QMMY US,FT VEST NASDAQ-100 MODERATE BUFFER ETF - MAY,First Trust Exchange-Traded Fu,mechanism,physical,options,HIGH
QMNV US,FT VEST NASDAQ-100 MODERATE BUFFER ETF - NOVEMBER,First Trust Exchange-Traded Fu,mechanism,physical,options,HIGH
QNXT US,ISHARES NASDAQ-100 EX TOP 30 ETF,iShares Trust,sub_strategy,Broad,Sector,MEDIUM
QPUX US,DEFIANCE 2X DAILY LONG PURE QUANTUM ETF,Tidal Trust III,mechanism,physical,swap,HIGH
QPX US,ADVISORSHARES Q DYNAMIC GROWTH ETF,AdvisorShares ETFs/USA,sub_strategy,Style,Broad,HIGH
QQDN US,PROSHARES ULTRASHORT QQQ MEGA,ProShares Trust,sub_strategy,Short,Long,HIGH
QQDN US,PROSHARES ULTRASHORT QQQ MEGA,ProShares Trust,direction,short,neutral,HIGH
QQDN US,PROSHARES ULTRASHORT QQQ MEGA,ProShares Trust,mechanism,physical,swap,HIGH
QQEW US,FIRST TRUST NASDAQ-100 SELECT EQUAL WEIGHT ETF,First Trust Exchange-Traded Fu,sub_strategy,Broad,Sector,MEDIUM
QQH US,HCM DEFENDER 100 INDEX ETF,Northern Lights Fund Trust III,sub_strategy,Allocation,Broad,HIGH
QQHG US,INVESCO QQQ HEDGED ADVANTAGE ETF,Powershares Actively Managed E,mechanism,physical,options,MEDIUM
QQLV US,INVESCO QQQ LOW VOLATILITY ETF,Invesco Exchange-Traded Fund T,sub_strategy,Style,Broad,LOW
QQQ US,INVESCO QQQ TRUST SERIES 1,Invesco ETFs/USA,sub_strategy,Broad,Sector,MEDIUM
QQQD US,DIREXION DAILY MAGNIFICENT 7 BEAR 1X ETF,Direxion ETFs/USA,mechanism,physical,swap,HIGH
QQQE US,DIREXION NASDAQ-100 EQUAL WEIGHTED INDEX ETF,Direxion ETFs/USA,sub_strategy,Broad,Sector,MEDIUM
QQQH US,NEOS NASDAQ-100 HEDGED EQUITY INCOME ETF,Neos ETF Trust,primary_strategy,Risk Mgmt,Plain Beta,LOW
QQQH US,NEOS NASDAQ-100 HEDGED EQUITY INCOME ETF,Neos ETF Trust,sub_strategy,Hedged Equity,Broad,LOW
QQQH US,NEOS NASDAQ-100 HEDGED EQUITY INCOME ETF,Neos ETF Trust,mechanism,physical,options,MEDIUM
QQQI US,NEOS NASDAQ-100 HIGH INCOME ETF,Neos ETF Trust,primary_strategy,Income,Plain Beta,LOW
QQQI US,NEOS NASDAQ-100 HIGH INCOME ETF,Neos ETF Trust,sub_strategy,Derivative Income > Covered Call,Broad,LOW
QQQJ US,INVESCO NASDAQ NEXT GEN 100 ETF,Invesco Exchange-Traded Fund T,sub_strategy,Broad,Thematic,MEDIUM
QQQM US,INVESCO NASDAQ 100 ETF,Invesco Exchange-Traded Fund T,sub_strategy,Broad,Sector,MEDIUM
QQQP US,TRADR 2X LONG INNOVATION 100 QUARTERLY ETF,Investment Managers Series Tru,mechanism,physical,swap,HIGH
QQQT US,DEFIANCE NASDAQ 100 INCOME TARGET ETF,Tidal Trust II,primary_strategy,Income,Plain Beta,LOW
QQQT US,DEFIANCE NASDAQ 100 INCOME TARGET ETF,Tidal Trust II,sub_strategy,Derivative Income > Covered Call,Broad,LOW
QQQT US,DEFIANCE NASDAQ 100 INCOME TARGET ETF,Tidal Trust II,mechanism,physical,options,MEDIUM
QQQU US,DIREXION DAILY MAGNIFICENT 7 BULL 2X ETF,Direxion ETFs/USA,mechanism,physical,swap,HIGH
QQQY US,DEFIANCE NASDAQ 100 WEEKLY DISTRIBUTION ETF,ETF Series Solutions,mechanism,physical,options,HIGH
QQUP US,PROSHARES ULTRA QQQ MEGA,ProShares Trust,direction,long,neutral,HIGH
QQUP US,PROSHARES ULTRA QQQ MEGA,ProShares Trust,mechanism,physical,swap,HIGH
QQXL US,PROSHARES ULTRA QQQ TOP 30,ProShares Trust,direction,long,neutral,HIGH
QQXL US,PROSHARES ULTRA QQQ TOP 30,ProShares Trust,mechanism,physical,swap,HIGH
QRFT US,QRAFT AI-ENHANCED US LARGE CAP ETF,Exchange Listed Funds Trust,sub_strategy,Thematic,Broad,LOW
QRMI US,GLOBAL X NASDAQ 100 RISK MANAGED INCOME ETF,Global X ETFs/USA,primary_strategy,Income,Plain Beta,MEDIUM
QRMI US,GLOBAL X NASDAQ 100 RISK MANAGED INCOME ETF,Global X ETFs/USA,sub_strategy,Derivative Income > Covered Call,Broad,MEDIUM
QSPT US,FT VEST NASDAQ-100 BUFFER ETF - SEPTEMBER,First Trust Exchange-Traded Fu,mechanism,physical,options,HIGH
QSU US,DEFIANCE DAILY TARGET 2X LONG QS ETF,Tidal Trust II,underlier_name,QS US,QS,HIGH
QSU US,DEFIANCE DAILY TARGET 2X LONG QS ETF,Tidal Trust II,mechanism,physical,swap,HIGH
QTAC US,Q3 ALL-SEASON TACTICAL ADVANTAGE ETF,Ultimus Managers Trust/Q3 Asse,asset_class,Equity,Multi-Asset,HIGH
QTAC US,Q3 ALL-SEASON TACTICAL ADVANTAGE ETF,Ultimus Managers Trust/Q3 Asse,direction,long,neutral,HIGH
QTAC US,Q3 ALL-SEASON TACTICAL ADVANTAGE ETF,Ultimus Managers Trust/Q3 Asse,mechanism,physical,swap,MEDIUM
QTAP US,INNOVATOR ETFS TRUST - INNOVATOR GROWTH ACCELERATED PLUS ETF - APRIL,Innovator ETF Trust,mechanism,physical,options,HIGH
QTEC US,FIRST TRUST NASDAQ-100 TECHNOLOGY INDEX FUND,First Trust Exchange-Traded Fu,sub_strategy,Broad,Sector,MEDIUM
QTJA US,INNOVATOR GROWTH ACCELERATED PLUS ETF - JANUARY,Innovator ETF Trust,mechanism,physical,options,HIGH
QTJL US,INNOVATOR GROWTH ACCELERATED PLUS ETF - JULY,Innovator ETF Trust,mechanism,physical,options,HIGH
QTMS US,DEFIANCE QTUM OPTIONS INCOME ETF,Tidal Trust II,asset_class,Multi-Asset,Equity,HIGH
QTMS US,DEFIANCE QTUM OPTIONS INCOME ETF,Tidal Trust II,primary_strategy,Risk Mgmt,Plain Beta,LOW
QTMS US,DEFIANCE QTUM OPTIONS INCOME ETF,Tidal Trust II,sub_strategy,Alternatives,Broad,LOW
QTOC US,INNOVATOR GROWTH ACCELERATED PLUS ETF-OCTOBER,Innovator ETF Trust,mechanism,physical,options,HIGH
QTR US,GLOBAL X NASDAQ 100 TAIL RISK ETF,Global X ETFs/USA,sub_strategy,Tail Risk,Risk-Adaptive,HIGH
QTUM US,DEFIANCE QUANTUM ETF,ETF Series Solutions,sub_strategy,Thematic,Sector,MEDIUM
QUAL US,ISHARES MSCI USA QUALITY FACTOR ETF,iShares Trust,sub_strategy,Style,Sector,MEDIUM
QUBX US,TRADR 2X LONG QUBT DAILY ETF,Investment Managers Series Tru,underlier_name,QUBT US,QUBT,HIGH
QUBX US,TRADR 2X LONG QUBT DAILY ETF,Investment Managers Series Tru,mechanism,physical,swap,HIGH
QUIZ US,ZACKS QUALITY INTERNATIONAL ETF,Zacks Trust,sub_strategy,Style,Broad,MEDIUM
QULL US,ETRACS 2X LEVERAGED MSCI US QUALITY FACTOR TR ETN,ETRACS ETNs/UBS AG/London/USA,direction,long,neutral,HIGH
QULL US,ETRACS 2X LEVERAGED MSCI US QUALITY FACTOR TR ETN,ETRACS ETNs/UBS AG/London/USA,concentration,single,basket,MEDIUM
QULL US,ETRACS 2X LEVERAGED MSCI US QUALITY FACTOR TR ETN,ETRACS ETNs/UBS AG/London/USA,mechanism,physical,swap,MEDIUM
QUSA US,VISTASHARES TARGET 15 USA QUALITY INCOME ETF,Tidal Trust III,mechanism,physical,options,MEDIUM
QVOY US,Q3 ALL-SEASON ACTIVE ROTATION ETF,Ultimus Managers Trust/Q3 Asse,sub_strategy,Allocation,Broad,HIGH
QYLD US,GLOBAL X NASDAQ 100 COVERED CALL ETF,Global X ETFs/USA,mechanism,physical,options,HIGH
QYLG US,GLOBAL X NASDAQ 100 COVERED CALL & GROWTH ETF,Global X ETFs/USA,mechanism,physical,options,HIGH
RAA US,SMI 3FOURTEEN REAL ASSET ALLOCATION ETF,ETF Opportunities Trust/3Fourt,sub_strategy,Allocation,Broad,HIGH
RAAA US,RECKONER YIELD ENHANCED AAA CLO ETF,Listed Funds Trust/Reckoner Ca,direction,long,neutral,HIGH
RAAA US,RECKONER YIELD ENHANCED AAA CLO ETF,Listed Funds Trust/Reckoner Ca,mechanism,physical,swap,MEDIUM
RAAX US,VANECK REAL ASSETS ETF,VanEck ETFs/USA,sub_strategy,Broad,Sector,MEDIUM
RB US,PROSHARES RUSSELL 2000 DYNAMIC BUFFER ETF,ProShares Trust,mechanism,physical,swap,HIGH
RBLU US,T-REX 2X LONG RBLX DAILY TARGET ETF,ETF Opportunities Trust/REX Sh,underlier_name,RBLX US,RBLX,HIGH
RBLU US,T-REX 2X LONG RBLX DAILY TARGET ETF,ETF Opportunities Trust/REX Sh,mechanism,physical,swap,HIGH
RBLY US,YIELDMAX RBLX OPTION INCOME STRATEGY ETF,Tidal Trust II,concentration,single,basket,MEDIUM
RBLY US,YIELDMAX RBLX OPTION INCOME STRATEGY ETF,Tidal Trust II,mechanism,physical,options,HIGH
RBUF US,INNOVATOR US SMALL CAP 10 BUFFER ETF - QUARTERLY,Innovator ETF Trust,mechanism,physical,options,HIGH
RCAX US,DEFIANCE DAILY TARGET 2X LONG RCAT ETF,Tidal Trust II,mechanism,physical,swap,MEDIUM
RDTE US,ROUNDHILL RUSSELL 2000 0DTE COVERED CALL STRATEGY ETF,Roundhill ETF Trust,mechanism,physical,options,HIGH
RDTL US,GRANITESHARES 2X LONG RDDT DAILY ETF,GraniteShares ETF Trust,underlier_name,RDDT US,RDDT,HIGH
RDTL US,GRANITESHARES 2X LONG RDDT DAILY ETF,GraniteShares ETF Trust,mechanism,physical,swap,HIGH
RDTY US,YIELDMAX RUSSELL 2000 ODTE COVERED CALL STRATEGY ETF,Tidal Trust II,mechanism,physical,options,HIGH
RDVI US,FT VEST RISING DIVIDEND ACHIEVERS TARGET INCOME ETF,First Trust Exchange-Traded Fu,primary_strategy,Income,Plain Beta,LOW
RDVI US,FT VEST RISING DIVIDEND ACHIEVERS TARGET INCOME ETF,First Trust Exchange-Traded Fu,sub_strategy,Derivative Income > Covered Call,Broad,LOW
RDVI US,FT VEST RISING DIVIDEND ACHIEVERS TARGET INCOME ETF,First Trust Exchange-Traded Fu,mechanism,physical,options,MEDIUM
RDVY US,FIRST TRUST RISING DIVIDEND ACHIEVERS ETF,First Trust Exchange-Traded Fu,sub_strategy,Broad,Thematic,MEDIUM
RDWU US,T-REX 2X LONG RDW DAILY TARGET ETF,ETF Opportunities Trust/REX Sh,mechanism,physical,swap,HIGH
RDYY US,YIELDMAX RDDT OPTION INCOME STRATEGY ETF,Tidal Trust II,concentration,single,basket,MEDIUM
RDYY US,YIELDMAX RDDT OPTION INCOME STRATEGY ETF,Tidal Trust II,mechanism,physical,options,HIGH
REK US,PROSHARES SHORT REAL ESTATE,ProShares Trust,mechanism,physical,swap,HIGH
REMX US,VANECK RARE EARTH AND STRATEGIC METALS ETF,VanEck ETFs/USA,sub_strategy,Broad,Sector,MEDIUM
RETL US,DIREXION DAILY RETAIL BULL 3X ETF,Direxion ETFs/USA,mechanism,physical,swap,HIGH
REW US,PROSHARES ULTRASHORT TECHNOLOGY,ProShares Trust,sub_strategy,Short,Long,HIGH
REW US,PROSHARES ULTRASHORT TECHNOLOGY,ProShares Trust,direction,short,neutral,HIGH
REW US,PROSHARES ULTRASHORT TECHNOLOGY,ProShares Trust,mechanism,physical,swap,HIGH
RFDI US,FIRST TRUST RIVERFRONT DYNAMIC DEVELOPED INTERNATIONAL ETF,First Trust Exchange-Traded Fu,mechanism,physical,options,MEDIUM
RFFC US,ALPS ACTIVE EQUITY OPPORTUNITY ETF,ALPS ETF Trust,sub_strategy,Broad,Sector,MEDIUM
RFIX US,SIMPLIFY BOND BULL ETF,Simplify Exchange Traded Funds,primary_strategy,L&I,Plain Beta,HIGH
RFIX US,SIMPLIFY BOND BULL ETF,Simplify Exchange Traded Funds,sub_strategy,Long,Broad,HIGH
RFLR US,INNOVATOR US SMALL CAP MANAGED FLOOR ETF,Innovator ETF Trust,sub_strategy,Buffer,Floor,MEDIUM
RFLR US,INNOVATOR US SMALL CAP MANAGED FLOOR ETF,Innovator ETF Trust,mechanism,physical,options,HIGH
RGTU US,TRADR 2X LONG RGTI DAILY ETF,Investment Managers Series Tru,underlier_name,RGTI US,RGTI,HIGH
RGTU US,TRADR 2X LONG RGTI DAILY ETF,Investment Managers Series Tru,mechanism,physical,swap,HIGH
RGTX US,DEFIANCE DAILY TARGET 2X LONG RGTI ETF,Tidal Trust II,underlier_name,RGTI US,RGTI,HIGH
RGTX US,DEFIANCE DAILY TARGET 2X LONG RGTI ETF,Tidal Trust II,mechanism,physical,swap,HIGH
RGTZ US,DEFIANCE DAILY TARGET 2X SHORT RGTI ETF,Tidal Trust II,mechanism,physical,swap,HIGH
RGYY US,GRANITESHARES YIELDBOOST RGTI ETF,GraniteShares ETF Trust,concentration,single,basket,MEDIUM
RGYY US,GRANITESHARES YIELDBOOST RGTI ETF,GraniteShares ETF Trust,mechanism,physical,options,HIGH
RHTX US,RH TACTICAL OUTLOOK ETF,Starboard Investment Trust,sub_strategy,Allocation,Broad,HIGH
RIET US,HOYA CAPITAL HIGH DIVIDEND YIELD ETF,ETF Series Solutions,sub_strategy,Style,Sector,MEDIUM
RIFR US,RUSSELL INVESTMENTS GLOBAL INFRASTRUCTURE ETF,Russell Investments Exchange T,sub_strategy,Thematic,Broad,MEDIUM
RINF US,PROSHARES INFLATION EXPECTATIONS ETF,ProShares Trust,mechanism,physical,swap,HIGH
RING US,ISHARES MSCI GLOBAL GOLD MINERS ETF,iShares Inc,asset_class,Commodity,Equity,HIGH
RIOX US,DEFIANCE DAILY TARGET 2X LONG RIOT ETF,Tidal Trust II,underlier_name,RIOT US,RIOT,HIGH
RIOX US,DEFIANCE DAILY TARGET 2X LONG RIOT ETF,Tidal Trust II,mechanism,physical,swap,HIGH
RISN US,INSPIRE CAPITAL APPRECIATION ETF,Northern Lights Fund Trust IV/,sub_strategy,Allocation,Broad,HIGH
RITA US,ETFB GREEN SRI REITS ETF,ETF Series Solutions,sub_strategy,Broad,Sector,MEDIUM
RKLX US,DEFIANCE DAILY TARGET 2X LONG RKLB ETF,Tidal Trust II,underlier_name,RKLB US,RKLB,HIGH
RKLX US,DEFIANCE DAILY TARGET 2X LONG RKLB ETF,Tidal Trust II,mechanism,physical,swap,HIGH
RKLZ US,DEFIANCE DAILY TARGET 2X SHORT RKLB ETF,Tidal Trust II,underlier_name,RKLB US,RKLB,HIGH
RKLZ US,DEFIANCE DAILY TARGET 2X SHORT RKLB ETF,Tidal Trust II,mechanism,physical,swap,HIGH
RKNG US,DEFIANCE RETAIL KINGS ETF,ETF Series Solutions/Defiance,sub_strategy,Broad,Sector,MEDIUM
RKTL US,DEFIANCE DAILY TARGET 2X LONG RKT ETF,Tidal Trust II,underlier_name,RKT US,RKT,HIGH
RKTL US,DEFIANCE DAILY TARGET 2X LONG RKT ETF,Tidal Trust II,mechanism,physical,swap,HIGH
RLY US,STATE STREET MULTI-ASSET REAL RETURN ETF,SSGA Active Trust,sub_strategy,Allocation,Broad,HIGH
RMIF US,LHA RISK-MANAGED INCOME ETF,Little Harbor Funds/USA,primary_strategy,Risk Mgmt,Plain Beta,HIGH
RMIF US,LHA RISK-MANAGED INCOME ETF,Little Harbor Funds/USA,sub_strategy,Risk-Adaptive,Broad,HIGH
RMME US,RAREVIEW GOVERNMENT MONEY MARKET ETF,Collaborative Investment Serie,asset_class,Equity,Fixed Income,HIGH
RMRC US,ARMOR CORE RISK-MANAGED ETF,Exchange Listed Funds Trust,primary_strategy,Risk Mgmt,Plain Beta,LOW
RMRC US,ARMOR CORE RISK-MANAGED ETF,Exchange Listed Funds Trust,sub_strategy,Risk-Adaptive,Broad,LOW
RNTY US,YIELDMAX TARGET 12 REAL ESTATE OPTION INCOME ETF,Tidal Trust II,mechanism,physical,options,HIGH
RNWZ US,ELEVATION SERIES TRUST - TRUESHARES EAGLE GLOBAL RENEWABLE ENERGY INCOME ETF,Elevation Series Trust,sub_strategy,Thematic,Sector,MEDIUM
ROBN US,T-REX 2X LONG HOOD DAILY TARGET ETF,ETF Opportunities Trust/REX Sh,underlier_name,HOOD US,HOOD,HIGH
ROBN US,T-REX 2X LONG HOOD DAILY TARGET ETF,ETF Opportunities Trust/REX Sh,mechanism,physical,swap,HIGH
ROBO US,ROBO GLOBAL ROBOTICS AND AUTOMATION INDEX ETF,Exchange-Traded Concepts ETFs/,sub_strategy,Thematic,Sector,MEDIUM
ROCQ US,JPMORGAN NASDAQ EQUITY PREMIUM YIELD ETF,JP Morgan Exchange-Traded Fund,mechanism,physical,options,HIGH
ROCY US,JPMORGAN EQUITY PREMIUM YIELD ETF,JP Morgan Exchange-Traded Fund,mechanism,physical,options,HIGH
ROM US,PROSHARES ULTRA TECHNOLOGY,ProShares Trust,direction,long,neutral,HIGH
ROM US,PROSHARES ULTRA TECHNOLOGY,ProShares Trust,mechanism,physical,swap,HIGH
RPAR US,RPAR RISK PARITY ETF,Tidal Trust I,sub_strategy,Allocation,Broad,HIGH
RSBA US,RETURN STACKED BONDS & MERGER ARBITRAGE ETF,Tidal Trust II,primary_strategy,L&I,Risk Mgmt,HIGH
RSBA US,RETURN STACKED BONDS & MERGER ARBITRAGE ETF,Tidal Trust II,sub_strategy,Short,Risk-Adaptive,HIGH
RSBA US,RETURN STACKED BONDS & MERGER ARBITRAGE ETF,Tidal Trust II,mechanism,physical,swap,HIGH
RSBT US,RETURN STACKED BONDS & MANAGED FUTURES ETF,Tidal Trust II,primary_strategy,L&I,Plain Beta,HIGH
RSBT US,RETURN STACKED BONDS & MANAGED FUTURES ETF,Tidal Trust II,sub_strategy,Short,Broad,HIGH
RSBT US,RETURN STACKED BONDS & MANAGED FUTURES ETF,Tidal Trust II,mechanism,physical,swap,HIGH
RSBY US,RETURN STACKED BONDS & FUTURES YIELD ETF,Tidal Trust II,primary_strategy,L&I,Plain Beta,HIGH
RSBY US,RETURN STACKED BONDS & FUTURES YIELD ETF,Tidal Trust II,sub_strategy,Short,Broad,HIGH
RSBY US,RETURN STACKED BONDS & FUTURES YIELD ETF,Tidal Trust II,mechanism,physical,swap,HIGH
RSDE US,FT VEST US EQUITY EQUAL WEIGHT BUFFER ETF - DECEMBER,First Trust Exchange-Traded Fu,mechanism,physical,options,HIGH
RSEE US,RAREVIEW SYSTEMATIC EQUITY ETF,Collaborative Investment Serie,direction,long,neutral,HIGH
RSEE US,RAREVIEW SYSTEMATIC EQUITY ETF,Collaborative Investment Serie,mechanism,physical,swap,MEDIUM
RSHO US,TEMA AMERICAN RESHORING ETF,Tema ETF Trust,sub_strategy,Thematic,Broad,LOW
RSJN US,FT VEST US EQUITY EQUAL WEIGHT BUFFER ETF - JUNE,First Trust Exchange-Traded Fu,mechanism,physical,options,HIGH
RSMR US,FT VEST US EQUITY EQUAL WEIGHT BUFFER ETF - MARCH,First Trust Exchange-Traded Fu,mechanism,physical,options,HIGH
RSMV US,RELATIVE STRENGTH MANAGED VOLATILITY STRATEGY ETF,Listed Funds Trust/Teucrium In,sub_strategy,Style,Broad,LOW
RSPC US,INVESCO S&P 500 EQUAL WEIGHT COMMUNICATION SERVICES ETF,Invesco Exchange-Traded Fund T,sub_strategy,Broad,Sector,MEDIUM
RSPF US,INVESCO S&P 500 EQUAL WEIGHT FINANCIALS ETF,Invesco Exchange-Traded Fund T,sub_strategy,Broad,Sector,MEDIUM
RSPG US,INVESCO S&P 500 EQUAL WEIGHT ENERGY ETF,Invesco Exchange-Traded Fund T,sub_strategy,Broad,Sector,MEDIUM
RSPH US,INVESCO S&P 500 EQUAL WEIGHT HEALTH CARE ETF,Invesco Exchange-Traded Fund T,sub_strategy,Broad,Sector,MEDIUM
RSPM US,INVESCO S&P 500 EQUAL WEIGHT MATERIALS ETF,Invesco Exchange-Traded Fund T,sub_strategy,Broad,Sector,MEDIUM
RSPT US,INVESCO S&P 500 EQUAL WEIGHT TECHNOLOGY ETF,Invesco Exchange-Traded Fund T,sub_strategy,Broad,Sector,MEDIUM
RSPU US,INVESCO S&P 500 EQUAL WEIGHT UTILITIES ETF,Invesco Exchange-Traded Fund T,sub_strategy,Broad,Sector,MEDIUM
RSSB US,RETURN STACKED GLOBAL STOCKS & BONDS ETF,Tidal Trust II,primary_strategy,L&I,Plain Beta,HIGH
RSSB US,RETURN STACKED GLOBAL STOCKS & BONDS ETF,Tidal Trust II,sub_strategy,Long,Broad,HIGH
RSSB US,RETURN STACKED GLOBAL STOCKS & BONDS ETF,Tidal Trust II,concentration,single,basket,MEDIUM
RSSB US,RETURN STACKED GLOBAL STOCKS & BONDS ETF,Tidal Trust II,mechanism,physical,swap,HIGH
RSSE US,FT VEST US EQUITY EQUAL WEIGHT BUFFER ETF - SEPTEMBER,First Trust Exchange-Traded Fu,mechanism,physical,options,HIGH
RSST US,RETURN STACKED US STOCKS & MANAGED FUTURES ETF,Tidal Trust II,primary_strategy,L&I,Plain Beta,HIGH
RSST US,RETURN STACKED US STOCKS & MANAGED FUTURES ETF,Tidal Trust II,sub_strategy,Short,Broad,HIGH
RSST US,RETURN STACKED US STOCKS & MANAGED FUTURES ETF,Tidal Trust II,mechanism,physical,swap,HIGH
RSSX US,RETURN STACKED U.S. STOCKS & GOLD/BITCOIN ETF,Tidal Trust II,asset_class,Multi-Asset,Crypto,HIGH
RSSX US,RETURN STACKED U.S. STOCKS & GOLD/BITCOIN ETF,Tidal Trust II,primary_strategy,L&I,Plain Beta,MEDIUM
RSSX US,RETURN STACKED U.S. STOCKS & GOLD/BITCOIN ETF,Tidal Trust II,sub_strategy,Short,Single-Access,MEDIUM
RSSX US,RETURN STACKED U.S. STOCKS & GOLD/BITCOIN ETF,Tidal Trust II,mechanism,physical,swap,HIGH
RSSY US,RETURN STACKED U.S. STOCKS & FUTURES YIELD ETF,Tidal Trust II,primary_strategy,L&I,Plain Beta,LOW
RSSY US,RETURN STACKED U.S. STOCKS & FUTURES YIELD ETF,Tidal Trust II,sub_strategy,Short,Broad,LOW
RSSY US,RETURN STACKED U.S. STOCKS & FUTURES YIELD ETF,Tidal Trust II,mechanism,physical,swap,HIGH
RTH US,VANECK RETAIL ETF,VanEck ETFs/USA,sub_strategy,Broad,Sector,MEDIUM
RTXG US,LEVERAGE SHARES 2X LONG RTX DAILY ETF,Themes ETF Trust,underlier_name,RTX US,RTX,HIGH
RTXG US,LEVERAGE SHARES 2X LONG RTX DAILY ETF,Themes ETF Trust,mechanism,physical,swap,HIGH
RTYY US,GRANITESHARES YIELDBOOST RIOT ETF,GraniteShares ETF Trust,concentration,single,basket,MEDIUM
RTYY US,GRANITESHARES YIELDBOOST RIOT ETF,GraniteShares ETF Trust,mechanism,physical,options,HIGH
RULE US,ADAPTIVE CORE ETF,Tuttle Tactical ETFs/USA,sub_strategy,Allocation,Broad,HIGH
RVNL US,GRANITESHARES 2X LONG RIVN DAILY ETF,GraniteShares ETF Trust,underlier_name,RIVN US,RIVN,HIGH
RVNL US,GRANITESHARES 2X LONG RIVN DAILY ETF,GraniteShares ETF Trust,mechanism,physical,swap,HIGH
RWLC US,RAYLIANT NXTGEN MULTIFACTOR US EQUITY ETF,Advisors' Inner Circle Fund II,mechanism,physical,swap,HIGH
RWM US,PROSHARES SHORT RUSSELL2000,ProShares Trust,mechanism,physical,swap,HIGH
RXD US,PROSHARES ULTRASHORT HEALTH CARE,ProShares Trust,sub_strategy,Short,Long,HIGH
RXD US,PROSHARES ULTRASHORT HEALTH CARE,ProShares Trust,direction,short,neutral,HIGH
RXD US,PROSHARES ULTRASHORT HEALTH CARE,ProShares Trust,mechanism,physical,swap,HIGH
RXL US,PROSHARES ULTRA HEALTH CARE,ProShares Trust,direction,long,neutral,HIGH
RXL US,PROSHARES ULTRA HEALTH CARE,ProShares Trust,mechanism,physical,swap,HIGH
RYLD US,GLOBAL X RUSSELL 2000 COVERED CALL ETF,Global X ETFs/USA,mechanism,physical,options,HIGH
RYLG US,GLOBAL X RUSSELL 2000 COVERED CALL & GROWTH ETF,Global X ETFs/USA,mechanism,physical,options,HIGH
SAA US,PROSHARES ULTRA SMALLCAP600,ProShares Trust,direction,long,neutral,HIGH
SAA US,PROSHARES ULTRA SMALLCAP600,ProShares Trust,mechanism,physical,swap,HIGH
SAGP US,STRATEGAS GLOBAL POLICY OPPORTUNITIES ETF,Strategas Asset Management LLC,sub_strategy,Thematic,Broad,MEDIUM
SARK US,TRADR 1X SHORT INNOVATION DAILY ETF,Investment Managers Series Tru,mechanism,physical,swap,HIGH
SATG US,LEVERAGE SHARES 2X LONG SATS DAILY ETF,Themes ETF Trust,underlier_name,SATS US,SATS,HIGH
SATG US,LEVERAGE SHARES 2X LONG SATS DAILY ETF,Themes ETF Trust,mechanism,physical,swap,HIGH
SATO US,INVESCO ALERIAN GALAXY CRYPTO ECONOMY ETF,Invesco Exchange-Traded Fund T,asset_class,Equity,Crypto,HIGH
SATO US,INVESCO ALERIAN GALAXY CRYPTO ECONOMY ETF,Invesco Exchange-Traded Fund T,underlier_name,multi-token crypto,CRYPTOX,MEDIUM
SATO US,INVESCO ALERIAN GALAXY CRYPTO ECONOMY ETF,Invesco Exchange-Traded Fund T,concentration,single,basket,MEDIUM
SAUG US,FT VEST US SMALL CAP MODERATE BUFFER ETF - AUGUST,First Trust Exchange-Traded Fu,mechanism,physical,options,HIGH
SBAR US,SIMPLIFY BARRIER INCOME ETF,Simplify Exchange Traded Funds,primary_strategy,Income,Defined Outcome,MEDIUM
SBAR US,SIMPLIFY BARRIER INCOME ETF,Simplify Exchange Traded Funds,sub_strategy,Structured Product Income > Autocallable,Buffer,MEDIUM
SBAR US,SIMPLIFY BARRIER INCOME ETF,Simplify Exchange Traded Funds,mechanism,physical,options,HIGH
SBB US,PROSHARES SHORT SMALLCAP600,ProShares Trust,mechanism,physical,swap,HIGH
SBIL US,SIMPLIFY GOVERNMENT MONEY MARKET ETF,Simplify Exchange Traded Funds,asset_class,Equity,Fixed Income,HIGH
SBIO US,ALPS MEDICAL BREAKTHROUGHS ETF,ALPS ETF Trust,sub_strategy,Broad,Sector,MEDIUM
SBIT US,PROSHARES ULTRASHORT BITCOIN ETF,ProShares Trust,sub_strategy,Short,Long,HIGH
SBIT US,PROSHARES ULTRASHORT BITCOIN ETF,ProShares Trust,direction,short,neutral,HIGH
SBIT US,PROSHARES ULTRASHORT BITCOIN ETF,ProShares Trust,underlier_name,XBTUSD Curncy,Bitcoin,HIGH
SBIT US,PROSHARES ULTRASHORT BITCOIN ETF,ProShares Trust,mechanism,physical,swap,HIGH
SBTU US,T-REX 2X LONG SBET DAILY TARGET ETF,ETF Opportunities Trust/REX Sh,underlier_name,SBET US,SBET,HIGH
SBTU US,T-REX 2X LONG SBET DAILY TARGET ETF,ETF Opportunities Trust/REX Sh,mechanism,physical,swap,HIGH
SBU US,LEVERAGE SHARES 2X LONG SBUX DAILY ETF,Themes ETF Trust,underlier_name,SBUX US,SBUX,HIGH
SBU US,LEVERAGE SHARES 2X LONG SBUX DAILY ETF,Themes ETF Trust,mechanism,physical,swap,HIGH
SCAP US,INFRASTRUCTURE CAPITAL SMALL CAP INCOME ETF,Series Portfolio Trust/Infrast,sub_strategy,Thematic,Broad,LOW
SCC US,PROSHARES ULTRASHORT CONSUMER DISCRETIONARY,ProShares Trust,sub_strategy,Short,Long,HIGH
SCC US,PROSHARES ULTRASHORT CONSUMER DISCRETIONARY,ProShares Trust,direction,short,neutral,HIGH
SCC US,PROSHARES ULTRASHORT CONSUMER DISCRETIONARY,ProShares Trust,mechanism,physical,swap,HIGH
SCDL US,ETRACS 2X LEVERAGED US DIVIDEND FACTOR TR ETN,ETRACS ETNs/UBS AG/London/USA,direction,long,neutral,HIGH
SCDL US,ETRACS 2X LEVERAGED US DIVIDEND FACTOR TR ETN,ETRACS ETNs/UBS AG/London/USA,concentration,single,basket,MEDIUM
SCDL US,ETRACS 2X LEVERAGED US DIVIDEND FACTOR TR ETN,ETRACS ETNs/UBS AG/London/USA,mechanism,physical,swap,MEDIUM
SCEP US,STERLING CAPITAL HEDGED EQUITY PREMIUM INCOME ETF,Northern Lights Fund Trust IV/,mechanism,physical,options,HIGH
SCLZ US,SWAN ENHANCED DIVIDEND INCOME ETF,Northern Lights Fund Trust III,primary_strategy,Income,Plain Beta,LOW
SCLZ US,SWAN ENHANCED DIVIDEND INCOME ETF,Northern Lights Fund Trust III,sub_strategy,Derivative Income > Covered Call,Broad,LOW
SCLZ US,SWAN ENHANCED DIVIDEND INCOME ETF,Northern Lights Fund Trust III,mechanism,physical,options,MEDIUM
SCO US,PROSHARES ULTRASHORT BLOOMBERG CRUDE OIL,ProShares Trust II,sub_strategy,Short,Long,HIGH
SCO US,PROSHARES ULTRASHORT BLOOMBERG CRUDE OIL,ProShares Trust II,direction,short,neutral,HIGH
SCO US,PROSHARES ULTRASHORT BLOOMBERG CRUDE OIL,ProShares Trust II,mechanism,physical,swap,HIGH
SCZ US,ISHARES MSCI EAFE SMALL-CAP ETF,iShares Trust,sub_strategy,Broad,Sector,MEDIUM
SDCI US,USCF SUMMERHAVEN DYNAMIC COMMODITY STRATEGY NO K-1 FUND,United States Commodities ETFs,mechanism,physical,options,MEDIUM
SDD US,PROSHARES ULTRASHORT SMALLCAP600,ProShares Trust,sub_strategy,Short,Long,HIGH
SDD US,PROSHARES ULTRASHORT SMALLCAP600,ProShares Trust,direction,short,neutral,HIGH
SDD US,PROSHARES ULTRASHORT SMALLCAP600,ProShares Trust,mechanism,physical,swap,HIGH
SDMF US,SIMPLIFY DBI CTA MANAGED FUTURES INDEX ETF,Simplify Exchange Traded Funds,primary_strategy,Risk Mgmt,Plain Beta,HIGH
SDMF US,SIMPLIFY DBI CTA MANAGED FUTURES INDEX ETF,Simplify Exchange Traded Funds,sub_strategy,Trend / Managed Futures,Broad,HIGH
SDOG US,ALPS SECTOR DIVIDEND DOGS ETF,ALPS ETF Trust,sub_strategy,Sector,Broad,LOW
SDOW US,PROSHARES ULTRAPRO SHORT DOW30,ProShares Trust,mechanism,physical,swap,HIGH
SDP US,PROSHARES ULTRASHORT UTILITIES,ProShares Trust,sub_strategy,Short,Long,HIGH
SDP US,PROSHARES ULTRASHORT UTILITIES,ProShares Trust,direction,short,neutral,HIGH
SDP US,PROSHARES ULTRASHORT UTILITIES,ProShares Trust,mechanism,physical,swap,HIGH
SDS US,PROSHARES ULTRASHORT S&P500,ProShares Trust,sub_strategy,Short,Long,HIGH
SDS US,PROSHARES ULTRASHORT S&P500,ProShares Trust,direction,short,neutral,HIGH
SDS US,PROSHARES ULTRASHORT S&P500,ProShares Trust,mechanism,physical,swap,HIGH
SDSI US,AMERICAN CENTURY SHORT DURATION STRATEGIC INCOME ETF,American Century ETF Trust,mechanism,physical,swap,HIGH
SDTY US,YIELDMAX S&P 500 0DTE COVERED CALL STRATEGY ETF,Tidal Trust II,mechanism,physical,options,HIGH
SDVD US,FT VEST SMID RISING DIVIDEND ACHIEVERS TARGET INCOME ETF,First Trust Exchange-Traded Fu,primary_strategy,Income,Plain Beta,HIGH
SDVD US,FT VEST SMID RISING DIVIDEND ACHIEVERS TARGET INCOME ETF,First Trust Exchange-Traded Fu,sub_strategy,Derivative Income > Covered Call,Broad,HIGH
SECR US,NYLI MACKAY SECURITIZED INCOME ETF,New York Life Investment Manag,mechanism,physical,options,MEDIUM
SECT US,MAIN SECTOR ROTATION ETF,Northern Lights Fund Trust IV/,sub_strategy,Sector,Broad,LOW
SECU US,ISHARES SECURITIZED INCOME ACTIVE ETF,Blackrock ETF Trust II,mechanism,physical,swap,HIGH
SEF US,PROSHARES SHORT FINANCIALS,ProShares Trust,mechanism,physical,swap,HIGH
SELV US,SEI ENHANCED LOW VOLATILITY US LARGE CAP ETF,SEI Exchange Traded Funds,sub_strategy,Style,Broad,LOW
SEMI US,COLUMBIA SELECT TECHNOLOGY ETF,Columbia ETF Trust I,sub_strategy,Broad,Sector,MEDIUM
SEMY US,GRANITESHARES YIELDBOOST SEMICONDUCTOR ETF,GraniteShares ETF Trust,concentration,single,basket,MEDIUM
SEMY US,GRANITESHARES YIELDBOOST SEMICONDUCTOR ETF,GraniteShares ETF Trust,mechanism,physical,options,HIGH
SEPI US,SHELTON EQUITY PREMIUM INCOME ETF,SCM Trust,mechanism,physical,options,HIGH
SEPM US,FT VEST US EQUITY MAX BUFFER ETF - SEPTEMBER,First Trust Exchange-Traded Fu,mechanism,physical,options,HIGH
SEPP US,PGIM S&P 500 BUFFER 12 ETF - SEPTEMBER,PGIM Rock ETF Trust,mechanism,physical,options,HIGH
SEPP US,PGIM S&P 500 BUFFER 12 ETF - SEPTEMBER,PGIM Rock ETF Trust,buffer_pct,12.0,500.0,HIGH
SEPT US,ALLIANZIM US EQUITY BUFFER10 SEP ETF,AIM ETF Products Trust,mechanism,physical,options,HIGH
SEPU US,ALLIANZIM US EQUITY BUFFER15 UNCAPPED SEP ETF,AIM ETF Products Trust,mechanism,physical,options,HIGH
SEPW US,ALLIANZIM US EQ BUFFER20 SEP,AIM ETF Products Trust,mechanism,physical,options,HIGH
SEPZ US,ELEVATION SERIES TRUST - TRUESHARES STRUCTURED OUTCOME SEPTEMBER ETF,Elevation Series Trust,primary_strategy,Defined Outcome,Plain Beta,LOW
SEPZ US,ELEVATION SERIES TRUST - TRUESHARES STRUCTURED OUTCOME SEPTEMBER ETF,Elevation Series Trust,sub_strategy,Buffer,Broad,LOW
SEPZ US,ELEVATION SERIES TRUST - TRUESHARES STRUCTURED OUTCOME SEPTEMBER ETF,Elevation Series Trust,mechanism,physical,options,MEDIUM
SETH US,PROSHARES SHORT ETHER ETF,ProShares Trust,underlier_name,XETUSD Curncy,Ethereum,HIGH
SETH US,PROSHARES SHORT ETHER ETF,ProShares Trust,mechanism,physical,swap,MEDIUM
SETM US,SPROTT CRITICAL MATERIALS ETF,Sprott Funds Trust,sub_strategy,Broad,Sector,MEDIUM
SFEB US,FT VEST US SMALL CAP MODERATE BUFFER ETF - FEBRUARY,First Trust Exchange-Traded Fu,mechanism,physical,options,HIGH
SFGV US,SEQUOIA GLOBAL VALUE ETF,EA Series Trust/Empowered Fund,sub_strategy,Style,Broad,MEDIUM
SFLR US,INNOVATOR EQUITY MANAGED FLOOR ETF,Innovator ETF Trust,sub_strategy,Buffer,Floor,MEDIUM
SFLR US,INNOVATOR EQUITY MANAGED FLOOR ETF,Innovator ETF Trust,mechanism,physical,options,HIGH
SFTX US,HORIZON INTERNATIONAL MANAGED RISK ETF,Horizon Funds,mechanism,physical,options,MEDIUM
SFTY US,HORIZON MANAGED RISK ETF,Horizon Funds,sub_strategy,Broad,Sector,MEDIUM
SGDJ US,SPROTT JUNIOR GOLD MINERS ETF,Sprott Funds Trust,asset_class,Commodity,Equity,HIGH
SGDM US,SPROTT GOLD MINERS ETF,Sprott Funds Trust,asset_class,Commodity,Equity,HIGH
SGVT US,SCHWAB GOVERNMENT MONEY MARKET ETF,Schwab Strategic Trust,asset_class,Equity,Fixed Income,HIGH
SH US,PROSHARES SHORT S&P500,ProShares Trust,mechanism,physical,swap,HIGH
SHCK US,WISDOMTREE INFLATION ADJUSTED CORPORATE BOND FUND,WisdomTree ETFs/USA,mechanism,physical,swap,HIGH
SHDG US,SOUNDWATCH HEDGED EQUITY ETF,Soundwatch Capital LLC SMAs/US,primary_strategy,Risk Mgmt,Plain Beta,LOW
SHDG US,SOUNDWATCH HEDGED EQUITY ETF,Soundwatch Capital LLC SMAs/US,sub_strategy,Hedged Equity,Broad,LOW
SHDG US,SOUNDWATCH HEDGED EQUITY ETF,Soundwatch Capital LLC SMAs/US,mechanism,physical,options,MEDIUM
SHE US,STATE STREET SPDR MSCI USA GENDER DIVERSITY ETF,SPDR Series Trust,sub_strategy,Thematic,Broad,LOW
SHLD US,GLOBAL X DEFENSE TECH ETF,Global X ETFs/USA,sub_strategy,Thematic,Sector,MEDIUM
SHNY US,MICROSECTORS GOLD 3X LEVERAGED ETN,BMO ETNs/United States,direction,long,neutral,HIGH
SHNY US,MICROSECTORS GOLD 3X LEVERAGED ETN,BMO ETNs/United States,mechanism,physical,swap,MEDIUM
SHOC US,STRIVE US SEMICONDUCTOR ETF,EA Series Trust,sub_strategy,Broad,Sector,MEDIUM
SHPP US,PACER INDUSTRIALS AND LOGISTICS ETF,Pacer ETFs/USA,sub_strategy,Thematic,Broad,LOW
SHPU US,DIREXION DAILY SHOP BULL 2X ETF,Direxion ETFs/USA,underlier_name,SHOP US,SHOP,HIGH
SHPU US,DIREXION DAILY SHOP BULL 2X ETF,Direxion ETFs/USA,mechanism,physical,swap,HIGH
SHRT US,GOTHAM SHORT STRATEGIES ETF,Tidal Trust I,primary_strategy,Risk Mgmt,Plain Beta,HIGH
SHRT US,GOTHAM SHORT STRATEGIES ETF,Tidal Trust I,sub_strategy,Alternatives,Broad,HIGH
SHRT US,GOTHAM SHORT STRATEGIES ETF,Tidal Trust I,mechanism,physical,options,MEDIUM
SHUS US,STRATIFIED LARGECAP HEDGED ETF,Exchange-Traded Concepts ETFs/,mechanism,physical,options,MEDIUM
SIFI US,HARBOR ARES SYSTEMATIC MULTI-SECTOR INCOME ETF,Harbor ETF Trust,sub_strategy,Sector,Broad,HIGH
SIJ US,PROSHARES ULTRASHORT INDUSTRIALS,ProShares Trust,sub_strategy,Short,Long,HIGH
SIJ US,PROSHARES ULTRASHORT INDUSTRIALS,ProShares Trust,direction,short,neutral,HIGH
SIJ US,PROSHARES ULTRASHORT INDUSTRIALS,ProShares Trust,mechanism,physical,swap,HIGH
SIL US,GLOBAL X SILVER MINERS ETF,Global X ETFs/USA,asset_class,Commodity,Equity,HIGH
SILJ US,AMPLIFY JUNIOR SILVER MINERS ETF,Amplify ETF Trust,asset_class,Commodity,Equity,HIGH
SILJ US,AMPLIFY JUNIOR SILVER MINERS ETF,Amplify ETF Trust,sub_strategy,Broad,Sector,MEDIUM
SIMS US,STATE STREET SPDR S&P KENSHO INTELLIGENT STRUCTURES ETF,SPDR Series Trust,sub_strategy,Thematic,Broad,LOW
SIO US,TOUCHSTONE STRATEGIC INCOME ETF,Touchstone ETF Trust,mechanism,physical,options,MEDIUM
SIXD US,ALLIANZIM US EQUITY 6 MONTH BUFFER10 JUN/DEC ETF,AIM ETF Products Trust,mechanism,physical,options,HIGH
SIXF US,ALLIANZIM US EQUITY 6 MONTH BUFFER10 FEB/AUG ETF,AIM ETF Products Trust,mechanism,physical,options,HIGH
SIXH US,ETC 6 MERIDIAN HEDGED EQUITY INDEX OPTION ETF,Exchange-Traded Concepts ETFs/,primary_strategy,Income,Plain Beta,LOW
SIXH US,ETC 6 MERIDIAN HEDGED EQUITY INDEX OPTION ETF,Exchange-Traded Concepts ETFs/,sub_strategy,Derivative Income > Covered Call,Broad,LOW
SIXJ US,ALLIANZIM US EQUITY 6 MONTH BUFFER10 JAN/JUL ETF,AIM ETF Products Trust,mechanism,physical,options,HIGH
SIXO US,ALLIANZIM US EQUITY 6 MONTH BUFFER10 APR/OCT ETF,AIM ETF Products Trust,mechanism,physical,options,HIGH
SIXP US,ALLIANZIM US EQUITY 6 MONTH BUFFER10 MAR/SEP ETF,AIM ETF Products Trust,mechanism,physical,options,HIGH
SIXZ US,ALLIANZIM US EQUITY 6 MONTH BUFFER10 MAY/NOV ETF,AIM ETF Products Trust,mechanism,physical,options,HIGH
SJB US,PROSHARES SHORT HIGH YIELD,ProShares Trust,mechanism,physical,swap,HIGH
SKF US,PROSHARES ULTRASHORT FINANCIALS,ProShares Trust,sub_strategy,Short,Long,HIGH
SKF US,PROSHARES ULTRASHORT FINANCIALS,ProShares Trust,direction,short,neutral,HIGH
SKF US,PROSHARES ULTRASHORT FINANCIALS,ProShares Trust,mechanism,physical,swap,HIGH
SKRE US,TUTTLE CAPITAL DAILY 2X INVERSE REGIONAL BANKS ETF,ETF Opportunities Trust/Tuttle,mechanism,physical,swap,HIGH
SKYU US,PROSHARES ULTRA NASDAQ CLOUD COMPUTING ETF,ProShares Trust,direction,long,neutral,HIGH
SKYU US,PROSHARES ULTRA NASDAQ CLOUD COMPUTING ETF,ProShares Trust,mechanism,physical,swap,HIGH
SLJY US,AMPLIFY SILJ JUNIOR SILVER MINERS COVERED CALL ETF,Amplify ETF Trust,concentration,single,basket,MEDIUM
SLJY US,AMPLIFY SILJ JUNIOR SILVER MINERS COVERED CALL ETF,Amplify ETF Trust,mechanism,physical,options,HIGH
SLON US,PROSHARES ULTRA SOLANA ETF,ProShares Trust,direction,long,neutral,HIGH
SLON US,PROSHARES ULTRA SOLANA ETF,ProShares Trust,underlier_name,XSOUSD Curncy,Solana,HIGH
SLON US,PROSHARES ULTRA SOLANA ETF,ProShares Trust,mechanism,physical,swap,MEDIUM
SLTY US,YIELDMAX ULTRA SHORT OPTION INCOME STRATEGY ETF,Tidal Trust II,asset_class,Equity,Multi-Asset,HIGH
SLTY US,YIELDMAX ULTRA SHORT OPTION INCOME STRATEGY ETF,Tidal Trust II,mechanism,physical,options,HIGH
SLVO US,UBS AG ETRACS SILVER SHARES COVERED CALL ETN,ETRACS ETNs/UBS AG/London/USA,mechanism,physical,swap,HIGH
SLVP US,ISHARES MSCI GLOBAL SILVER AND METALS MINERS ETF,iShares Inc,asset_class,Commodity,Equity,HIGH
SLVP US,ISHARES MSCI GLOBAL SILVER AND METALS MINERS ETF,iShares Inc,sub_strategy,Broad,Sector,MEDIUM
SLVR US,SPROTT SILVER MINERS & PHYSICAL SILVER ETF,Sprott Funds Trust,asset_class,Commodity,Equity,HIGH
SLVX US,NICHOLAS SILVER INCOME ETF,Tidal Trust II,primary_strategy,Income,Plain Beta,LOW
SLVX US,NICHOLAS SILVER INCOME ETF,Tidal Trust II,sub_strategy,Derivative Income > Covered Call,Broad,LOW
SLX US,VANECK STEEL ETF,VanEck ETFs/USA,sub_strategy,Broad,Sector,MEDIUM
SMAX US,ISHARES LARGE CAP MAX BUFFER SEP ETF,iShares Trust,mechanism,physical,options,HIGH
SMAY US,FT VEST U.S. SMALL CAP MODERATE BUFFER ETF - MAY,First Trust Exchange-Traded Fu,mechanism,physical,options,HIGH
SMCL US,GRANITESHARES 2X LONG SMCI DAILY ETF,GraniteShares ETF Trust,underlier_name,SMCI US,SMCI,HIGH
SMCL US,GRANITESHARES 2X LONG SMCI DAILY ETF,GraniteShares ETF Trust,mechanism,physical,swap,HIGH
SMCX US,DEFIANCE DAILY TARGET 2X LONG SMCI ETF,Tidal Trust II,underlier_name,SMCI US,SMCI,HIGH
SMCX US,DEFIANCE DAILY TARGET 2X LONG SMCI ETF,Tidal Trust II,mechanism,physical,swap,HIGH
SMCY US,YIELDMAX SMCI OPTION INCOME STRATEGY ETF,Tidal Trust II,underlier_name,SMCI US,SMCI,HIGH
SMCY US,YIELDMAX SMCI OPTION INCOME STRATEGY ETF,Tidal Trust II,mechanism,physical,options,HIGH
SMCZ US,DEFIANCE DAILY TARGET 2X SHORT SMCI ETF,Tidal Trust II,underlier_name,SMCI US,SMCI,HIGH
SMCZ US,DEFIANCE DAILY TARGET 2X SHORT SMCI ETF,Tidal Trust II,mechanism,physical,swap,HIGH
SMDD US,PROSHARES ULTRAPRO SHORT MIDCAP400,ProShares Trust,mechanism,physical,swap,HIGH
SMDX US,INTECH S&P SMALL-MID CAP DIVERSIFIED ALPHA ETF,Tidal Trust III,sub_strategy,Style,Broad,LOW
SMH US,VANECK SEMICONDUCTOR ETF,VanEck ETFs/USA,sub_strategy,Broad,Sector,MEDIUM
SMHB US,ETRACS MONTHLY PAY 2XLEVERAGED US SMALL CAP HIGH DIVIDEND ETN SERIES B,ETRACS ETNs/UBS AG/London/USA,direction,long,neutral,HIGH
SMHB US,ETRACS MONTHLY PAY 2XLEVERAGED US SMALL CAP HIGH DIVIDEND ETN SERIES B,ETRACS ETNs/UBS AG/London/USA,concentration,single,basket,MEDIUM
SMHB US,ETRACS MONTHLY PAY 2XLEVERAGED US SMALL CAP HIGH DIVIDEND ETN SERIES B,ETRACS ETNs/UBS AG/London/USA,mechanism,physical,swap,MEDIUM
SMHX US,VANECK FABLESS SEMICONDUCTOR ETF,VanEck ETFs/USA,sub_strategy,Broad,Sector,MEDIUM
SMLS US,DEFIANCE SILVER LIGHTNINGSPREAD INCOME ETF,Tidal Trust II,asset_class,Commodity,Equity,HIGH
SMLV US,STATE STREET SPDR US SMALL CAP LOW VOLATILITY INDEX ETF,SPDR Series Trust,sub_strategy,Style,Broad,LOW
SMN US,PROSHARES ULTRASHORT MATERIALS,ProShares Trust,sub_strategy,Short,Long,HIGH
SMN US,PROSHARES ULTRASHORT MATERIALS,ProShares Trust,direction,short,neutral,HIGH
SMN US,PROSHARES ULTRASHORT MATERIALS,ProShares Trust,mechanism,physical,swap,HIGH
SMOG US,VANECK LOW CARBON ENERGY ETF,VanEck ETFs/USA,sub_strategy,Broad,Sector,MEDIUM
SMOM US,SYMMETRY PANORAMIC SECTOR MOMENTUM ETF,Symmetry Panoramic Trust,sub_strategy,Sector,Style,LOW
SMOX US,HORIZON SMALL/MID CAP CORE EQUITY ETF,Horizon Funds,sub_strategy,Broad,Sector,MEDIUM
SMOX US,HORIZON SMALL/MID CAP CORE EQUITY ETF,Horizon Funds,mechanism,physical,options,MEDIUM
SMQ US,TRADR 1X SHORT INNOVATION 100 MONTHLY ETF,Investment Managers Series Tru,concentration,single,basket,MEDIUM
SMQ US,TRADR 1X SHORT INNOVATION 100 MONTHLY ETF,Investment Managers Series Tru,mechanism,physical,swap,HIGH
SMRF US,ALPS NAUTILUS SMR NUCLEAR & TECHNOLOGY ETF,ALPS ETF Trust,sub_strategy,Broad,Sector,MEDIUM
SMST US,DEFIANCE DAILY TARGET 2X SHORT MSTR ETF,Tidal Trust II,underlier_name,MSTR US,MSTR,HIGH
SMST US,DEFIANCE DAILY TARGET 2X SHORT MSTR ETF,Tidal Trust II,mechanism,physical,swap,HIGH
SMU US,TRADR 2X LONG SMR DAILY ETF,Investment Managers Series Tru,underlier_name,SMR US,SMR,HIGH
SMU US,TRADR 2X LONG SMR DAILY ETF,Investment Managers Series Tru,mechanism,physical,swap,HIGH
SMUP US,T-REX 2X LONG SMR DAILY TARGET ETF,ETF Opportunities Trust/REX Sh,underlier_name,SMR US,SMR,HIGH
SMUP US,T-REX 2X LONG SMR DAILY TARGET ETF,ETF Opportunities Trust/REX Sh,mechanism,physical,swap,HIGH
SMYY US,GRANITESHARES YIELDBOOST SMCI ETF,GraniteShares ETF Trust,underlier_name,SMCI US,SMCI,HIGH
SMYY US,GRANITESHARES YIELDBOOST SMCI ETF,GraniteShares ETF Trust,mechanism,physical,options,HIGH
SMZ US,TRADR 2X SHORT SMR DAILY ETF,Investment Managers Series Tru,mechanism,physical,swap,HIGH
SNAG US,LEVERAGE SHARES 2X LONG SNAP DAILY ETF,Themes ETF Trust,underlier_name,SNAP US,SNAP,HIGH
SNAG US,LEVERAGE SHARES 2X LONG SNAP DAILY ETF,Themes ETF Trust,mechanism,physical,swap,HIGH
SNAV US,MOHR SECTOR NAV ETF,Collaborative Investment Serie,sub_strategy,Sector,Broad,LOW
SNDU US,T-REX 2X LONG SNDK DAILY TARGET ETF,ETF Opportunities Trust/REX Sh,mechanism,physical,swap,HIGH
SNOU US,T-REX 2X LONG SNOW DAILY TARGET ETF,ETF Opportunities Trust/REX Sh,underlier_name,SNOW US,SNOW,HIGH
SNOU US,T-REX 2X LONG SNOW DAILY TARGET ETF,ETF Opportunities Trust/REX Sh,mechanism,physical,swap,HIGH
SNOV US,FT VEST US SMALL CAP MODERATE BUFFER ETF - NOVEMBER,First Trust Exchange-Traded Fu,mechanism,physical,options,HIGH
SNOY US,YIELDMAX SNOW OPTION INCOME STRATEGY ETF,Tidal Trust II,underlier_name,SNOW US,SNOW,HIGH
SNOY US,YIELDMAX SNOW OPTION INCOME STRATEGY ETF,Tidal Trust II,mechanism,physical,options,HIGH
SNSR US,GLOBAL X INTERNET OF THINGS ETF,Global X ETFs/USA,sub_strategy,Thematic,Broad,MEDIUM
SNTH US,MRP SYNTHEQUITY ETF,Tidal Trust III,primary_strategy,Risk Mgmt,Plain Beta,HIGH
SNTH US,MRP SYNTHEQUITY ETF,Tidal Trust III,sub_strategy,Alternatives,Broad,HIGH
SNTH US,MRP SYNTHEQUITY ETF,Tidal Trust III,mechanism,physical,swap,HIGH
SNXX US,TRADR 2X SNDK LONG DAILY ETF,Investment Managers Series Tru,mechanism,physical,swap,HIGH
SOCL US,GLOBAL X SOCIAL MEDIA ETF,Global X ETFs/USA,sub_strategy,Thematic,Sector,MEDIUM
SOFA US,DIREXION DAILY SOFI BULL 2X ETF,Direxion ETFs/USA,mechanism,physical,swap,HIGH
SOFR US,AMPLIFY SAMSUNG SOFR ETF,Amplify ETF Trust,mechanism,physical,swap,HIGH
SOFX US,DEFIANCE DAILY TARGET 2X LONG SOFI ETF,Tidal Trust II,underlier_name,SOFI US,SOFI,HIGH
SOFX US,DEFIANCE DAILY TARGET 2X LONG SOFI ETF,Tidal Trust II,mechanism,physical,swap,HIGH
SOLM US,AMPLIFY SOLANA 3% MONTHLY OPTION INCOME ETF,Amplify ETF Trust,primary_strategy,Income,Plain Beta,HIGH
SOLM US,AMPLIFY SOLANA 3% MONTHLY OPTION INCOME ETF,Amplify ETF Trust,sub_strategy,Derivative Income > Covered Call,Single-Access,HIGH
SOLM US,AMPLIFY SOLANA 3% MONTHLY OPTION INCOME ETF,Amplify ETF Trust,mechanism,physical,options,MEDIUM
SOLR US,GUINNESS ATKINSON SUSTAINABLE ENERGY ETF,Guinness Atkinson Funds,sub_strategy,Thematic,Sector,MEDIUM
SOLT US,2X SOLANA ETF,Volatility Shares Trust,direction,long,neutral,HIGH
SOLT US,2X SOLANA ETF,Volatility Shares Trust,underlier_name,XSOUSD Curncy,Solana,HIGH
SOLT US,2X SOLANA ETF,Volatility Shares Trust,mechanism,physical,swap,MEDIUM
SOLZ US,SOLANA ETF,Volatility Shares Trust,mechanism,physical,options,MEDIUM
SOUX US,DEFIANCE DAILY TARGET 2X LONG SOUN ETF,Tidal Trust II,underlier_name,SOUN US,SOUN,HIGH
SOUX US,DEFIANCE DAILY TARGET 2X LONG SOUN ETF,Tidal Trust II,mechanism,physical,swap,HIGH
SOXL US,DIREXION DAILY SEMICONDUCTOR BULL 3X ETF,Direxion ETFs/USA,mechanism,physical,swap,HIGH
SOXQ US,INVESCO PHLX SEMICONDUCTOR ETF,Invesco Exchange-Traded Fund T,sub_strategy,Broad,Sector,MEDIUM
SOXS US,DIREXION DAILY SEMICONDUCTOR BEAR 3X ETF,Direxion ETFs/USA,mechanism,physical,swap,HIGH
SOXX US,ISHARES SEMICONDUCTOR ETF,iShares Trust,sub_strategy,Broad,Sector,MEDIUM
SOXY US,YIELDMAX TARGET 12 SEMICONDUCTOR OPTION INCOME ETF,Tidal Trust II,mechanism,physical,options,HIGH
SOYB US,TEUCRIUM SOYBEAN FUND,Teucrium Commodity Trust,mechanism,physical,options,MEDIUM
SPAQ US,HORIZON KINETICS SPAC ACTIVE ETF,Listed Funds Trust,sub_strategy,Thematic,Sector,MEDIUM
SPBC US,SIMPLIFY US EQUITY PLUS BITCOIN STRATEGY ETF,Simplify Exchange Traded Funds,asset_class,Equity,Crypto,HIGH
SPBC US,SIMPLIFY US EQUITY PLUS BITCOIN STRATEGY ETF,Simplify Exchange Traded Funds,underlier_name,crypto + traditional asset,Bitcoin,MEDIUM
SPBC US,SIMPLIFY US EQUITY PLUS BITCOIN STRATEGY ETF,Simplify Exchange Traded Funds,concentration,single,basket,MEDIUM
SPBU US,ALLIANZIM BUFFER15 UNCAPPED ALLOCATION ETF,AIM ETF Products Trust,primary_strategy,Defined Outcome,Plain Beta,LOW
SPBU US,ALLIANZIM BUFFER15 UNCAPPED ALLOCATION ETF,AIM ETF Products Trust,sub_strategy,Buffer,Broad,LOW
SPBW US,ALLIANZIM BUFFER20 ALLOCATION ETF,AIM ETF Products Trust,primary_strategy,Defined Outcome,Plain Beta,LOW
SPBW US,ALLIANZIM BUFFER20 ALLOCATION ETF,AIM ETF Products Trust,sub_strategy,Buffer,Broad,LOW
SPBX US,ALLIANZIM 6 MONTH BUFFER10 ALLOCATION ETF,AIM ETF Products Trust,primary_strategy,Defined Outcome,Plain Beta,LOW
SPBX US,ALLIANZIM 6 MONTH BUFFER10 ALLOCATION ETF,AIM ETF Products Trust,sub_strategy,Buffer,Broad,LOW
SPCZ US,ELEVATION SERIES TRUST - RIVERNORTH ENHANCED PRE-MERGER SPAC ETF,Elevation Series Trust,sub_strategy,Merger Arbitrage,Risk-Adaptive,HIGH
SPCZ US,ELEVATION SERIES TRUST - RIVERNORTH ENHANCED PRE-MERGER SPAC ETF,Elevation Series Trust,mechanism,physical,options,MEDIUM
SPD US,SIMPLIFY US EQUITY PLUS DOWNSIDE CONVEXITY ETF,Simplify Exchange Traded Funds,primary_strategy,Plain Beta,Income,LOW
SPD US,SIMPLIFY US EQUITY PLUS DOWNSIDE CONVEXITY ETF,Simplify Exchange Traded Funds,sub_strategy,Broad,Derivative Income > Covered Call,LOW
SPD US,SIMPLIFY US EQUITY PLUS DOWNSIDE CONVEXITY ETF,Simplify Exchange Traded Funds,mechanism,physical,options,HIGH
SPDF US,DEFENDER RISK ADAPTIVE 500 ETF,Sound Capital Solutions LLC,primary_strategy,Risk Mgmt,Plain Beta,LOW
SPDF US,DEFENDER RISK ADAPTIVE 500 ETF,Sound Capital Solutions LLC,sub_strategy,Risk-Adaptive,Broad,LOW
SPDG US,STATE STREET SPDR PORTFOLIO S&P SECTOR NEUTRAL DIVIDEND ETF,SPDR Series Trust,sub_strategy,Sector,Broad,LOW
SPDN US,DIREXION DAILY S&P 500 BEAR 1X ETF,Direxion ETFs/USA,mechanism,physical,swap,HIGH
SPHD US,INVESCO S&P 500 HIGH DIVIDEND LOW VOLATILITY ETF,Invesco Exchange-Traded Fund T,asset_class,Volatility,Equity,HIGH
SPHD US,INVESCO S&P 500 HIGH DIVIDEND LOW VOLATILITY ETF,Invesco Exchange-Traded Fund T,sub_strategy,Style,Broad,LOW
SPHQ US,INVESCO EXCHANGE-TRADED FUND TRUST - INVESCO S&P 500 QUALITY ETF,Invesco Exchange-Traded Fund T,sub_strategy,Style,Sector,MEDIUM
SPIN US,STATE STREET US EQUITY PREMIUM INCOME ETF,SSGA Active Trust,mechanism,physical,options,HIGH
SPIT US,F/M EMERALD SPECIAL SITUATIONS ETF,RBB Fund Inc/F/m Investment LL,primary_strategy,Risk Mgmt,Plain Beta,HIGH
SPIT US,F/M EMERALD SPECIAL SITUATIONS ETF,RBB Fund Inc/F/m Investment LL,sub_strategy,Alternatives,Broad,HIGH
SPLS US,PIMCO US STOCKS PLUS ACTIVE BOND ETF,Pimco ETF Trust,asset_class,Fixed Income,Equity,HIGH
SPLV US,INVESCO S&P 500 LOW VOLATILITY ETF,Invesco Exchange-Traded Fund T,sub_strategy,Style,Broad,LOW
SPOG US,LEVERAGE SHARES 2X LONG SPOT DAILY ETF,Themes ETF Trust,underlier_name,SPOT US,SPOT,HIGH
SPOG US,LEVERAGE SHARES 2X LONG SPOT DAILY ETF,Themes ETF Trust,mechanism,physical,swap,HIGH
SPOU US,T-REX 2X LONG SPOT DAILY TARGET ETF,ETF Opportunities Trust/REX Sh,asset_class,Equity,Multi-Asset,HIGH
SPTE US,SP FUNDS S&P GLOBAL TECHNOLOGY ETF,SP Funds Trust,sub_strategy,Broad,Sector,MEDIUM
SPUC US,SIMPLIFY US EQUITY PLUS UPSIDE CONVEXITY ETF,Simplify Exchange Traded Funds,primary_strategy,Plain Beta,Income,LOW
SPUC US,SIMPLIFY US EQUITY PLUS UPSIDE CONVEXITY ETF,Simplify Exchange Traded Funds,sub_strategy,Broad,Derivative Income > Covered Call,LOW
SPUC US,SIMPLIFY US EQUITY PLUS UPSIDE CONVEXITY ETF,Simplify Exchange Traded Funds,mechanism,physical,options,HIGH
SPUT US,INNOVATOR EQUITY PREMIUM INCOME - DAILY PUTWRITE ETF,Innovator ETF Trust,sub_strategy,Derivative Income > Covered Call,Derivative Income > Put-Write,LOW
SPUT US,INNOVATOR EQUITY PREMIUM INCOME - DAILY PUTWRITE ETF,Innovator ETF Trust,mechanism,physical,options,HIGH
SPUU US,DIREXION DAILY S&P 500 BULL 2X ETF,Direxion ETFs/USA,mechanism,physical,swap,HIGH
SPXB US,PROSHARES BITCOIN-DENOMINATED S&P 500 ETF,ProShares Trust,direction,long,neutral,HIGH
SPXD US,XTRACKERS S&P 500 DIVERSIFIED SECTOR WEIGHT ETF,DWS Xtrackers ETFs/USA,asset_class,Multi-Asset,Equity,HIGH
SPXD US,XTRACKERS S&P 500 DIVERSIFIED SECTOR WEIGHT ETF,DWS Xtrackers ETFs/USA,sub_strategy,Sector,Broad,LOW
SPXE US,PROSHARES TRUST S&P 500 EX-ENERGY ETF,ProShares Trust,sub_strategy,Broad,Sector,MEDIUM
SPXL US,DIREXION DAILY S&P 500 BULL 3X ETF,Direxion ETFs/USA,mechanism,physical,swap,HIGH
SPXN US,PROSHARES S&P 500 EX-FINANCIALS ETF,ProShares Trust,sub_strategy,Broad,Sector,MEDIUM
SPXS US,DIREXION DAILY S&P 500 BEAR 3X ETF,Direxion ETFs/USA,mechanism,physical,swap,HIGH
SPXT US,PROSHARES S&P 500 EX-TECHNOLOGY ETF,ProShares Trust,sub_strategy,Broad,Sector,MEDIUM
SPXU US,PROSHARES ULTRAPRO SHORT S&P 500,ProShares Trust,mechanism,physical,swap,HIGH
SPXV US,PROSHARES S&P 500 EX-HEALTH CARE ETF,ProShares Trust,sub_strategy,Broad,Sector,MEDIUM
SPYA US,TWIN OAK ENDURE ETF,Twin Oak ETF Co/USA,mechanism,physical,swap,HIGH
SPYC US,SIMPLIFY US EQUITY PLUS CONVEXITY ETF,Simplify Exchange Traded Funds,primary_strategy,Plain Beta,Income,LOW
SPYC US,SIMPLIFY US EQUITY PLUS CONVEXITY ETF,Simplify Exchange Traded Funds,sub_strategy,Broad,Derivative Income > Covered Call,LOW
SPYC US,SIMPLIFY US EQUITY PLUS CONVEXITY ETF,Simplify Exchange Traded Funds,mechanism,physical,options,HIGH
SPYD US,STATE STREET SPDR PORTFOLIO S&P 500 HIGH DIVIDEND ETF,SPDR Series Trust,sub_strategy,Style,Broad,LOW
SPYH US,NEOS S&P 500 HEDGED EQUITY INCOME ETF,Neos ETF Trust,primary_strategy,Income,Plain Beta,HIGH
SPYH US,NEOS S&P 500 HEDGED EQUITY INCOME ETF,Neos ETF Trust,sub_strategy,Derivative Income > Covered Call,Broad,HIGH
SPYI US,NEOS S&P 500 HIGH INCOME ETF,Neos ETF Trust,primary_strategy,Income,Plain Beta,LOW
SPYI US,NEOS S&P 500 HIGH INCOME ETF,Neos ETF Trust,sub_strategy,Derivative Income > Covered Call,Broad,LOW
SPYQ US,TRADR 2X LONG SPY QUARTERLY ETF,Investment Managers Series Tru,concentration,single,basket,MEDIUM
SPYQ US,TRADR 2X LONG SPY QUARTERLY ETF,Investment Managers Series Tru,mechanism,physical,swap,HIGH
SPYT US,DEFIANCE S&P 500 TARGET INCOME ETF,Tidal Trust II,primary_strategy,Income,Plain Beta,LOW
SPYT US,DEFIANCE S&P 500 TARGET INCOME ETF,Tidal Trust II,sub_strategy,Derivative Income > Covered Call,Broad,LOW
SPYT US,DEFIANCE S&P 500 TARGET INCOME ETF,Tidal Trust II,mechanism,physical,options,MEDIUM
SPYU US,MAX S&P 500 4X LEVERAGED ETN,BMO MAX ETNs,direction,long,neutral,HIGH
SPYU US,MAX S&P 500 4X LEVERAGED ETN,BMO MAX ETNs,concentration,single,basket,MEDIUM
SPYU US,MAX S&P 500 4X LEVERAGED ETN,BMO MAX ETNs,mechanism,physical,swap,MEDIUM
SQMX US,FT VEST US EQUITY QUARTERLY MAX BUFFER ETF,First Trust Exchange-Traded Fu,mechanism,physical,options,HIGH
SQQQ US,PROSHARES ULTRAPRO SHORT QQQ,ProShares Trust,mechanism,physical,swap,HIGH
SQS US,SAPIENT QUALITY SELECT ETF,EA Series Trust,sub_strategy,Style,Sector,MEDIUM
SRHR US,SRH REIT COVERED CALL ETF,Elevation Series Trust/Paralel,mechanism,physical,options,HIGH
SRPU US,TRADR 2X LONG SRPT DAILY ETF,Investment Managers Series Tru,underlier_name,SPRT US,SRPT,HIGH
SRPU US,TRADR 2X LONG SRPT DAILY ETF,Investment Managers Series Tru,mechanism,physical,swap,HIGH
SRS US,PROSHARES ULTRASHORT REAL ESTATE,ProShares Trust,sub_strategy,Short,Long,HIGH
SRS US,PROSHARES ULTRASHORT REAL ESTATE,ProShares Trust,direction,short,neutral,HIGH
SRS US,PROSHARES ULTRASHORT REAL ESTATE,ProShares Trust,mechanism,physical,swap,HIGH
SRTY US,PROSHARES ULTRAPRO SHORT RUSSELL2000,ProShares Trust,mechanism,physical,swap,HIGH
SRVR US,PACER DATA & INFRASTRUCTURE REAL ESTATE ETF,Pacer ETFs/USA,sub_strategy,Thematic,Sector,MEDIUM
SSFI US,DAY HAGAN SMART SECTOR FIXED INCOME ETF,Strategy Shares Inc/Fund Paren,sub_strategy,Sector,Broad,HIGH
SSG US,PROSHARES ULTRASHORT SEMICONDUCTORS,ProShares Trust,sub_strategy,Short,Long,HIGH
SSG US,PROSHARES ULTRASHORT SEMICONDUCTORS,ProShares Trust,direction,short,neutral,HIGH
SSG US,PROSHARES ULTRASHORT SEMICONDUCTORS,ProShares Trust,mechanism,physical,swap,HIGH
SSK US,REX-OSPREY SOL + STAKING ETF,Rex Shares ETFs/USA,concentration,single,basket,MEDIUM
SSO US,PROSHARES ULTRA S&P500,ProShares Trust,direction,long,neutral,HIGH
SSO US,PROSHARES ULTRA S&P500,ProShares Trust,mechanism,physical,swap,HIGH
SSS US,CYBER HORNET S&P 500 AND SOLANA 75/25 STRATEGY ETF,Cyber Hornet Trust,asset_class,Equity,Crypto,HIGH
SSS US,CYBER HORNET S&P 500 AND SOLANA 75/25 STRATEGY ETF,Cyber Hornet Trust,underlier_name,crypto + traditional asset,Solana,MEDIUM
SSS US,CYBER HORNET S&P 500 AND SOLANA 75/25 STRATEGY ETF,Cyber Hornet Trust,concentration,single,basket,MEDIUM
SSUS US,DAY HAGAN SMART SECTOR ETF,Strategy Shares Inc/Fund Paren,sub_strategy,Sector,Broad,LOW
SSXU US,DAY HAGAN SMART SECTOR INTERNATIONAL ETF,Strategy Shares Inc/Fund Paren,sub_strategy,Sector,Broad,MEDIUM
STBF US,PERFORMANCE TRUST SHORT TERM BOND ETF,Trust for Professional Manager,mechanism,physical,options,MEDIUM
STBQ US,AMPLIFY STABLECOIN TECHNOLOGY ETF,Amplify ETF Trust,underlier_name,multi-token crypto,MVSTBQ,MEDIUM
STBQ US,AMPLIFY STABLECOIN TECHNOLOGY ETF,Amplify ETF Trust,concentration,single,basket,MEDIUM
STCE US,SCHWAB CRYPTO THEMATIC ETF,Schwab Strategic Trust,asset_class,Equity,Crypto,HIGH
STCE US,SCHWAB CRYPTO THEMATIC ETF,Schwab Strategic Trust,underlier_name,multi-token crypto,STCEINDN,MEDIUM
STCE US,SCHWAB CRYPTO THEMATIC ETF,Schwab Strategic Trust,concentration,single,basket,MEDIUM
STEN US,ISHARES LARGE CAP 10% TARGET BUFFER SEP ETF,iShares ETFs/USA,mechanism,physical,options,HIGH
STLR US,STELLAR ETF,Volatility Shares Trust,primary_strategy,L&I,Plain Beta,HIGH
STLR US,STELLAR ETF,Volatility Shares Trust,sub_strategy,Long,Single-Access,HIGH
STLR US,STELLAR ETF,Volatility Shares Trust,mechanism,physical,options,MEDIUM
STLU US,2X STELLAR ETF,Volatility Shares Trust,direction,long,neutral,HIGH
STLU US,2X STELLAR ETF,Volatility Shares Trust,mechanism,physical,swap,MEDIUM
STOX US,HORIZON CORE EQUITY ETF,Horizon Funds,sub_strategy,Broad,Sector,MEDIUM
STOX US,HORIZON CORE EQUITY ETF,Horizon Funds,mechanism,physical,options,MEDIUM
STPU LN,AMUNDI US CURVE STEEPENING 2-10Y UCITS ETF,Multi Units Luxembourg Sicav,mechanism,physical,swap,HIGH
STSM US,DEFIANCE DAILY TARGET 2X SHORT TSM ETF,Tidal Trust II,underlier_name,TSM US,TSM,HIGH
STSM US,DEFIANCE DAILY TARGET 2X SHORT TSM ETF,Tidal Trust II,mechanism,physical,swap,HIGH
STXD US,STRIVE 1000 DIVIDEND GROWTH ETF,EA Series Trust,sub_strategy,Thematic,Style,LOW
STXX US,TRADR 2X LONG STX DAILY ETF,Investment Managers Series Tru,mechanism,physical,swap,HIGH
SUIS US,CANARY STAKED SUI ETF,CSC Delaware Trust Co,underlier_name,alt-coin only (SUI),CSUIR6NY,MEDIUM
SUIS US,CANARY STAKED SUI ETF,CSC Delaware Trust Co,concentration,single,basket,MEDIUM
SUPL US,PROSHARES SUPPLY CHAIN LOGISTICS ETF,ProShares Trust,sub_strategy,Thematic,Broad,LOW
SUPP US,TCW TRANSFORM SUPPLY CHAIN ETF,TCW Etf Trust,sub_strategy,Thematic,Broad,LOW
SURI US,SIMPLIFY PROPEL OPPORTUNITIES ETF,Simplify Exchange Traded Funds,sub_strategy,Thematic,Sector,MEDIUM
SVIX US,-1X SHORT VIX FUTURES ETF,VS Trust,asset_class,Equity,Volatility,HIGH
SVIX US,-1X SHORT VIX FUTURES ETF,VS Trust,mechanism,physical,swap,MEDIUM
SVOL US,SIMPLIFY VOLATILITY PREMIUM ETF,Simplify Exchange Traded Funds,asset_class,Equity,Multi-Asset,HIGH
SVOL US,SIMPLIFY VOLATILITY PREMIUM ETF,Simplify Exchange Traded Funds,sub_strategy,Short,Long,HIGH
SVOL US,SIMPLIFY VOLATILITY PREMIUM ETF,Simplify Exchange Traded Funds,direction,short,neutral,HIGH
SVOL US,SIMPLIFY VOLATILITY PREMIUM ETF,Simplify Exchange Traded Funds,mechanism,physical,swap,MEDIUM
SVXY US,PROSHARES SHORT VIX SHORT-TERM FUTURES ETF,ProShares Trust II,asset_class,Equity,Volatility,HIGH
SVXY US,PROSHARES SHORT VIX SHORT-TERM FUTURES ETF,ProShares Trust II,mechanism,physical,swap,HIGH
SWAN US,AMPLIFY BLACKSWAN GROWTH & TREASURY CORE ETF,Amplify ETF Trust,sub_strategy,Style,Broad,HIGH
SWAN US,AMPLIFY BLACKSWAN GROWTH & TREASURY CORE ETF,Amplify ETF Trust,mechanism,physical,options,MEDIUM
SZK US,PROSHARES ULTRASHORT CONSUMER STAPLES,ProShares Trust,sub_strategy,Short,Long,HIGH
SZK US,PROSHARES ULTRASHORT CONSUMER STAPLES,ProShares Trust,direction,short,neutral,HIGH
SZK US,PROSHARES ULTRASHORT CONSUMER STAPLES,ProShares Trust,mechanism,physical,swap,HIGH
SZOXF US,DB CRUDE OIL SHORT ETN,DB ETNs/USA,underlier_name,DBODIXX,CL1,HIGH
SZOXF US,DB CRUDE OIL SHORT ETN,DB ETNs/USA,mechanism,physical,swap,HIGH
TACK US,FAIRLEAD TACTICAL SECTOR ETF,Capitol Series Trust/Cary Stre,sub_strategy,Sector,Broad,LOW
TAFL US,AB TAX-AWARE LONG MUNICIPAL ETF,AB Active ETFs Inc,mechanism,physical,options,MEDIUM
TAFM US,AB TAX-AWARE INTERMEDIATE MUNICIPAL ETF,AB Active ETFs Inc,mechanism,physical,options,MEDIUM
TAGS US,TEUCRIUM AGRICULTURAL FUND,Teucrium Commodity Trust,mechanism,physical,options,MEDIUM
TAIL US,CAMBRIA TAIL RISK ETF,Cambria ETF Trust,sub_strategy,Tail Risk,Risk-Adaptive,HIGH
TAIL US,CAMBRIA TAIL RISK ETF,Cambria ETF Trust,mechanism,physical,options,MEDIUM
TAPR US,INNOVATOR EQUITY DEFINED PROTECTION ETF - 2 YR TO APRIL 2027,Innovator ETF Trust,mechanism,physical,options,HIGH
TARK US,TRADR 2X LONG INNOVATION ETF,Investment Managers Series Tru,mechanism,physical,swap,HIGH
TBF US,PROSHARES SHORT 20+ YEAR TREASURY,ProShares Trust,mechanism,physical,swap,HIGH
TBFC US,THE BRINSMERE FUND - CONSERVATIVE ETF,ETF Series Solutions,sub_strategy,Allocation,Broad,HIGH
TBFG US,THE BRINSMERE FUND - GROWTH ETF,ETF Series Solutions,sub_strategy,Style,Broad,HIGH
TBJL US,INNOVATOR 20+ YEAR TREASURY BOND 9 BUFFER ETF - JULY,Innovator ETF Trust,mechanism,physical,options,HIGH
TBT US,PROSHARES ULTRASHORT 20+ YEAR TREASURY,ProShares Trust,sub_strategy,Short,Long,HIGH
TBT US,PROSHARES ULTRASHORT 20+ YEAR TREASURY,ProShares Trust,direction,short,neutral,HIGH
TBT US,PROSHARES ULTRASHORT 20+ YEAR TREASURY,ProShares Trust,mechanism,physical,swap,HIGH
TBX US,PROSHARES SHORT 7-10 TREASURY,ProShares Trust,mechanism,physical,swap,HIGH
TBXU US,DIREXION DAILY BIOTECH TOP 5 BULL 2X ETF,Direxion ETFs/USA,mechanism,physical,swap,HIGH
TCAL US,T ROWE PRICE CAPITAL APPRECIATION PREMIUM INCOME ETF,T Rowe Price Exchange-Traded F,mechanism,physical,options,HIGH
TCHI US,ISHARES MSCI CHINA MULTISECTOR TECH ETF,iShares Trust,sub_strategy,Thematic,Sector,MEDIUM
TDAQ US,TAPPALPHA INNOVATION 100 GROWTH & DAILY INCOME ETF,ETF Opportunities Trust,primary_strategy,Income,Plain Beta,MEDIUM
TDAQ US,TAPPALPHA INNOVATION 100 GROWTH & DAILY INCOME ETF,ETF Opportunities Trust,sub_strategy,Derivative Income > Covered Call,Thematic,MEDIUM
TDAX US,TDAQ LIFT ETF,ETF Opportunities Trust,direction,long,neutral,HIGH
TDAX US,TDAQ LIFT ETF,ETF Opportunities Trust,concentration,single,basket,MEDIUM
TDAX US,TDAQ LIFT ETF,ETF Opportunities Trust,mechanism,physical,swap,HIGH
TDEC US,FT VEST EMERGING MARKET BUFFER ETF - DECEMBER,First Trust Exchange-Traded Fu,mechanism,physical,options,HIGH
TDIV US,FIRST TRUST NASDAQ TECHNOLOGY DIVIDEND INDEX FUND,First Trust Exchange-Traded Fu,sub_strategy,Broad,Sector,MEDIUM
TDOG US,21SHARES DOGECOIN ETF,21Shares Dogecoin ETF/Fund Par,underlier_name,Dogecoin,XDG,HIGH
TDOT US,21SHARES POLKADOT ETF,21Shares Polkadot ETF/Fund Par,underlier_name,alt-coin only (DOT),XDO,HIGH
TDSB US,EXCHANGE LISTED FUNDS TRUST ETC CABANA TARGET BETA ETF,Exchange Listed Funds Trust,sub_strategy,Allocation,Broad,HIGH
TDSC US,EXCHANGE LISTED FUNDS TRUST ETC CABANA TARGET DRAWDOWN 10 ETF,Exchange Listed Funds Trust,sub_strategy,Allocation,Broad,HIGH
TDV US,PROSHARES S&P TECHNOLOGY DIVIDEND ARISTOCRATS ETF,ProShares Trust,sub_strategy,Style,Sector,MEDIUM
TDVI US,FT VEST TECHNOLOGY DIVIDEND TARGET INCOME ETF,First Trust Exchange-Traded Fu,primary_strategy,Income,Plain Beta,MEDIUM
TDVI US,FT VEST TECHNOLOGY DIVIDEND TARGET INCOME ETF,First Trust Exchange-Traded Fu,sub_strategy,Derivative Income > Covered Call,Sector,MEDIUM
TEC US,HARBOR TRANSFORMATIVE TECHNOLOGIES ETF,Harbor ETF Trust,sub_strategy,Thematic,Sector,MEDIUM
TECB US,ISHARES U.S. TECH BREAKTHROUGH MULTISECTOR ETF,iShares Trust,sub_strategy,Thematic,Sector,MEDIUM
TECL US,DIREXION DAILY TECHNOLOGY BULL 3X ETF,Direxion ETFs/USA,mechanism,physical,swap,HIGH
TECS US,DIREXION DAILY TECHNOLOGY BEAR 3X ETF,Direxion ETFs/USA,mechanism,physical,swap,HIGH
TEK US,ISHARES TECHNOLOGY OPPORTUNITIES ACTIVE ETF,BlackRock ETF Trust,sub_strategy,Broad,Sector,MEDIUM
TEKX US,STATE STREET GALAXY TRANSFORMATIVE TECH ACCELERATORS ETF,SSGA Active Trust,sub_strategy,Thematic,Single-Access,MEDIUM
TEMT US,TRADR 2X LONG TEM DAILY ETF,Investment Managers Series Tru,underlier_name,TEM US,TEM,HIGH
TEMT US,TRADR 2X LONG TEM DAILY ETF,Investment Managers Series Tru,mechanism,physical,swap,HIGH
TEMX US,TOUCHSTONE SANDS CAPITAL EMERGING MARKETS EX-CHINA GROWTH ETF,Touchstone ETF Trust,sub_strategy,Style,Broad,MEDIUM
TEND US,ISHARES LARGE CAP 10% TARGET BUFFER DEC ETF,iShares ETFs/USA,mechanism,physical,options,HIGH
TENJ US,ISHARES LARGE CAP 10% TARGET BUFFER JUN ETF,iShares ETFs/USA,mechanism,physical,options,HIGH
TENM US,ISHARES LARGE CAP 10% TARGET BUFFER MAR ETF,iShares ETFs/USA,mechanism,physical,options,HIGH
TERG US,LEVERAGE SHARES 2X LONG TER DAILY ETF,Themes ETF Trust,underlier_name,TER US,TER,HIGH
TERG US,LEVERAGE SHARES 2X LONG TER DAILY ETF,Themes ETF Trust,mechanism,physical,swap,HIGH
TESL US,SIMPLIFY VOLT TSLA REVOLUTION ETF,Simplify Exchange Traded Funds,sub_strategy,Thematic,Broad,LOW
TESL US,SIMPLIFY VOLT TSLA REVOLUTION ETF,Simplify Exchange Traded Funds,concentration,single,basket,MEDIUM
TESL US,SIMPLIFY VOLT TSLA REVOLUTION ETF,Simplify Exchange Traded Funds,mechanism,physical,options,MEDIUM
TEST US,YIELDMAX TSLA PERFORMANCE & DISTRIBUTION TARGET 25 ETF,Tidal Trust II,asset_class,Equity,Multi-Asset,HIGH
TEST US,YIELDMAX TSLA PERFORMANCE & DISTRIBUTION TARGET 25 ETF,Tidal Trust II,concentration,single,basket,MEDIUM
TEST US,YIELDMAX TSLA PERFORMANCE & DISTRIBUTION TARGET 25 ETF,Tidal Trust II,mechanism,physical,options,HIGH
TEXU US,DIREXION DAILY ENERGY TOP 5 BULL 2X ETF,Direxion ETFs/USA,mechanism,physical,swap,HIGH
TFJL US,INNOVATOR 20+ YEAR TREASURY BOND 5 FLOOR ETF - JULY,Innovator ETF Trust,mechanism,physical,options,HIGH
TFNS US,T ROWE PRICE FINANCIALS ETF,T Rowe Price Exchange-Traded F,sub_strategy,Broad,Sector,MEDIUM
TFPN US,BLUEPRINT CHESAPEAKE MULTI-ASSET TREND ETF,Tidal Trust II,sub_strategy,Allocation,Broad,HIGH
TFPN US,BLUEPRINT CHESAPEAKE MULTI-ASSET TREND ETF,Tidal Trust II,mechanism,physical,options,MEDIUM
THEQ US,T ROWE PRICE HEDGED EQUITY ETF,T Rowe Price Exchange-Traded F,primary_strategy,Risk Mgmt,Plain Beta,LOW
THEQ US,T ROWE PRICE HEDGED EQUITY ETF,T Rowe Price Exchange-Traded F,sub_strategy,Hedged Equity,Broad,LOW
THEQ US,T ROWE PRICE HEDGED EQUITY ETF,T Rowe Price Exchange-Traded F,mechanism,physical,options,MEDIUM
THLV US,THOR EQUAL WEIGHT LOW VOLATILITY ETF,THOR Financial Technologies Tr,sub_strategy,Style,Broad,LOW
THMR US,THOR ADAPTIVERISK DYNAMIC ETF,THOR Financial Technologies Tr,primary_strategy,Risk Mgmt,Plain Beta,HIGH
THMR US,THOR ADAPTIVERISK DYNAMIC ETF,THOR Financial Technologies Tr,sub_strategy,Alternatives,Broad,HIGH
THNR US,AMPLIFY WEIGHT LOSS DRUG & TREATMENT ETF,Amplify ETF Trust,sub_strategy,Broad,Sector,MEDIUM
THRV US,PROSPERA INCOME ETF,RBB Fund Trust/The,primary_strategy,Plain Beta,Income,LOW
THRV US,PROSPERA INCOME ETF,RBB Fund Trust/The,sub_strategy,Broad,Derivative Income > Covered Call,LOW
THRV US,PROSPERA INCOME ETF,RBB Fund Trust/The,mechanism,physical,options,HIGH
THTA US,SOFI ENHANCED YIELD ETF,Tidal Trust I,mechanism,physical,options,MEDIUM
THY US,TOEWS AGILITY SHARES DYNAMIC TACTICAL INCOME ETF,Northern Lights Fund Trust/Toe,primary_strategy,Risk Mgmt,Plain Beta,HIGH
THY US,TOEWS AGILITY SHARES DYNAMIC TACTICAL INCOME ETF,Northern Lights Fund Trust/Toe,sub_strategy,Alternatives,Broad,HIGH
TIIV US,AAM TODD INTERNATIONAL INTRINSIC VALUE ETF,ETF Series Solutions,sub_strategy,Style,Broad,MEDIUM
TILL US,TEUCRIUM AGRICULTURAL NO K-1 STRATEGY ETF,Listed Funds Trust/Teucrium In,mechanism,physical,options,MEDIUM
TIME US,CLOCKWISE U.S. CORE EQUITY ETF,Tidal Trust II,sub_strategy,Thematic,Broad,LOW
TINT US,PROSHARES SMART MATERIALS ETF,ProShares Trust,sub_strategy,Broad,Sector,MEDIUM
TINY US,PROSHARES NANOTECHNOLOGY ETF,ProShares Trust,sub_strategy,Thematic,Broad,LOW
TJAN US,INNOVATOR EQUITY DEFINED PROTECTION ETF - 2 YR TO JANUARY 2027,Innovator ETF Trust,mechanism,physical,options,HIGH
TJUL US,INNOVATOR EQUITY DEFINED PROTECTION ETF - 2 YR TO JULY 2027,Innovator ETF Trust,mechanism,physical,options,HIGH
TJUN US,FT VEST EMERGING MARKETS BUFFER ETF - JUNE,First Trust Exchange-Traded Fu,mechanism,physical,options,HIGH
TKNQ US,AMPLIFY TOKENIZATION TECHNOLOGY ETF,Amplify ETF Trust,underlier_name,multi-token crypto,MVTKNQ,MEDIUM
TKNQ US,AMPLIFY TOKENIZATION TECHNOLOGY ETF,Amplify ETF Trust,concentration,single,basket,MEDIUM
TKNS US,21SHARES ACTIVE CRYPTO ETF,Listed Funds Trust/Teucrium In,primary_strategy,L&I,Plain Beta,HIGH
TKNS US,21SHARES ACTIVE CRYPTO ETF,Listed Funds Trust/Teucrium In,sub_strategy,Long,Single-Access,HIGH
TLA US,GRANITESHARES AUTOCALLABLE TSLA ETF,GraniteShares ETF Trust,asset_class,Equity,Multi-Asset,HIGH
TLA US,GRANITESHARES AUTOCALLABLE TSLA ETF,GraniteShares ETF Trust,concentration,single,basket,MEDIUM
TLA US,GRANITESHARES AUTOCALLABLE TSLA ETF,GraniteShares ETF Trust,mechanism,physical,options,HIGH
TLDR US,THE LADDERED T-BILL ETF,REX ETF Trust,primary_strategy,Defined Outcome,Plain Beta,HIGH
TLDR US,THE LADDERED T-BILL ETF,REX ETF Trust,sub_strategy,Buffer,Broad,HIGH
TLTI US,NEOS ENHANCED INCOME 20+ YEAR TREASURY BOND ETF,Neos ETF Trust,mechanism,physical,options,MEDIUM
TLTP US,AMPLIFY TLT U.S. TREASURY 12% OPTION INCOME ETF,Amplify ETF Trust,mechanism,physical,options,HIGH
TLTW US,ISHARES 20+ YEAR TREASURY BOND BUYWRITE STRATEGY ETF,iShares Trust,mechanism,physical,options,HIGH
TLTX US,GLOBAL X TREASURY BOND ENHANCED INCOME ETF,Global X ETFs/USA,primary_strategy,Income,Plain Beta,HIGH
TLTX US,GLOBAL X TREASURY BOND ENHANCED INCOME ETF,Global X ETFs/USA,sub_strategy,Derivative Income > Covered Call,Broad,HIGH
TLTX US,GLOBAL X TREASURY BOND ENHANCED INCOME ETF,Global X ETFs/USA,concentration,single,basket,MEDIUM
TLTX US,GLOBAL X TREASURY BOND ENHANCED INCOME ETF,Global X ETFs/USA,mechanism,physical,options,MEDIUM
TMAR US,FT VEST EMERGING MARKET BUFFER ETF - MARCH,First Trust Exchange-Traded Fu,mechanism,physical,options,HIGH
TMB US,THORNBURG MULTI SECTOR BOND ETF,Thornburg ETF Trust,sub_strategy,Sector,Broad,HIGH
TMED US,T ROWE PRICE HEALTH CARE ETF,T Rowe Price Exchange-Traded F,sub_strategy,Broad,Sector,MEDIUM
TMET US,ISHARES TRANSITION-ENABLING METALS ETF,iShares US ETF Trust,mechanism,physical,options,MEDIUM
TMF US,DIREXION DAILY 20+ YEAR TREASURY BULL 3X ETF,Direxion ETFs/USA,mechanism,physical,swap,HIGH
TMSF US,T. ROWE PRICE MULTI-SECTOR INCOME ETF,T Rowe Price Exchange-Traded F,sub_strategy,Sector,Broad,HIGH
TMV US,DIREXION DAILY 20+ YEAR TREASURY BEAR 3X ETF,Direxion ETFs/USA,mechanism,physical,swap,HIGH
TNA US,DIREXION DAILY SMALL CAP BULL 3X ETF,Direxion ETFs/USA,mechanism,physical,swap,HIGH
TNGY US,TORTOISE ENERGY ETF,Tortoise Capital Series Trust,sub_strategy,Broad,Sector,MEDIUM
TNUK US,TORTOISE NUCLEAR RENAISSANCE ETF,Tortoise Capital Series Trust,sub_strategy,Broad,Sector,MEDIUM
TOAK US,TWIN OAK SHORT HORIZON ABSOLUTE RETURN ETF,Twin Oak ETF Co/USA,primary_strategy,Risk Mgmt,Plain Beta,HIGH
TOAK US,TWIN OAK SHORT HORIZON ABSOLUTE RETURN ETF,Twin Oak ETF Co/USA,sub_strategy,Alternatives,Broad,HIGH
TOAK US,TWIN OAK SHORT HORIZON ABSOLUTE RETURN ETF,Twin Oak ETF Co/USA,mechanism,physical,options,MEDIUM
TOAO US,TWIN OAK ACTIVE OPPORTUNITIES III ETF,Twin Oak ETF Co/USA,sub_strategy,Allocation,Broad,HIGH
TOCT US,INNOVATOR EQUITY DEFINED PROTECTION ETF - 2 YR TO OCTOBER 2027,Innovator ETF Trust,mechanism,physical,options,HIGH
TOEQ US,TWIN OAK ACTIVE OPPORTUNITIES II ETF,Twin Oak ETF Co/USA,sub_strategy,Allocation,Broad,HIGH
TOEQ US,TWIN OAK ACTIVE OPPORTUNITIES II ETF,Twin Oak ETF Co/USA,mechanism,physical,swap,HIGH
TOLL US,TEMA DURABLE QUALITY ETF,Tema ETF Trust,sub_strategy,Thematic,Style,LOW
TOLZ US,PROSHARES DJ BROOKFIELD GLOBAL INFRASTRUCTURE ETF,ProShares Trust,sub_strategy,Thematic,Broad,MEDIUM
TOS US,TWIN OAK STRATEGIC SOLUTIONS ETF,Twin Oak ETF Co/USA,mechanism,physical,swap,HIGH
TOT US,LIONSHARES US EQUITY TOTAL RETURN ETF,Advisor Managed Portfolios/Lio,mechanism,physical,options,MEDIUM
TPAY US,ROUNDHILL S&P 500 TARGET 10 MANAGED DISTRIBUTION ETF,Roundhill ETF Trust,primary_strategy,Income,Plain Beta,LOW
TPAY US,ROUNDHILL S&P 500 TARGET 10 MANAGED DISTRIBUTION ETF,Roundhill ETF Trust,sub_strategy,Derivative Income > Covered Call,Broad,LOW
TPAY US,ROUNDHILL S&P 500 TARGET 10 MANAGED DISTRIBUTION ETF,Roundhill ETF Trust,mechanism,physical,options,MEDIUM
TPHD US,TIMOTHY PLAN HIGH DIVIDEND STOCK ETF,Timothy Plan/The,sub_strategy,Style,Broad,LOW
TPOR US,DIREXION DAILY TRANSPORTATION BULL 3X ETF,Direxion ETFs/USA,mechanism,physical,swap,HIGH
TPZ US,TORTOISE ELECTRIFICATION INFRASTRUCTURE ETF,Tortoise Capital Series Trust,sub_strategy,Broad,Sector,MEDIUM
TQQQ US,PROSHARES ULTRAPRO QQQ,ProShares Trust,direction,long,neutral,HIGH
TQQQ US,PROSHARES ULTRAPRO QQQ,ProShares Trust,mechanism,physical,swap,HIGH
TQQY US,GRANITESHARES YIELDBOOST QQQ ETF,GraniteShares ETF Trust,concentration,single,basket,MEDIUM
TQQY US,GRANITESHARES YIELDBOOST QQQ ETF,GraniteShares ETF Trust,mechanism,physical,options,HIGH
TRBF US,ANGEL OAK TOTAL RETURN ETF,Angel Oak Funds Trust,mechanism,physical,options,MEDIUM
TRFK US,PACER DATA AND DIGITAL REVOLUTION ETF,Pacer ETFs/USA,sub_strategy,Thematic,Sector,MEDIUM
TRIO US,MC TRIO EQUITY BUFFERED ETF,EA Series Trust,mechanism,physical,options,HIGH
TRND US,PACER TRENDPILOT FUND OF FUNDS ETF,Pacer ETFs/USA,sub_strategy,Allocation,Broad,HIGH
TROT US,INVESCO MSCI TREASURY DURATION ROTATION ETF,Invesco ETFs/USA,mechanism,physical,options,MEDIUM
TRTY US,CAMBRIA TRINITY ETF,Cambria ETF Trust,sub_strategy,Allocation,Broad,HIGH
TRUC US,VANECK COMMUNICATION SERVICES TRUSECTOR ETF,VanEck ETFs/USA,sub_strategy,Broad,Sector,MEDIUM
TRUH US,VANECK HEALTHCARE TRUSECTOR ETF,VanEck ETFs/USA,sub_strategy,Broad,Sector,MEDIUM
TRUT US,VANECK TECHNOLOGY TRUSECTOR ETF,VanEck ETFs/USA,sub_strategy,Broad,Sector,MEDIUM
TSDD US,GRANITESHARES 2X SHORT TSLA DAILY ETF,GraniteShares ETF Trust,underlier_name,TSLA US,TSLA,HIGH
TSDD US,GRANITESHARES 2X SHORT TSLA DAILY ETF,GraniteShares ETF Trust,mechanism,physical,swap,HIGH
TSEP US,FT VEST EMERGING MARKET BUFFER ETF - SEPTEMBER,First Trust Exchange-Traded Fu,mechanism,physical,options,HIGH
TSES US,TRUTH SOCIAL AMERICAN ENERGY SECURITY ETF,Truth Social Funds,sub_strategy,Broad,Sector,MEDIUM
TSII US,REX TSLA GROWTH & INCOME ETF,REX ETF Trust,primary_strategy,Income,L&I,HIGH
TSII US,REX TSLA GROWTH & INCOME ETF,REX ETF Trust,sub_strategy,Derivative Income > Covered Call,Long,HIGH
TSII US,REX TSLA GROWTH & INCOME ETF,REX ETF Trust,underlier_name,TSLA US,TSLA,HIGH
TSII US,REX TSLA GROWTH & INCOME ETF,REX ETF Trust,mechanism,physical,swap,MEDIUM
TSL US,GRANITESHARES 1.25 LONG TSLA DAILY ETF,GraniteShares ETF Trust,underlier_name,TSLA US,TSLA,HIGH
TSL US,GRANITESHARES 1.25 LONG TSLA DAILY ETF,GraniteShares ETF Trust,mechanism,physical,swap,HIGH
TSLG US,LEVERAGE SHARES 2X LONG TSLA DAILY ETF,Themes ETF Trust,underlier_name,TSLA US,TSLA,HIGH
TSLG US,LEVERAGE SHARES 2X LONG TSLA DAILY ETF,Themes ETF Trust,mechanism,physical,swap,HIGH
TSLI US,PROSHARES ULTRA TSLA,ProShares Trust,direction,long,neutral,HIGH
TSLI US,PROSHARES ULTRA TSLA,ProShares Trust,underlier_name,TSLA US,TSLA,HIGH
TSLI US,PROSHARES ULTRA TSLA,ProShares Trust,mechanism,physical,swap,HIGH
TSLK US,TUTTLE CAPITAL TSLA 0DTE COVERED CALL ETF,ETF Opportunities Trust/Tuttle,mechanism,physical,options,HIGH
TSLL US,DIREXION DAILY TSLA BULL 2X ETF,Direxion ETFs/USA,underlier_name,TSLA US,TSLA,HIGH
TSLL US,DIREXION DAILY TSLA BULL 2X ETF,Direxion ETFs/USA,mechanism,physical,swap,HIGH
TSLO US,LEVERAGE SHARES 2X CAPPED ACCELERATED TSLA MONTHLY ETF,Themes ETF Trust,direction,long,neutral,HIGH
TSLO US,LEVERAGE SHARES 2X CAPPED ACCELERATED TSLA MONTHLY ETF,Themes ETF Trust,underlier_name,TSLA US,TSLA,HIGH
TSLO US,LEVERAGE SHARES 2X CAPPED ACCELERATED TSLA MONTHLY ETF,Themes ETF Trust,mechanism,physical,swap,MEDIUM
TSLP US,KURV YIELD PREMIUM STRATEGY TESLA TSLA ETF/DE,Kurv ETF Trust,underlier_name,TSLA US,TSLA,HIGH
TSLP US,KURV YIELD PREMIUM STRATEGY TESLA TSLA ETF/DE,Kurv ETF Trust,mechanism,physical,options,HIGH
TSLQ US,TRADR 2X SHORT TSLA DAILY ETF,Investment Managers Series Tru,underlier_name,TSLA US,TSLA,HIGH
TSLQ US,TRADR 2X SHORT TSLA DAILY ETF,Investment Managers Series Tru,mechanism,physical,swap,HIGH
TSLR US,GRANITESHARES 2X LONG TSLA DAILY ETF,GraniteShares ETF Trust,underlier_name,TSLA US,TSLA,HIGH
TSLR US,GRANITESHARES 2X LONG TSLA DAILY ETF,GraniteShares ETF Trust,mechanism,physical,swap,HIGH
TSLS US,DIREXION DAILY TSLA BEAR 1X ETF,Direxion ETFs/USA,underlier_name,TSLA US,TSLA,HIGH
TSLS US,DIREXION DAILY TSLA BEAR 1X ETF,Direxion ETFs/USA,mechanism,physical,swap,HIGH
TSLT US,T-REX 2X LONG TESLA DAILY TARGET ETF,ETF Opportunities Trust/REX Sh,underlier_name,TSLA US,TSLA,HIGH
TSLT US,T-REX 2X LONG TESLA DAILY TARGET ETF,ETF Opportunities Trust/REX Sh,mechanism,physical,swap,HIGH
TSLW US,ROUNDHILL TSLA WEEKLYPAY ETF,Roundhill ETF Trust,sub_strategy,Derivative Income > Covered Call,Derivative Income > 0DTE / Weekly,HIGH
TSLW US,ROUNDHILL TSLA WEEKLYPAY ETF,Roundhill ETF Trust,underlier_name,TSLA US,TSLA,HIGH
TSLW US,ROUNDHILL TSLA WEEKLYPAY ETF,Roundhill ETF Trust,mechanism,physical,options,HIGH
TSLY US,YIELDMAX TSLA OPTION INCOME ETF,Tidal Trust II,underlier_name,TSLA US,TSLA,HIGH
TSLY US,YIELDMAX TSLA OPTION INCOME ETF,Tidal Trust II,mechanism,physical,options,HIGH
TSLZ US,T-REX 2X INVERSE TESLA DAILY TARGET ETF,ETF Opportunities Trust/REX Sh,underlier_name,TSLA US,TSLA,HIGH
TSLZ US,T-REX 2X INVERSE TESLA DAILY TARGET ETF,ETF Opportunities Trust/REX Sh,mechanism,physical,swap,HIGH
TSMG US,LEVERAGE SHARES 2X LONG TSM DAILY ETF,Themes ETF Trust,underlier_name,TSM US,TSM,HIGH
TSMG US,LEVERAGE SHARES 2X LONG TSM DAILY ETF,Themes ETF Trust,mechanism,physical,swap,HIGH
TSMU US,GRANITESHARES 2X LONG TSM DAILY ETF,GraniteShares ETF Trust,underlier_name,TSM US,TSM,HIGH
TSMU US,GRANITESHARES 2X LONG TSM DAILY ETF,GraniteShares ETF Trust,mechanism,physical,swap,HIGH
TSMX US,DIREXION DAILY TSM BULL 2X ETF,Direxion ETFs/USA,underlier_name,TSM US,TSM,HIGH
TSMX US,DIREXION DAILY TSM BULL 2X ETF,Direxion ETFs/USA,mechanism,physical,swap,HIGH
TSMY US,YIELDMAX TSM OPTION INCOME STRATEGY ETF,Tidal Trust II,underlier_name,TSM US,TSM,HIGH
TSMY US,YIELDMAX TSM OPTION INCOME STRATEGY ETF,Tidal Trust II,mechanism,physical,options,HIGH
TSMZ US,DIREXION DAILY TSM BEAR 1X ETF,Direxion ETFs/USA,underlier_name,TSM US,TSM,HIGH
TSMZ US,DIREXION DAILY TSM BEAR 1X ETF,Direxion ETFs/USA,mechanism,physical,swap,HIGH
TSPX US,TWIN OAK ACTIVE OPPORTUNITIES ETF,Twin Oak ETF Co/USA,sub_strategy,Allocation,Broad,HIGH
TSPY US,TAPPALPHA S&P 500 GROWTH & DAILY INCOME ETF,ETF Opportunities Trust,primary_strategy,Income,Plain Beta,LOW
TSPY US,TAPPALPHA S&P 500 GROWTH & DAILY INCOME ETF,ETF Opportunities Trust,sub_strategy,Derivative Income > Covered Call,Style,LOW
TSRS US,TRUTH SOCIAL AMERICAN RED STATE REITS ETF,Truth Social Funds,sub_strategy,Broad,Sector,HIGH
TSSD US,TRUTH SOCIAL AMERICAN SECURITY & DEFENSE ETF,Truth Social Funds,sub_strategy,Thematic,Broad,LOW
TSUI US,21SHARES SUI ETF,21Shares Sui ETF/Fund Parent,underlier_name,alt-coin only (SUI),XUI,HIGH
TSXD US,DIREXION DAILY SEMICONDUCTORS TOP 5 BEAR 2X ETF,Direxion ETFs/USA,mechanism,physical,swap,HIGH
TSXU US,DIREXION DAILY SEMICONDUCTORS TOP 5 BULL 2X ETF,Direxion ETFs/USA,mechanism,physical,swap,HIGH
TSYW US,ROUNDHILL TREASURY BOND WEEKLYPAY ETF,Roundhill ETF Trust,sub_strategy,Derivative Income > Covered Call,Derivative Income > 0DTE / Weekly,HIGH
TSYW US,ROUNDHILL TREASURY BOND WEEKLYPAY ETF,Roundhill ETF Trust,mechanism,physical,swap,HIGH
TSYX US,TSPY LIFT ETF,ETF Opportunities Trust,direction,long,neutral,HIGH
TSYX US,TSPY LIFT ETF,ETF Opportunities Trust,concentration,single,basket,MEDIUM
TSYX US,TSPY LIFT ETF,ETF Opportunities Trust,mechanism,physical,swap,HIGH
TSYY US,GRANITESHARES YIELDBOOST TSLA ETF,GraniteShares ETF Trust,underlier_name,TSLA US,TSLA,HIGH
TSYY US,GRANITESHARES YIELDBOOST TSLA ETF,GraniteShares ETF Trust,mechanism,physical,swap,HIGH
TTDU US,T-REX 2X LONG TTD DAILY TARGET ETF,ETF Opportunities Trust/REX Sh,underlier_name,TTD US,TTD,HIGH
TTDU US,T-REX 2X LONG TTD DAILY TARGET ETF,ETF Opportunities Trust/REX Sh,mechanism,physical,swap,HIGH
TTEQ US,T ROWE PRICE TECHNOLOGY ETF,T Rowe Price Exchange-Traded F,sub_strategy,Broad,Sector,MEDIUM
TTOP US,21SHARES FTSE CRYPTO 10 INDEX ETF,Listed Funds Trust/Teucrium In,underlier_name,multi-token crypto,F21T10,MEDIUM
TTOP US,21SHARES FTSE CRYPTO 10 INDEX ETF,Listed Funds Trust/Teucrium In,concentration,single,basket,MEDIUM
TTT US,PROSHARES ULTRAPRO SHORT 20+ YEAR TREASURY,ProShares Trust,mechanism,physical,swap,HIGH
TTXD US,DIREXION DAILY TECHNOLOGY TOP 5 BEAR 2X ETF,Direxion ETFs/USA,mechanism,physical,swap,HIGH
TTXU US,DIREXION DAILY TECHNOLOGY TOP 5 BULL 2X ETF,Direxion ETFs/USA,mechanism,physical,swap,HIGH
TUA US,SIMPLIFY SHORT TERM TREASURY FUTURES STRATEGY ETF,Simplify Exchange Traded Funds,mechanism,physical,options,MEDIUM
TUG US,STF TACTICAL GROWTH ETF,Listed Funds Trust,sub_strategy,Style,Broad,HIGH
TUGN US,STF TACTICAL GROWTH & INCOME ETF,Listed Funds Trust,sub_strategy,Style,Broad,HIGH
TWM US,PROSHARES ULTRASHORT RUSSELL2000,ProShares Trust,sub_strategy,Short,Long,HIGH
TWM US,PROSHARES ULTRASHORT RUSSELL2000,ProShares Trust,direction,short,neutral,HIGH
TWM US,PROSHARES ULTRASHORT RUSSELL2000,ProShares Trust,mechanism,physical,swap,HIGH
TWOX US,ISHARES LARGE CAP ACCELERATED OUTCOME ETF,iShares Trust,mechanism,physical,options,HIGH
TXBC US,21SHARES FTSE CRYPTO 10 EX-BTC INDEX ETF,Listed Funds Trust/Teucrium In,underlier_name,multi-token crypto,Bitcoin,MEDIUM
TXBC US,21SHARES FTSE CRYPTO 10 EX-BTC INDEX ETF,Listed Funds Trust/Teucrium In,concentration,single,basket,MEDIUM
TXNU US,DIREXION DAILY TXN BULL 2X ETF,Direxion ETFs/USA,mechanism,physical,swap,HIGH
TXUG US,THORNBURG INTERNATIONAL GROWTH ETF,Thornburg ETF Trust,sub_strategy,Style,Broad,MEDIUM
TXXD US,21SHARES 2X LONG DOGECOIN ETF,Listed Funds Trust/Teucrium In,underlier_name,XDGUSD Curncy,XDG,HIGH
TXXD US,21SHARES 2X LONG DOGECOIN ETF,Listed Funds Trust/Teucrium In,mechanism,physical,swap,HIGH
TXXH US,21SHARES 2X LONG HYPE ETF,Listed Funds Trust/Teucrium In,asset_class,Equity,Crypto,HIGH
TXXH US,21SHARES 2X LONG HYPE ETF,Listed Funds Trust/Teucrium In,concentration,single,basket,MEDIUM
TXXS US,21SHARES 2X LONG SUI ETF,Listed Funds Trust/Teucrium In,mechanism,physical,swap,HIGH
TYA US,SIMPLIFY INTERMEDIATE TERM TREASURY FUTURES STRATEGY ETF,Simplify Exchange Traded Funds,primary_strategy,Income,Plain Beta,HIGH
TYA US,SIMPLIFY INTERMEDIATE TERM TREASURY FUTURES STRATEGY ETF,Simplify Exchange Traded Funds,sub_strategy,Derivative Income > Covered Call,Broad,HIGH
TYA US,SIMPLIFY INTERMEDIATE TERM TREASURY FUTURES STRATEGY ETF,Simplify Exchange Traded Funds,mechanism,physical,options,MEDIUM
TYD US,DIREXION DAILY 7-10 YEAR TREASURY BULL 3X ETF,Direxion ETFs/USA,mechanism,physical,swap,HIGH
TYLG US,GLOBAL X INFORMATION TECHNOLOGY COVERED CALL & GROWTH ETF,Global X ETFs/USA,mechanism,physical,options,HIGH
TYO US,DIREXION DAILY 7-10 YEAR TREASURY BEAR 3X ETF,Direxion ETFs/USA,mechanism,physical,swap,HIGH
TZA US,DIREXION DAILY SMALL CAP BEAR 3X ETF,Direxion ETFs/USA,mechanism,physical,swap,HIGH
UAPR US,INNOVATOR U.S. EQUITY ULTRA BUFFER ETF - APRIL,Innovator ETF Trust,mechanism,physical,options,HIGH
UAUG US,INNOVATOR U.S. EQUITY ULTRA BUFFER ETF - AUGUST,Innovator ETF Trust,mechanism,physical,options,HIGH
UBEW US,ROUNDHILL UBER WEEKLYPAY ETF,Roundhill ETF Trust,sub_strategy,Derivative Income > Covered Call,Derivative Income > 0DTE / Weekly,HIGH
UBEW US,ROUNDHILL UBER WEEKLYPAY ETF,Roundhill ETF Trust,underlier_name,UBER US,UBER,HIGH
UBEW US,ROUNDHILL UBER WEEKLYPAY ETF,Roundhill ETF Trust,mechanism,physical,swap,HIGH
UBOT US,DIREXION DAILY ROBOTICS ARTIFICIAL INTELLIGENCE & AUTOMATION INDEX BULL 2X ETF,Direxion ETFs/USA,mechanism,physical,swap,HIGH
UBR US,PROSHARES ULTRA MSCI BRAZIL CAPPED,ProShares Trust,direction,long,neutral,HIGH
UBR US,PROSHARES ULTRA MSCI BRAZIL CAPPED,ProShares Trust,mechanism,physical,swap,HIGH
UBRL US,GRANITESHARES 2X LONG UBER DAILY ETF,GraniteShares ETF Trust,underlier_name,UBER US,UBER,HIGH
UBRL US,GRANITESHARES 2X LONG UBER DAILY ETF,GraniteShares ETF Trust,mechanism,physical,swap,HIGH
UBT US,PROSHARES ULTRA 20+ YEAR TREASURY,ProShares Trust,direction,long,neutral,HIGH
UBT US,PROSHARES ULTRA 20+ YEAR TREASURY,ProShares Trust,mechanism,physical,swap,HIGH
UCC US,PROSHARES ULTRA CONSUMER DISCRETIONARY,ProShares Trust,direction,long,neutral,HIGH
UCC US,PROSHARES ULTRA CONSUMER DISCRETIONARY,ProShares Trust,mechanism,physical,swap,HIGH
UCIB US,ETRACS UBS BLOOMBERG CONSTANT MATURITY COMMODITY INDX CMCI TOTAL RETURN ETN SE B,ETRACS ETNs/UBS AG/London/USA,mechanism,physical,options,MEDIUM
UCO US,PROSHARES ULTRA BLOOMBERG CRUDE OIL,ProShares Trust II,direction,long,neutral,HIGH
UCO US,PROSHARES ULTRA BLOOMBERG CRUDE OIL,ProShares Trust II,underlier_name,CLA Comdty,CLA,HIGH
UCO US,PROSHARES ULTRA BLOOMBERG CRUDE OIL,ProShares Trust II,mechanism,physical,swap,HIGH
UCON US,FIRST TRUST SMITH UNCONSTRAINED BOND ETF,First Trust Exchange-Traded Fu,asset_class,Fixed Income,Multi-Asset,HIGH
UCYB US,PROSHARES ULTRA NASDAQ CYBERSECURITY ETF,ProShares Trust,direction,long,neutral,HIGH
UCYB US,PROSHARES ULTRA NASDAQ CYBERSECURITY ETF,ProShares Trust,mechanism,physical,swap,HIGH
UDEC US,INNOVATOR U.S. EQUITY ULTRA BUFFER ETF - DECEMBER,Innovator ETF Trust,mechanism,physical,options,HIGH
UDN US,INVESCO DB US DOLLAR INDEX BEARISH FUND,Invesco DB US Dollar Index Tru,asset_class,Multi-Asset,Currency,HIGH
UDN US,INVESCO DB US DOLLAR INDEX BEARISH FUND,Invesco DB US Dollar Index Tru,sub_strategy,Short,Long,HIGH
UDN US,INVESCO DB US DOLLAR INDEX BEARISH FUND,Invesco DB US Dollar Index Tru,direction,short,neutral,HIGH
UDN US,INVESCO DB US DOLLAR INDEX BEARISH FUND,Invesco DB US Dollar Index Tru,mechanism,physical,swap,MEDIUM
UDOW US,PROSHARES ULTRAPRO DOW30,ProShares Trust,direction,long,neutral,HIGH
UDOW US,PROSHARES ULTRAPRO DOW30,ProShares Trust,mechanism,physical,swap,HIGH
UECG US,LEVERAGE SHARES 2X LONG UEC DAILY ETF,Themes ETF Trust,mechanism,physical,swap,HIGH
UFEB US,INNOVATOR U.S. EQUITY ULTRA BUFFER ETF - FEBRUARY,Innovator ETF Trust,mechanism,physical,options,HIGH
UGA US,UNITED STATES GASOLINE FUND LP,United States Commodities ETFs,mechanism,physical,options,MEDIUM
UGE US,PROSHARES ULTRA CONSUMER STAPLES,ProShares Trust,direction,long,neutral,HIGH
UGE US,PROSHARES ULTRA CONSUMER STAPLES,ProShares Trust,mechanism,physical,swap,HIGH
UGL US,PROSHARES ULTRA GOLD,ProShares Trust II,direction,long,neutral,HIGH
UGL US,PROSHARES ULTRA GOLD,ProShares Trust II,underlier_name,XAU Curncy,XAU,HIGH
UGL US,PROSHARES ULTRA GOLD,ProShares Trust II,mechanism,physical,swap,HIGH
UIVM US,VICTORYSHARES INTERNATIONAL VALUE MOMENTUM ETF,Victory Portfolios II,sub_strategy,Style,Broad,MEDIUM
UJAN US,INNOVATOR U.S. EQUITY ULTRA BUFFER ETF - JANUARY,Innovator ETF Trust,mechanism,physical,options,HIGH
UJB US,PROSHARES ULTRA HIGH YIELD,ProShares Trust,direction,long,neutral,HIGH
UJB US,PROSHARES ULTRA HIGH YIELD,ProShares Trust,mechanism,physical,swap,HIGH
UJUL US,INNOVATOR U.S. EQUITY ULTRA BUFFER ETF - JULY,Innovator ETF Trust,mechanism,physical,options,HIGH
UJUN US,INNOVATOR U.S. EQUITY ULTRA BUFFER ETF - JUNE,Innovator ETF Trust,mechanism,physical,options,HIGH
ULE US,PROSHARES ULTRA EURO,ProShares Trust II,asset_class,Multi-Asset,Currency,HIGH
ULE US,PROSHARES ULTRA EURO,ProShares Trust II,direction,long,neutral,HIGH
ULE US,PROSHARES ULTRA EURO,ProShares Trust II,underlier_name,EURUSD Curncy,EURUSD,HIGH
ULE US,PROSHARES ULTRA EURO,ProShares Trust II,mechanism,physical,swap,HIGH
ULTI US,REX INCOMEMAX OPTION STRATEGY ETF,REX ETF Trust,primary_strategy,Income,Plain Beta,LOW
ULTI US,REX INCOMEMAX OPTION STRATEGY ETF,REX ETF Trust,sub_strategy,Derivative Income > Covered Call,Broad,LOW
ULTY US,YIELDMAX ULTRA OPTION INCOME STRATEGY ETF,Tidal Trust II,mechanism,physical,options,HIGH
UMAR US,INNOVATOR U.S. EQUITY ULTRA BUFFER ETF - MARCH,Innovator ETF Trust,mechanism,physical,options,HIGH
UMAY US,INNOVATOR U.S. EQUITY ULTRA BUFFER ETF - MAY,Innovator ETF Trust,mechanism,physical,options,HIGH
UMDD US,PROSHARES ULTRAPRO MIDCAP400,ProShares Trust,direction,long,neutral,HIGH
UMDD US,PROSHARES ULTRAPRO MIDCAP400,ProShares Trust,mechanism,physical,swap,HIGH
UMI US,USCF MIDSTREAM ENERGY INCOME FUND,United States Commodities ETFs,sub_strategy,Broad,Sector,MEDIUM
UNG US,UNITED STATES NATURAL GAS FUND LP,United States Commodities ETFs,mechanism,physical,options,MEDIUM
UNHG US,LEVERAGE SHARES 2X LONG UNH DAILY ETF,Themes ETF Trust,underlier_name,UNH US,UNH,HIGH
UNHG US,LEVERAGE SHARES 2X LONG UNH DAILY ETF,Themes ETF Trust,mechanism,physical,swap,HIGH
UNHU US,DIREXION DAILY UNH BULL 2X ETF,Direxion ETFs/USA,mechanism,physical,swap,HIGH
UNHW US,ROUNDHILL UNH WEEKLYPAY ETF,Roundhill ETF Trust,sub_strategy,Derivative Income > Covered Call,Derivative Income > 0DTE / Weekly,HIGH
UNHW US,ROUNDHILL UNH WEEKLYPAY ETF,Roundhill ETF Trust,underlier_name,UNH US,UNH,HIGH
UNHW US,ROUNDHILL UNH WEEKLYPAY ETF,Roundhill ETF Trust,mechanism,physical,swap,HIGH
UNL US,UNITED STATES 12 MONTH NATURAL GAS FUND LP,United States Commodities ETFs,mechanism,physical,options,MEDIUM
UNOV US,INNOVATOR U.S. EQUITY ULTRA BUFFER ETF - NOVEMBER,Innovator ETF Trust,mechanism,physical,options,HIGH
UNX US,TRADR 2X LONG U DAILY ETF,Investment Managers Series Tru,underlier_name,U US,U,HIGH
UNX US,TRADR 2X LONG U DAILY ETF,Investment Managers Series Tru,mechanism,physical,swap,HIGH
UOCT US,INNOVATOR U.S. EQUITY ULTRA BUFFER ETF OCTOBER,Innovator ETF Trust,mechanism,physical,options,HIGH
UPAR US,UPAR ULTRA RISK PARITY ETF,Tidal Trust I,sub_strategy,Allocation,Broad,HIGH
UPGR US,XTRACKERS US GREEN INFRASTRUCTURE SELECT EQUITY ETF,DWS Xtrackers ETFs/USA,sub_strategy,Thematic,Broad,LOW
UPRO US,PROSHARES ULTRAPRO S&P 500,ProShares Trust,direction,long,neutral,HIGH
UPRO US,PROSHARES ULTRAPRO S&P 500,ProShares Trust,mechanism,physical,swap,HIGH
UPSD US,APTUS LARGE CAP UPSIDE ETF,ETF Series Solutions/Aptus Cap,sub_strategy,Short,Long,HIGH
UPSD US,APTUS LARGE CAP UPSIDE ETF,ETF Series Solutions/Aptus Cap,direction,short,neutral,HIGH
UPSD US,APTUS LARGE CAP UPSIDE ETF,ETF Series Solutions/Aptus Cap,mechanism,physical,swap,HIGH
UPSG US,LEVERAGE SHARES 2X LONG UPS DAILY ETF,Themes ETF Trust,underlier_name,UPS US,UPS,HIGH
UPSG US,LEVERAGE SHARES 2X LONG UPS DAILY ETF,Themes ETF Trust,mechanism,physical,swap,HIGH
UPSX US,TRADR 2X LONG UPST DAILY ETF,Investment Managers Series Tru,underlier_name,UPST US,UPST,HIGH
UPSX US,TRADR 2X LONG UPST DAILY ETF,Investment Managers Series Tru,mechanism,physical,swap,HIGH
UPV US,PROSHARES ULTRA FTSE EUROPE,ProShares Trust,direction,long,neutral,HIGH
UPV US,PROSHARES ULTRA FTSE EUROPE,ProShares Trust,mechanism,physical,swap,HIGH
UPW US,PROSHARES ULTRA UTILITIES,ProShares Trust,direction,long,neutral,HIGH
UPW US,PROSHARES ULTRA UTILITIES,ProShares Trust,mechanism,physical,swap,HIGH
URA US,GLOBAL X URANIUM ETF,Global X ETFs/USA,sub_strategy,Thematic,Sector,MEDIUM
URAA US,DIREXION DAILY URANIUM INDUSTRY BULL 2X ETF,Direxion ETFs/USA,underlier_name,UXAA Comdty,SUSUNET,MEDIUM
URAA US,DIREXION DAILY URANIUM INDUSTRY BULL 2X ETF,Direxion ETFs/USA,concentration,single,basket,MEDIUM
URAA US,DIREXION DAILY URANIUM INDUSTRY BULL 2X ETF,Direxion ETFs/USA,mechanism,physical,swap,HIGH
URAN US,THEMES URANIUM & NUCLEAR ETF,Themes ETF Trust,sub_strategy,Thematic,Broad,LOW
URE US,PROSHARES ULTRA REAL ESTATE,ProShares Trust,direction,long,neutral,HIGH
URE US,PROSHARES ULTRA REAL ESTATE,ProShares Trust,mechanism,physical,swap,HIGH
URNJ US,SPROTT JUNIOR URANIUM MINERS ETF,Sprott Funds Trust,sub_strategy,Thematic,Sector,MEDIUM
URNM US,SPROTT URANIUM MINERS ETF,Sprott Funds Trust,sub_strategy,Thematic,Sector,MEDIUM
URSP US,PROSHARES ULTRA S&P 500 EQUAL WEIGHT,ProShares Trust,direction,long,neutral,HIGH
URSP US,PROSHARES ULTRA S&P 500 EQUAL WEIGHT,ProShares Trust,mechanism,physical,swap,HIGH
URTY US,PROSHARES ULTRAPRO RUSSELL2000,ProShares Trust,direction,long,neutral,HIGH
URTY US,PROSHARES ULTRAPRO RUSSELL2000,ProShares Trust,mechanism,physical,swap,HIGH
USAF US,ATLAS AMERICA FUND,2023 ETF Series Trust/The,sub_strategy,Allocation,Broad,HIGH
USAI US,PACER AMERICAN ENERGY INFRASTRUCTURE ETF,Pacer ETFs/USA,sub_strategy,Thematic,Sector,MEDIUM
USAX US,TRADR 2X LONG USAR DAILY ETF,Investment Managers Series Tru,underlier_name,USAR US,USAR,HIGH
USAX US,TRADR 2X LONG USAR DAILY ETF,Investment Managers Series Tru,mechanism,physical,swap,HIGH
USCI US,UNITED STATES COMMODITY INDEX FUND,United States Commodities ETFs,mechanism,physical,options,MEDIUM
USD US,PROSHARES ULTRA SEMICONDUCTORS,ProShares Trust,direction,long,neutral,HIGH
USD US,PROSHARES ULTRA SEMICONDUCTORS,ProShares Trust,mechanism,physical,swap,HIGH
USDU US,WISDOMTREE BLOOMBERG U.S. DOLLAR BULLISH FUND,WisdomTree ETFs/USA,mechanism,physical,options,MEDIUM
USE US,USCF ETF TRUST - USCF ENERGY COMMODITY STRATEGY ABSOLUTE RETURN FUND,United States Commodities ETFs,mechanism,physical,options,MEDIUM
USEP US,INNOVATOR U.S. EQUITY ULTRA BUFFER ETF - SEPTEMBER,Innovator ETF Trust,mechanism,physical,options,HIGH
USFI US,BRANDYWINEGLOBAL US FIXED INCOME ETF,Franklin Templeton ETF Trust,mechanism,physical,swap,HIGH
USG US,USCF GOLD STRATEGY PLUS INCOME ETF,United States Commodities ETFs,primary_strategy,Income,Plain Beta,HIGH
USG US,USCF GOLD STRATEGY PLUS INCOME ETF,United States Commodities ETFs,sub_strategy,Derivative Income > Covered Call,Broad,HIGH
USG US,USCF GOLD STRATEGY PLUS INCOME ETF,United States Commodities ETFs,mechanism,physical,options,MEDIUM
USGG US,LEVERAGE SHARES 2X LONG USAR DAILY ETF,Themes ETF Trust,underlier_name,USAR US,USAR,HIGH
USGG US,LEVERAGE SHARES 2X LONG USAR DAILY ETF,Themes ETF Trust,mechanism,physical,swap,HIGH
USL US,UNITED STATES 12 MONTH OIL FUND LP,United States Commodities ETFs,mechanism,physical,options,MEDIUM
USMC US,PRINCIPAL US MEGA-CAP ETF,Principal Exchange-Traded Fund,sub_strategy,Broad,Sector,MEDIUM
USMD US,COREVALUES AMERICA FIRST TECHNOLOGY ETF,Tidal Trust II,sub_strategy,Broad,Sector,MEDIUM
USML US,ETRACS 2X LEVERAGED MSCI US MINIMUM VOLATILITY FACTOR TR ETN,ETRACS ETNs/UBS AG/London/USA,direction,long,neutral,HIGH
USML US,ETRACS 2X LEVERAGED MSCI US MINIMUM VOLATILITY FACTOR TR ETN,ETRACS ETNs/UBS AG/London/USA,concentration,single,basket,MEDIUM
USML US,ETRACS 2X LEVERAGED MSCI US MINIMUM VOLATILITY FACTOR TR ETN,ETRACS ETNs/UBS AG/London/USA,mechanism,physical,swap,MEDIUM
USNG US,AMPLIFY SAMSUNG US NATURAL GAS INFRASTRUCTURE ETF,Amplify ETF Trust,asset_class,Commodity,Equity,HIGH
USNZ US,XTRACKERS NET ZERO PATHWAY PARIS ALIGNED US EQUITY ETF,DWS Xtrackers ETFs/USA,sub_strategy,Thematic,Broad,LOW
USO US,UNITED STATES OIL FUND LP,United States Commodities ETFs,mechanism,physical,options,MEDIUM
USOI US,UBS AG ETRACS CRUDE OIL SHARES COVERED CALL ETN,ETRACS ETNs/UBS AG/London/USA,mechanism,physical,options,HIGH
USOY US,DEFIANCE OIL ENHANCED OPTIONS INCOME ETF,Tidal Trust II,primary_strategy,Income,Plain Beta,HIGH
USOY US,DEFIANCE OIL ENHANCED OPTIONS INCOME ETF,Tidal Trust II,sub_strategy,Derivative Income > Covered Call,Broad,HIGH
USOY US,DEFIANCE OIL ENHANCED OPTIONS INCOME ETF,Tidal Trust II,mechanism,physical,options,MEDIUM
UST US,PROSHARES ULTRA 7-10 YEAR TREASURY,ProShares Trust,direction,long,neutral,HIGH
UST US,PROSHARES ULTRA 7-10 YEAR TREASURY,ProShares Trust,mechanism,physical,swap,HIGH
UTSL US,DIREXION DAILY UTILITIES BULL 3X ETF,Direxion ETFs/USA,mechanism,physical,swap,HIGH
UUP US,INVESCO DB US DOLLAR INDEX BULLISH FUND,Invesco DB US Dollar Index Tru,mechanism,physical,options,MEDIUM
UUUG US,LEVERAGE SHARES 2X LONG UUUU DAILY ETF,Themes ETF Trust,underlier_name,UUUU US,UUUU,HIGH
UUUG US,LEVERAGE SHARES 2X LONG UUUU DAILY ETF,Themes ETF Trust,mechanism,physical,swap,HIGH
UVIX US,2X LONG VIX FUTURES ETF,VS Trust,asset_class,Equity,Volatility,HIGH
UVIX US,2X LONG VIX FUTURES ETF,VS Trust,mechanism,physical,swap,MEDIUM
UVXY US,PROSHARES ULTRA VIX SHORT-TERM FUTURES ETF,ProShares Trust II,asset_class,Equity,Volatility,HIGH
UVXY US,PROSHARES ULTRA VIX SHORT-TERM FUTURES ETF,ProShares Trust II,sub_strategy,Long,Short,HIGH
UVXY US,PROSHARES ULTRA VIX SHORT-TERM FUTURES ETF,ProShares Trust II,direction,long,short,HIGH
UVXY US,PROSHARES ULTRA VIX SHORT-TERM FUTURES ETF,ProShares Trust II,mechanism,physical,swap,MEDIUM
UWM US,PROSHARES ULTRA RUSSELL2000,ProShares Trust,direction,long,neutral,HIGH
UWM US,PROSHARES ULTRA RUSSELL2000,ProShares Trust,mechanism,physical,swap,HIGH
UX US,ROUNDHILL URANIUM ETF,Roundhill ETF Trust,mechanism,physical,swap,HIGH
UXAP US,FT VEST US EQUITY UNCAPPED ACCELERATOR ETF - APRIL,First Trust Exchange-Traded Fu,mechanism,physical,options,HIGH
UXI US,PROSHARES ULTRA INDUSTRIALS,ProShares Trust,direction,long,neutral,HIGH
UXI US,PROSHARES ULTRA INDUSTRIALS,ProShares Trust,mechanism,physical,swap,HIGH
UXJA US,FT VEST US EQUITY UNCAPPED ACCELERATOR ETF - JANUARY,First Trust Exchange-Traded Fu,mechanism,physical,options,HIGH
UXJL US,FT VEST US EQUITY UNCAPPED ACCELERATOR ETF - JULY,First Trust Exchange-Traded Fu,mechanism,physical,options,HIGH
UXOC US,FT VEST US EQUITY UNCAPPED ACCELERATOR ETF - OCTOBER,First Trust Exchange-Traded Fu,mechanism,physical,options,HIGH
UXRP US,PROSHARES ULTRA XRP ETF,ProShares Trust,direction,long,neutral,HIGH
UXRP US,PROSHARES ULTRA XRP ETF,ProShares Trust,underlier_name,XRPUSD Curncy,XRP,HIGH
UXRP US,PROSHARES ULTRA XRP ETF,ProShares Trust,mechanism,physical,swap,MEDIUM
UYG US,PROSHARES ULTRA FINANCIALS,ProShares Trust,direction,long,neutral,HIGH
UYG US,PROSHARES ULTRA FINANCIALS,ProShares Trust,mechanism,physical,swap,HIGH
UYM US,PROSHARES ULTRA MATERIALS,ProShares Trust,direction,long,neutral,HIGH
UYM US,PROSHARES ULTRA MATERIALS,ProShares Trust,mechanism,physical,swap,HIGH
VALG US,LEVERAGE SHARES 2X LONG VALE DAILY ETF,Themes ETF Trust,underlier_name,VALE US,VALE,HIGH
VALG US,LEVERAGE SHARES 2X LONG VALE DAILY ETF,Themes ETF Trust,mechanism,physical,swap,HIGH
VAVX US,VANECK AVALANCHE ETF,VanEck ETFs/USA,underlier_name,alt-coin only (AVAX),XAV,HIGH
VAW US,VANGUARD MATERIALS ETF,Vanguard World Fund,sub_strategy,Broad,Sector,MEDIUM
VDE US,VANGUARD ENERGY ETF,Vanguard World Fund,sub_strategy,Broad,Sector,MEDIUM
VEGA US,ADVISORSHARES STAR GLOBAL BUY-WRITE ETF,AdvisorShares ETFs/USA,mechanism,physical,options,HIGH
VEGI US,ISHARES MSCI AGRICULTURE PRODUCERS ETF,iShares Inc,sub_strategy,Thematic,Broad,LOW
VEGN US,US VEGAN CLIMATE ETF,ETF Series Solutions,sub_strategy,Thematic,Broad,LOW
VFMV US,VANGUARD U.S. MINIMUM VOLATILITY ETF,Vanguard Wellington Fund/Fund,sub_strategy,Style,Broad,LOW
VGMS US,VANGUARD MULTI-SECTOR INCOME BOND ETF,Vanguard Malvern Funds,sub_strategy,Sector,Broad,HIGH
VGMS US,VANGUARD MULTI-SECTOR INCOME BOND ETF,Vanguard Malvern Funds,mechanism,physical,options,MEDIUM
VGT US,VANGUARD INFORMATION TECHNOLOGY ETF,Vanguard World Fund,sub_strategy,Broad,Sector,MEDIUM
VHT US,VANGUARD HEALTH CARE ETF,Vanguard World Fund,sub_strategy,Broad,Sector,MEDIUM
VICE US,ADVISORSHARES VICE ETF,AdvisorShares ETFs/USA,sub_strategy,Thematic,Broad,LOW
VIXM US,PROSHARES VIX MID-TERM FUTURES ETF,ProShares Trust II,sub_strategy,VIX,Broad,HIGH
VIXM US,PROSHARES VIX MID-TERM FUTURES ETF,ProShares Trust II,mechanism,futures,swap,HIGH
VIXY US,PROSHARES VIX SHORT-TERM FUTURES ETF,ProShares Trust II,sub_strategy,VIX,Broad,HIGH
VIXY US,PROSHARES VIX SHORT-TERM FUTURES ETF,ProShares Trust II,mechanism,futures,swap,HIGH
VMSB US,VOYA MULTI-SECTOR INCOME ETF,Tidal Trust IV,sub_strategy,Sector,Broad,HIGH
VOX US,VANGUARD COMMUNICATION SERVICES ETF,Vanguard World Fund,sub_strategy,Broad,Sector,MEDIUM
VPC US,VIRTUS PRIVATE CREDIT STRATEGY ETF,ETFis Series Trust I/Virtus ET,asset_class,Fixed Income,Equity,HIGH
VPLS US,VANGUARD CORE-PLUS BOND ETF,Vanguard Malvern Funds,mechanism,physical,options,MEDIUM
VRAI US,VIRTUS REAL ASSET INCOME ETF,ETFis Series Trust I/Virtus ET,sub_strategy,Thematic,Sector,MEDIUM
VRTL US,GRANITESHARES 2X LONG VRT DAILY ETF,GraniteShares ETF Trust,underlier_name,VRT US,VRT,HIGH
VRTL US,GRANITESHARES 2X LONG VRT DAILY ETF,GraniteShares ETF Trust,mechanism,physical,swap,HIGH
VSDA US,VICTORYSHARES DIVIDEND ACCELERATOR ETF,Victory Portfolios II,primary_strategy,Plain Beta,Defined Outcome,MEDIUM
VSDA US,VICTORYSHARES DIVIDEND ACCELERATOR ETF,Victory Portfolios II,sub_strategy,Broad,Growth,MEDIUM
VSDA US,VICTORYSHARES DIVIDEND ACCELERATOR ETF,Victory Portfolios II,mechanism,physical,options,HIGH
VSDB US,VANGUARD SHORT DURATION BOND ETF,Vanguard Malvern Funds,mechanism,physical,options,MEDIUM
VSMV US,VICTORYSHARES US MULTI-FACTOR MINIMUM VOLATILITY ETF,Victory Portfolios II,sub_strategy,Style,Broad,LOW
VSTL US,DEFIANCE DAILY TARGET 2X LONG VST ETF,Tidal Trust II,underlier_name,VST US,VST,HIGH
VSTL US,DEFIANCE DAILY TARGET 2X LONG VST ETF,Tidal Trust II,mechanism,physical,swap,HIGH
VXAL US,ETRACS 2XLEVERAGED 1-MONTH S&P 500 VIX FUTURES ETN,ETRACS ETNs/UBS AG/London/USA,primary_strategy,Plain Beta,L&I,HIGH
VXAL US,ETRACS 2XLEVERAGED 1-MONTH S&P 500 VIX FUTURES ETN,ETRACS ETNs/UBS AG/London/USA,sub_strategy,VIX,Long,HIGH
VXAL US,ETRACS 2XLEVERAGED 1-MONTH S&P 500 VIX FUTURES ETN,ETRACS ETNs/UBS AG/London/USA,mechanism,futures,swap,MEDIUM
VXBL US,ETRACS 2XLEVERAGED 2-MONTH S&P 500 VIX FUTURES ETN,ETRACS ETNs/UBS AG/London/USA,primary_strategy,Plain Beta,L&I,HIGH
VXBL US,ETRACS 2XLEVERAGED 2-MONTH S&P 500 VIX FUTURES ETN,ETRACS ETNs/UBS AG/London/USA,sub_strategy,VIX,Long,HIGH
VXBL US,ETRACS 2XLEVERAGED 2-MONTH S&P 500 VIX FUTURES ETN,ETRACS ETNs/UBS AG/London/USA,mechanism,futures,swap,MEDIUM
VXCL US,ETRACS 2XLEVERAGED 3-MONTH S&P 500 VIX FUTURES ETN,ETRACS ETNs/UBS AG/London/USA,primary_strategy,Plain Beta,L&I,HIGH
VXCL US,ETRACS 2XLEVERAGED 3-MONTH S&P 500 VIX FUTURES ETN,ETRACS ETNs/UBS AG/London/USA,sub_strategy,VIX,Long,HIGH
VXCL US,ETRACS 2XLEVERAGED 3-MONTH S&P 500 VIX FUTURES ETN,ETRACS ETNs/UBS AG/London/USA,mechanism,futures,swap,MEDIUM
VXDL US,ETRACS 2XLEVERAGED 4-MONTH S&P 500 VIX FUTURES ETN,ETRACS ETNs/UBS AG/London/USA,primary_strategy,Plain Beta,L&I,HIGH
VXDL US,ETRACS 2XLEVERAGED 4-MONTH S&P 500 VIX FUTURES ETN,ETRACS ETNs/UBS AG/London/USA,sub_strategy,VIX,Long,HIGH
VXDL US,ETRACS 2XLEVERAGED 4-MONTH S&P 500 VIX FUTURES ETN,ETRACS ETNs/UBS AG/London/USA,mechanism,futures,swap,MEDIUM
VXFL US,ETRACS 2XLEVERAGED 6-MONTH S&P 500 VIX FUTURES ETN,ETRACS ETNs/UBS AG/London/USA,primary_strategy,Plain Beta,L&I,HIGH
VXFL US,ETRACS 2XLEVERAGED 6-MONTH S&P 500 VIX FUTURES ETN,ETRACS ETNs/UBS AG/London/USA,sub_strategy,VIX,Long,HIGH
VXFL US,ETRACS 2XLEVERAGED 6-MONTH S&P 500 VIX FUTURES ETN,ETRACS ETNs/UBS AG/London/USA,mechanism,futures,swap,MEDIUM
VXX US,IPATH SERIES B S&P 500 VIX SHORT-TERM FUTURES ETN,Barclays Bank PLC,sub_strategy,VIX,Broad,HIGH
VXX US,IPATH SERIES B S&P 500 VIX SHORT-TERM FUTURES ETN,Barclays Bank PLC,mechanism,futures,options,MEDIUM
VXZ US,IPATH SERIES B S&P 500 VIX MID-TERM FUTURES ETN,Barclays Bank PLC,sub_strategy,VIX,Broad,HIGH
VXZ US,IPATH SERIES B S&P 500 VIX MID-TERM FUTURES ETN,Barclays Bank PLC,mechanism,futures,options,MEDIUM
VYLD US,INVERSE VIX SHORT-TERM FUTURES ETNS DUE MARCH 22 2045,JP Morgan ETNs/USA,asset_class,Equity,Volatility,HIGH
VYLD US,INVERSE VIX SHORT-TERM FUTURES ETNS DUE MARCH 22 2045,JP Morgan ETNs/USA,concentration,single,basket,MEDIUM
VYLD US,INVERSE VIX SHORT-TERM FUTURES ETNS DUE MARCH 22 2045,JP Morgan ETNs/USA,mechanism,physical,swap,MEDIUM
VYM US,VANGUARD HIGH DIVIDEND YIELD ETF,Vanguard Whitehall Funds,sub_strategy,Style,Broad,LOW
VYMI US,VANGUARD INTERNATIONAL HIGH DIVIDEND YIELD ETF,Vanguard Whitehall Funds,sub_strategy,Style,Broad,MEDIUM
WABF US,WESTERN ASSET BOND ETF,Franklin Templeton ETF Trust,mechanism,physical,swap,HIGH
WAMA US,WISDOMTREE US ADAPTIVE MOVING AVERAGE FUND,WisdomTree ETFs/USA,sub_strategy,Allocation,Broad,HIGH
WANT US,DIREXION DAILY CONSUMER DISCRETIONARY BULL 3X ETF,Direxion ETFs/USA,mechanism,physical,swap,HIGH
WBIQ US,WBI BULLBEAR TREND SWITCH US 1000 TOTAL RETURN ETF,WBI ETFs/USA,sub_strategy,Allocation,Broad,HIGH
WBIS US,WBI BULLBEAR TREND SWITCH US 2000 TOTAL RETURN ETF,WBI ETFs/USA,sub_strategy,Allocation,Broad,HIGH
WBIY US,WBI POWER FACTOR HIGH DIVIDEND ETF,WBI ETFs/USA,sub_strategy,Style,Broad,LOW
WCEO US,HYPATIA WOMEN CEO ETF,Two Roads Shared Trust/Hypatia,sub_strategy,Thematic,Broad,LOW
WDAF US,WISDOMTREE ASIA DEFENSE FUND,WisdomTree ETFs/USA,sub_strategy,Thematic,Broad,LOW
WDCX US,TRADR 2X LONG WDC DAILY ETF,Investment Managers Series Tru,mechanism,physical,swap,HIGH
WDEF US,WISDOMTREE EUROPE DEFENSE FUND,WisdomTree ETFs/USA,sub_strategy,Thematic,Broad,MEDIUM
WDGF US,WISDOMTREE GLOBAL DEFENSE FUND,WisdomTree ETFs/USA,sub_strategy,Thematic,Broad,MEDIUM
WDNA US,WISDOMTREE BIOREVOLUTION FUND,WisdomTree ETFs/USA,sub_strategy,Thematic,Broad,LOW
WDTE US,DEFIANCE S&P 500 WEEKLY DISTRIBUTION ETF,ETF Series Solutions,mechanism,physical,options,HIGH
WEAT US,TEUCRIUM WHEAT FUND,Teucrium Commodity Trust,mechanism,physical,options,MEDIUM
WEBL US,DIREXION DAILY DOW JONES INTERNET BULL 3X ETF,Direxion ETFs/USA,mechanism,physical,swap,HIGH
WEBS US,DIREXION DAILY DOW JONES INTERNET BEAR 3X ETF,Direxion ETFs/USA,mechanism,physical,swap,HIGH
WEED US,ROUNDHILL CANNABIS ETF,Listed Funds Trust,mechanism,physical,swap,HIGH
WEEI US,WESTWOOD SALIENT ENHANCED ENERGY INCOME ETF,Ultimus Managers Trust/Westwoo,sub_strategy,Broad,Sector,MEDIUM
WEEI US,WESTWOOD SALIENT ENHANCED ENERGY INCOME ETF,Ultimus Managers Trust/Westwoo,mechanism,physical,options,MEDIUM
WEEL US,PEERLESS OPTION INCOME WHEEL ETF,Tidal Trust II,mechanism,physical,options,HIGH
WEPN US,NICHOLAS DEFENSE AND RARE EARTH INCOME ETF,Tidal Trust II,sub_strategy,Thematic,Broad,LOW
WGMI US,COINSHARES BITCOIN MINING ETF,Valkyrie ETF Trust II,asset_class,Equity,Crypto,HIGH
WGMI US,COINSHARES BITCOIN MINING ETF,Valkyrie ETF Trust II,concentration,single,basket,MEDIUM
WLDU US,LEVERAGE SHARES 2X LONG WORLD STOCK DAILY ETF,Themes ETF Trust,mechanism,physical,swap,HIGH
WMTI US,REX WMT GROWTH & INCOME ETF,REX ETF Trust,primary_strategy,Income,L&I,HIGH
WMTI US,REX WMT GROWTH & INCOME ETF,REX ETF Trust,sub_strategy,Derivative Income > Covered Call,Long,HIGH
WMTI US,REX WMT GROWTH & INCOME ETF,REX ETF Trust,underlier_name,WMT US,WMT,HIGH
WMTI US,REX WMT GROWTH & INCOME ETF,REX ETF Trust,mechanism,physical,swap,MEDIUM
WNTR US,YIELDMAX MSTR SHORT OPTION INCOME STRATEGY ETF,Tidal Trust II,underlier_name,MSTR US,MSTR,HIGH
WNTR US,YIELDMAX MSTR SHORT OPTION INCOME STRATEGY ETF,Tidal Trust II,mechanism,physical,options,HIGH
WOMN US,IMPACT SHARES WOMEN'S EMPOWERMENT ETF,Tidal Trust III,sub_strategy,Thematic,Broad,LOW
WOOD US,ISHARES GLOBAL TIMBER & FORESTRY ETF,iShares Trust,sub_strategy,Thematic,Broad,MEDIUM
TOPW US,ROUNDHILL TOP WEEKLYPAY ETF,Roundhill ETF Trust,asset_class,Equity,Multi-Asset,HIGH
TOPW US,ROUNDHILL TOP WEEKLYPAY ETF,Roundhill ETF Trust,sub_strategy,Derivative Income > 0DTE / Weekly-Pay,Derivative Income > 0DTE / Weekly,HIGH
TOPW US,ROUNDHILL TOP WEEKLYPAY ETF,Roundhill ETF Trust,mechanism,physical,options,HIGH
WTIB US,USCF OIL PLUS BITCOIN STRATEGY FUND,United States Commodities ETFs,sub_strategy,Short,Long,HIGH
WTIB US,USCF OIL PLUS BITCOIN STRATEGY FUND,United States Commodities ETFs,direction,short,neutral,HIGH
WTIB US,USCF OIL PLUS BITCOIN STRATEGY FUND,United States Commodities ETFs,mechanism,physical,swap,MEDIUM
WTID US,MICROSECTORS ENERGY -3X INVERSE LEVERAGED ETN,BMO ETNs/United States,concentration,single,basket,MEDIUM
WTID US,MICROSECTORS ENERGY -3X INVERSE LEVERAGED ETN,BMO ETNs/United States,mechanism,physical,swap,MEDIUM
WTIP US,WISDOMTREE INFLATION PLUS FUND,WisdomTree ETFs/USA,sub_strategy,Single-Access,Broad,HIGH
WTIP US,WISDOMTREE INFLATION PLUS FUND,WisdomTree ETFs/USA,concentration,single,basket,MEDIUM
WTIU US,MICROSECTORS ENERGY 3X LEVERAGED ETN,BMO ETNs/United States,direction,long,neutral,HIGH
WTIU US,MICROSECTORS ENERGY 3X LEVERAGED ETN,BMO ETNs/United States,concentration,single,basket,MEDIUM
WTIU US,MICROSECTORS ENERGY 3X LEVERAGED ETN,BMO ETNs/United States,mechanism,physical,swap,MEDIUM
WTMF US,WISDOMTREE MANAGED FUTURES STRATEGY FUND,WisdomTree ETFs/USA,primary_strategy,Risk Mgmt,Plain Beta,MEDIUM
WTMF US,WISDOMTREE MANAGED FUTURES STRATEGY FUND,WisdomTree ETFs/USA,sub_strategy,Trend / Managed Futures,Single-Access,MEDIUM
WTMF US,WISDOMTREE MANAGED FUTURES STRATEGY FUND,WisdomTree ETFs/USA,mechanism,physical,futures,HIGH
WTPI US,WISDOMTREE EQUITY PREMIUM INCOME,WisdomTree ETFs/USA,asset_class,Equity,Multi-Asset,HIGH
WTPI US,WISDOMTREE EQUITY PREMIUM INCOME,WisdomTree ETFs/USA,mechanism,physical,options,HIGH
WTRE US,WISDOMTREE NEW ECONOMY REAL ES,WisdomTree ETFs/USA,sub_strategy,Broad,Sector,MEDIUM
WUGI US,AXS ESOTERICA NEXTG ECONOMY ETF,Investment Managers Series Tru,sub_strategy,Thematic,Sector,MEDIUM
WULX US,TRADR 2X LONG WULF DAILY ETF,Investment Managers Series Tru,underlier_name,WULF US,WULF,HIGH
WULX US,TRADR 2X LONG WULF DAILY ETF,Investment Managers Series Tru,mechanism,physical,swap,HIGH
WXET US,TEUCRIUM 2X DAILY WHEAT ETF,Listed Funds Trust/Teucrium In,direction,long,neutral,HIGH
WXET US,TEUCRIUM 2X DAILY WHEAT ETF,Listed Funds Trust/Teucrium In,mechanism,physical,swap,HIGH
XAPR US,FT VEST US EQUITY ENHANCE & MODERATE BUFFER ETF - APRIL,First Trust Exchange-Traded Fu,sub_strategy,Growth,Buffer,HIGH
XAPR US,FT VEST US EQUITY ENHANCE & MODERATE BUFFER ETF - APRIL,First Trust Exchange-Traded Fu,mechanism,physical,options,HIGH
XAR US,STATE STREET SPDR S&P AEROSPACE & DEFENSE ETF,SPDR Series Trust,sub_strategy,Thematic,Broad,LOW
XAUG US,FT VEST US EQUITY ENHANCE & MODERATE BUFFER ETF - AUGUST,First Trust Exchange-Traded Fu,mechanism,physical,options,HIGH
XBAP US,INNOVATOR US EQUITY ACCELERATED 9 BUFFER ETF - APRIL,Innovator ETF Trust,sub_strategy,Growth,Buffer,HIGH
XBAP US,INNOVATOR US EQUITY ACCELERATED 9 BUFFER ETF - APRIL,Innovator ETF Trust,mechanism,physical,options,HIGH
XBCI US,NEOS BOOSTED BITCOIN HIGH INCOME ETF,Neos ETF Trust,primary_strategy,Income,L&I,HIGH
XBCI US,NEOS BOOSTED BITCOIN HIGH INCOME ETF,Neos ETF Trust,sub_strategy,Derivative Income > Covered Call,Long,HIGH
XBCI US,NEOS BOOSTED BITCOIN HIGH INCOME ETF,Neos ETF Trust,mechanism,physical,swap,MEDIUM
XBFR US,INNOVATOR EQUITY MANAGED 10 BUFFER ETF,Innovator ETF Trust,mechanism,physical,options,HIGH
XBI US,STATE STREET SPDR S&P BIOTECH ETF,SPDR Series Trust,sub_strategy,Broad,Sector,MEDIUM
XBJA US,INNOVATOR US EQUITY ACCELERATED 9 BUFFER ETF - JANUARY,Innovator ETF Trust,sub_strategy,Growth,Buffer,HIGH
XBJA US,INNOVATOR US EQUITY ACCELERATED 9 BUFFER ETF - JANUARY,Innovator ETF Trust,mechanism,physical,options,HIGH
XBJL US,INNOVATOR U.S. EQUITY ACCELERATED 9 BUFFER ETF - JULY,Innovator ETF Trust,sub_strategy,Growth,Buffer,HIGH
XBJL US,INNOVATOR U.S. EQUITY ACCELERATED 9 BUFFER ETF - JULY,Innovator ETF Trust,mechanism,physical,options,HIGH
XBNB US,TEUCRIUM XETFS 2X LONG DAILY BNB ETF,Listed Funds Trust/Teucrium In,primary_strategy,Plain Beta,L&I,HIGH
XBNB US,TEUCRIUM XETFS 2X LONG DAILY BNB ETF,Listed Funds Trust/Teucrium In,sub_strategy,Single-Access,Long,HIGH
XBNB US,TEUCRIUM XETFS 2X LONG DAILY BNB ETF,Listed Funds Trust/Teucrium In,mechanism,physical,swap,HIGH
XBOC US,INNOVATOR US EQUITY ACCELERATED 9 BUFFER ETF-OCTOBER,Innovator ETF Trust,sub_strategy,Growth,Buffer,HIGH
XBOC US,INNOVATOR US EQUITY ACCELERATED 9 BUFFER ETF-OCTOBER,Innovator ETF Trust,mechanism,physical,options,HIGH
XBOX US,ROUNDHILL ULTRA SHORT DURATION NO DIVIDEND TARGET ETF,Roundhill ETF Trust,primary_strategy,Risk Mgmt,Plain Beta,HIGH
XBOX US,ROUNDHILL ULTRA SHORT DURATION NO DIVIDEND TARGET ETF,Roundhill ETF Trust,sub_strategy,Alternatives,Broad,HIGH
XBOX US,ROUNDHILL ULTRA SHORT DURATION NO DIVIDEND TARGET ETF,Roundhill ETF Trust,mechanism,physical,options,MEDIUM
XBTY US,GRANITESHARES YIELDBOOST BITCOIN ETF,GraniteShares ETF Trust,primary_strategy,Income,Plain Beta,HIGH
XBTY US,GRANITESHARES YIELDBOOST BITCOIN ETF,GraniteShares ETF Trust,sub_strategy,Derivative Income > Covered Call,Single-Access,HIGH
XBTY US,GRANITESHARES YIELDBOOST BITCOIN ETF,GraniteShares ETF Trust,underlier_name,BITX US,Bitcoin,HIGH
XBTY US,GRANITESHARES YIELDBOOST BITCOIN ETF,GraniteShares ETF Trust,mechanism,physical,options,MEDIUM
XCLR US,GLOBAL X S&P 500 COLLAR 95-110 ETF,Global X ETFs/USA,primary_strategy,Income,Plain Beta,MEDIUM
XCLR US,GLOBAL X S&P 500 COLLAR 95-110 ETF,Global X ETFs/USA,sub_strategy,Derivative Income > Covered Call,Broad,MEDIUM
XDAT US,FRANKLIN EXPONENTIAL DATA ETF,Franklin Templeton ETF Trust,sub_strategy,Thematic,Sector,MEDIUM
XDEC US,FT VEST US EQUITY ENHANCE & MODERATE BUFFER ETF - DECEMBER,First Trust Exchange-Traded Fu,sub_strategy,Growth,Buffer,HIGH
XDEC US,FT VEST US EQUITY ENHANCE & MODERATE BUFFER ETF - DECEMBER,First Trust Exchange-Traded Fu,mechanism,physical,options,HIGH
XDQQ US,INNOVATOR GROWTH-100 ACCELERATED ETF-QUARTERLY,Innovator ETF Trust,mechanism,physical,options,HIGH
XDSQ US,INNOVATOR US EQUITY ACCELERATED ETF - QUARTERLY,Innovator ETF Trust,mechanism,physical,options,HIGH
XDTE US,ROUNDHILL S&P 500 0DTE COVERED CALL STRATEGY ETF,Roundhill ETF Trust,mechanism,physical,options,HIGH
XES US,STATE STREET SPDR S&P OIL & GAS EQUIPMENT & SERVICES ETF,SPDR Series Trust,asset_class,Commodity,Equity,HIGH
XES US,STATE STREET SPDR S&P OIL & GAS EQUIPMENT & SERVICES ETF,SPDR Series Trust,sub_strategy,Broad,Sector,MEDIUM
XFEB US,FT VEST US EQUITY ENHANCE & MODERATE BUFFER ETF - FEBRUARY,First Trust Exchange-Traded Fu,sub_strategy,Growth,Buffer,HIGH
XFEB US,FT VEST US EQUITY ENHANCE & MODERATE BUFFER ETF - FEBRUARY,First Trust Exchange-Traded Fu,mechanism,physical,options,HIGH
XFLX US,FUNDX FLEXIBLE ETF,FundX Investment Trust,sub_strategy,Allocation,Broad,HIGH
XHB US,STATE STREET SPDR S&P HOMEBUILDERS ETF,SPDR Series Trust,sub_strategy,Thematic,Broad,LOW
XHE US,STATE STREET SPDR S&P HEALTH CARE EQUIPMENT ETF,SPDR Series Trust,sub_strategy,Broad,Sector,MEDIUM
XHS US,STATE STREET SPDR S&P HEALTH CARE SERVICES ETF,SPDR Series Trust,sub_strategy,Broad,Sector,MEDIUM
XIDE US,FT VEST US EQUITY BUFFER & PREMIUM INCOME ETF - DECEMBER,First Trust Exchange-Traded Fu,mechanism,physical,options,HIGH
XIJN US,FT VEST US EQUITY BUFFER & PREMIUM INCOME ETF - JUNE,First Trust Exchange-Traded Fu,mechanism,physical,options,HIGH
XIMR US,FT VEST US EQUITY BUFFER & PREMIUM INCOME ETF - MARCH,First Trust Exchange-Traded Fu,mechanism,physical,options,HIGH
XISE US,FT VEST US EQUITY BUFFER & PREMIUM INCOME ETF - SEPTEMBER,First Trust Exchange-Traded Fu,mechanism,physical,options,HIGH
XITK US,STATE STREET SPDR FACTSET INNOVATIVE TECHNOLOGY ETF,SPDR Series Trust,sub_strategy,Thematic,Sector,MEDIUM
XJAN US,FT VEST US EQUITY ENHANCE & MODERATE BUFFER ETF - JANUARY,First Trust Exchange-Traded Fu,sub_strategy,Growth,Buffer,HIGH
XJAN US,FT VEST US EQUITY ENHANCE & MODERATE BUFFER ETF - JANUARY,First Trust Exchange-Traded Fu,mechanism,physical,options,HIGH
XJUL US,FT VEST US EQUITY ENHANCE & MODERATE BUFFER ETF - JULY,First Trust Exchange-Traded Fu,mechanism,physical,options,HIGH
XJUN US,FT VEST US EQUITY ENHANCE & MODERATE BUFFER ETF - JUNE,First Trust Exchange-Traded Fu,mechanism,physical,options,HIGH
XLBI US,STATE STREET MATERIALS SELECT SECTOR SPDR PREMIUM INCOME ETF,Select Sector SPDR Trust/The,mechanism,physical,options,HIGH
XLCI US,STATE STREET COMMUNICATION SERVICES SELECT SECTOR SPDR PREMIUM INCOME ETF,Select Sector SPDR Trust/The,mechanism,physical,options,HIGH
XLEI US,STATE STREET ENERGY SELECT SECTOR SPDR PREMIUM INCOME ETF,Select Sector SPDR Trust/The,mechanism,physical,options,HIGH
XLFI US,STATE STREET FINANCIAL SELECT SECTOR SPDR PREMIUM INCOME ETF,Select Sector SPDR Trust/The,mechanism,physical,options,HIGH
XLII US,STATE STREET INDUSTRIAL SELECT SECTOR SPDR PREMIUM INCOME ETF,Select Sector SPDR Trust/The,mechanism,physical,options,HIGH
XLKI US,STATE STREET TECHNOLOGY SELECT SECTOR SPDR PREMIUM INCOME ETF,Select Sector SPDR Trust/The,mechanism,physical,options,HIGH
XLP US,STATE STREET CONSUMER STAPLES SELECT SECTOR SPDR ETF,Select Sector SPDR Trust/The,sub_strategy,Sector,Broad,LOW
XLRI US,STATE STREET REAL ESTATE SELECT SECTOR SPDR PREMIUM INCOME ETF,Select Sector SPDR Trust/The,mechanism,physical,options,HIGH
XLSI US,STATE STREET CONSUMER STAPLES SELECT SECTOR SPDR PREMIUM INCOME ETF,Select Sector SPDR Trust/The,mechanism,physical,options,HIGH
XLSR US,STATE STREET US SECTOR ROTATION ETF,SSGA Active Trust,sub_strategy,Sector,Broad,LOW
XLUI US,STATE STREET UTILITIES SELECT SECTOR SPDR PREMIUM INCOME ETF,Select Sector SPDR Trust/The,mechanism,physical,options,HIGH
XLVI US,STATE STREET HEALTH CARE SELECT SECTOR SPDR PREMIUM INCOME ETF,Select Sector SPDR Trust/The,mechanism,physical,options,HIGH
XLY US,STATE STREET CONSUMER DISCRETIONARY SELECT SECTOR SPDR ETF,Select Sector SPDR Trust/The,sub_strategy,Sector,Broad,LOW
XLYI US,STATE STREET CONSUMER DISCRETIONARY SELECT SECTOR SPDR PREMIUM INCOME ETF,Select Sector SPDR Trust/The,mechanism,physical,options,HIGH
XMAG US,DEFIANCE LARGE CAP EX-MAG 7 ETF,Tidal Trust II,mechanism,physical,options,MEDIUM
XMAR US,FT VEST US EQUITY ENHANCE & MODERATE BUFFER ETF - MARCH,First Trust Exchange-Traded Fu,sub_strategy,Growth,Buffer,HIGH
XMAR US,FT VEST US EQUITY ENHANCE & MODERATE BUFFER ETF - MARCH,First Trust Exchange-Traded Fu,mechanism,physical,options,HIGH
XMAY US,FT VEST US EQUITY ENHANCE & MODERATE BUFFER ETF - MAY,First Trust Exchange-Traded Fu,mechanism,physical,options,HIGH
XME US,STATE STREET SPDR S&P METALS & MINING ETF,SPDR Series Trust,asset_class,Commodity,Equity,HIGH
XME US,STATE STREET SPDR S&P METALS & MINING ETF,SPDR Series Trust,sub_strategy,Broad,Sector,MEDIUM
XMLV US,INVESCO S&P MIDCAP LOW VOLATILITY ETF,Invesco Exchange-Traded Fund T,sub_strategy,Style,Broad,LOW
XNOV US,FT VEST US EQUITY ENHANCE & MODERATE BUFFER ETF - NOVEMBER,First Trust Exchange-Traded Fu,mechanism,physical,options,HIGH
XNTK US,STATE STREET SPDR NYSE TECHNOLOGY ETF,SPDR Series Trust,sub_strategy,Broad,Sector,MEDIUM
XOCT US,FT VEST US EQUITY ENHANCE & MODERATE BUFFER ETF - OCTOBER,First Trust Exchange-Traded Fu,mechanism,physical,options,HIGH
XOMO US,YIELDMAX XOM OPTION INCOME STRATEGY ETF,Tidal Trust II,underlier_name,XOM US,XOM,HIGH
XOMO US,YIELDMAX XOM OPTION INCOME STRATEGY ETF,Tidal Trust II,mechanism,physical,options,HIGH
XOMX US,DIREXION DAILY XOM BULL 2X ETF,Direxion ETFs/USA,underlier_name,XOM US,XOM,HIGH
XOMX US,DIREXION DAILY XOM BULL 2X ETF,Direxion ETFs/USA,mechanism,physical,swap,HIGH
XOMY US,KURV YIELD PREMIUM STRATEGY EXXONMOBIL XOM ETF,Neos ETF Trust,asset_class,Volatility,Multi-Asset,HIGH
XOMY US,KURV YIELD PREMIUM STRATEGY EXXONMOBIL XOM ETF,Neos ETF Trust,primary_strategy,Plain Beta,Income,MEDIUM
XOMY US,KURV YIELD PREMIUM STRATEGY EXXONMOBIL XOM ETF,Neos ETF Trust,sub_strategy,VIX,Derivative Income > Covered Call,MEDIUM
XOMY US,KURV YIELD PREMIUM STRATEGY EXXONMOBIL XOM ETF,Neos ETF Trust,mechanism,futures,options,HIGH
XOP US,STATE STREET SPDR S&P OIL & GAS EXPLORATION & PRODUCTION ETF,SPDR Series Trust,asset_class,Commodity,Equity,HIGH
XOP US,STATE STREET SPDR S&P OIL & GAS EXPLORATION & PRODUCTION ETF,SPDR Series Trust,sub_strategy,Broad,Sector,MEDIUM
XOVR US,ERSHARES PRIVATE-PUBLIC CROSSOVER ETF,EntrepreneurShares Series Trus,sub_strategy,Thematic,Broad,LOW
XPAY US,ROUNDHILL S&P 500 TARGET 20 MANAGED DISTRIBUTION ETF,Roundhill ETF Trust,mechanism,physical,options,MEDIUM
XPEG US,LEVERAGE SHARES 2X LONG XPEV DAILY ETF,Themes ETF Trust,mechanism,physical,swap,HIGH
XPND US,FIRST TRUST EXPANDED TECHNOLOGY ETF,First Trust Exchange-Traded Fu,sub_strategy,Thematic,Sector,MEDIUM
XPP US,PROSHARES ULTRA FTSE CHINA 50,ProShares Trust,direction,long,neutral,HIGH
XPP US,PROSHARES ULTRA FTSE CHINA 50,ProShares Trust,mechanism,physical,swap,HIGH
XQQI US,NEOS BOOSTED NASDAQ-100 HIGH INCOME ETF,Neos ETF Trust,primary_strategy,Income,L&I,HIGH
XQQI US,NEOS BOOSTED NASDAQ-100 HIGH INCOME ETF,Neos ETF Trust,sub_strategy,Derivative Income > Covered Call,Long,HIGH
XQQI US,NEOS BOOSTED NASDAQ-100 HIGH INCOME ETF,Neos ETF Trust,mechanism,physical,swap,MEDIUM
XRLX US,FUNDX CONSERVATIVE ETF,FundX Investment Trust,sub_strategy,Allocation,Broad,HIGH
XRMI US,GLOBAL X S&P 500 RISK MANAGED INCOME ETF,Global X ETFs/USA,primary_strategy,Risk Mgmt,Plain Beta,MEDIUM
XRMI US,GLOBAL X S&P 500 RISK MANAGED INCOME ETF,Global X ETFs/USA,sub_strategy,Risk-Adaptive,Broad,MEDIUM
XRPI US,XRP ETF,Volatility Shares Trust,mechanism,physical,options,MEDIUM
XRPL US,COINSHARES XRP ETF,Valkyrie ETF Trust II,primary_strategy,L&I,Plain Beta,HIGH
XRPL US,COINSHARES XRP ETF,Valkyrie ETF Trust II,sub_strategy,Long,Single-Access,HIGH
XRPL US,COINSHARES XRP ETF,Valkyrie ETF Trust II,mechanism,swap,physical,MEDIUM
XRPM US,AMPLIFY XRP 3% MONTHLY OPTION INCOME ETF,Amplify ETF Trust,primary_strategy,Income,Plain Beta,HIGH
XRPM US,AMPLIFY XRP 3% MONTHLY OPTION INCOME ETF,Amplify ETF Trust,sub_strategy,Derivative Income > Covered Call,Single-Access,HIGH
XRPM US,AMPLIFY XRP 3% MONTHLY OPTION INCOME ETF,Amplify ETF Trust,mechanism,physical,options,MEDIUM
XRPT US,2X XRP ETF,Volatility Shares Trust,direction,long,neutral,HIGH
XRPT US,2X XRP ETF,Volatility Shares Trust,underlier_name,XRPUSD Curncy,XRP,HIGH
XRPT US,2X XRP ETF,Volatility Shares Trust,mechanism,physical,swap,MEDIUM
XRT US,STATE STREET SPDR S&P RETAIL ETF,SPDR Series Trust,sub_strategy,Broad,Sector,MEDIUM
XSD US,STATE STREET SPDR S&P SEMICONDUCTOR ETF,SPDR Series Trust,sub_strategy,Broad,Sector,MEDIUM
XSEP US,FT VEST U.S. EQUITY ENHANCE & MODERATE BUFFER ETF - SEPTEMBER,First Trust Exchange-Traded Fu,mechanism,physical,options,HIGH
XSHD US,INVESCO S&P SMALLCAP HIGH DIVIDEND LOW VOLATILITY ETF,Invesco Exchange-Traded Fund T,asset_class,Volatility,Equity,HIGH
XSHD US,INVESCO S&P SMALLCAP HIGH DIVIDEND LOW VOLATILITY ETF,Invesco Exchange-Traded Fund T,sub_strategy,Style,Broad,LOW
XSHQ US,INVESCO S&P SMALLCAP QUALITY ETF,Invesco Exchange-Traded Fund T,sub_strategy,Style,Sector,MEDIUM
XSLV US,INVESCO S&P SMALLCAP LOW VOLATILITY ETF,Invesco Exchange-Traded Fund T,sub_strategy,Style,Broad,LOW
XSPI US,NEOS BOOSTED S&P 500 HIGH INCOME ETF,Neos ETF Trust,primary_strategy,Income,L&I,HIGH
XSPI US,NEOS BOOSTED S&P 500 HIGH INCOME ETF,Neos ETF Trust,sub_strategy,Derivative Income > Covered Call,Long,HIGH
XSPI US,NEOS BOOSTED S&P 500 HIGH INCOME ETF,Neos ETF Trust,mechanism,physical,swap,MEDIUM
XSW US,STATE STREET SPDR S&P SOFTWARE & SERVICES ETF,SPDR Series Trust,sub_strategy,Thematic,Sector,MEDIUM
XTAP US,INNOVATOR US EQUITY ACCELERATED PLUS ETF-APRIL,Innovator ETF Trust,mechanism,physical,options,HIGH
XTJA US,INNOVATOR US EQUITY ACCELERATED PLUS ETF - JANUARY,Innovator ETF Trust,mechanism,physical,options,HIGH
XTJL US,INNOVATOR U.S. EQUITY ACCELERATED PLUS ETF - JULY,Innovator ETF Trust,mechanism,physical,options,HIGH
XTL US,STATE STREET SPDR S&P TELECOM ETF,SPDR Series Trust,sub_strategy,Thematic,Sector,MEDIUM
XTOC US,INNOVATOR US EQUITY ACCELERATED PLUS ETF-OCTOBER,Innovator ETF Trust,mechanism,physical,options,HIGH
XTR US,GLOBAL X S&P 500 TAIL RISK ETF,Global X ETFs/USA,sub_strategy,Tail Risk,Risk-Adaptive,HIGH
XTWO US,BONDBLOXX BLOOMBERG TWO YEAR TARGET DURATION US TREASURY ETF,BondBloxx ETF Trust,mechanism,physical,swap,HIGH
XUSP US,INNOVATOR UNCAPPED ACCELERATED US EQUITY ETF,Innovator ETF Trust,primary_strategy,Defined Outcome,Plain Beta,LOW
XUSP US,INNOVATOR UNCAPPED ACCELERATED US EQUITY ETF,Innovator ETF Trust,sub_strategy,Buffer,Broad,LOW
XUSP US,INNOVATOR UNCAPPED ACCELERATED US EQUITY ETF,Innovator ETF Trust,mechanism,physical,options,MEDIUM
XV US,SIMPLIFY TARGET 15 DISTRIBUTION ETF,Simplify Exchange Traded Funds,primary_strategy,Plain Beta,Income,LOW
XV US,SIMPLIFY TARGET 15 DISTRIBUTION ETF,Simplify Exchange Traded Funds,sub_strategy,Broad,Derivative Income > Covered Call,LOW
XV US,SIMPLIFY TARGET 15 DISTRIBUTION ETF,Simplify Exchange Traded Funds,mechanism,physical,options,HIGH
XXRP US,TEUCRIUM 2X LONG DAILY XRP ETF,Listed Funds Trust/Teucrium In,underlier_name,XRPUSD Curncy,XRP,HIGH
XXRP US,TEUCRIUM 2X LONG DAILY XRP ETF,Listed Funds Trust/Teucrium In,mechanism,physical,swap,HIGH
XXX US,CYBER HORNET S&P 500 AND XRP 75/25 STRATEGY ETF,Cyber Hornet Trust,asset_class,Equity,Crypto,HIGH
XXX US,CYBER HORNET S&P 500 AND XRP 75/25 STRATEGY ETF,Cyber Hornet Trust,underlier_name,crypto + traditional asset,XRP,MEDIUM
XXX US,CYBER HORNET S&P 500 AND XRP 75/25 STRATEGY ETF,Cyber Hornet Trust,concentration,single,basket,MEDIUM
XYLD US,GLOBAL X S&P 500 COVERED CALL ETF,Global X ETFs/USA,mechanism,physical,options,HIGH
XYLG US,GLOBAL X S&P 500 COVERED CALL & GROWTH ETF,Global X ETFs/USA,mechanism,physical,options,HIGH
XYZG US,LEVERAGE SHARES 2X LONG XYZ DAILY ETF,Themes ETF Trust,underlier_name,XYZ US,XYZ,HIGH
XYZG US,LEVERAGE SHARES 2X LONG XYZ DAILY ETF,Themes ETF Trust,mechanism,physical,swap,HIGH
XYZY US,YIELDMAX XYZ OPTION INCOME STRATEGY ETF,Tidal Trust II,underlier_name,SQ US,XYZ,HIGH
XYZY US,YIELDMAX XYZ OPTION INCOME STRATEGY ETF,Tidal Trust II,mechanism,physical,options,HIGH
YANG US,DIREXION DAILY FTSE CHINA BEAR 3X ETF,Direxion ETFs/USA,mechanism,physical,swap,HIGH
YBIT US,YIELDMAX BITCOIN OPTION INCOME STRATEGY ETF,Tidal Trust II,primary_strategy,Income,Plain Beta,HIGH
YBIT US,YIELDMAX BITCOIN OPTION INCOME STRATEGY ETF,Tidal Trust II,sub_strategy,Derivative Income > Covered Call,Single-Access,HIGH
YBIT US,YIELDMAX BITCOIN OPTION INCOME STRATEGY ETF,Tidal Trust II,underlier_name,IBIT US,Bitcoin,HIGH
YBIT US,YIELDMAX BITCOIN OPTION INCOME STRATEGY ETF,Tidal Trust II,mechanism,physical,options,MEDIUM
YBMN US,DEFIANCE BMNR OPTION INCOME ETF,ETF Series Solutions/Defiance,concentration,single,basket,MEDIUM
YBMN US,DEFIANCE BMNR OPTION INCOME ETF,ETF Series Solutions/Defiance,mechanism,physical,options,HIGH
YBST US,GRANITESHARES YIELDBOOST SINGLE STOCK UNIVERSE ETF,GraniteShares ETF Trust,mechanism,physical,options,HIGH
YBTC US,ROUNDHILL BITCOIN COVERED CALL STRATEGY ETF,Roundhill ETF Trust,primary_strategy,Income,Plain Beta,HIGH
YBTC US,ROUNDHILL BITCOIN COVERED CALL STRATEGY ETF,Roundhill ETF Trust,sub_strategy,Derivative Income > Covered Call,Single-Access,HIGH
YBTC US,ROUNDHILL BITCOIN COVERED CALL STRATEGY ETF,Roundhill ETF Trust,mechanism,physical,options,MEDIUM
YBTY US,GRANITESHARES YIELDBOOST TOPYIELDERS ETF,GraniteShares ETF Trust,mechanism,physical,options,HIGH
YCL US,PROSHARES ULTRA YEN,ProShares Trust II,asset_class,Multi-Asset,Currency,HIGH
YCL US,PROSHARES ULTRA YEN,ProShares Trust II,direction,long,neutral,HIGH
YCL US,PROSHARES ULTRA YEN,ProShares Trust II,underlier_name,JPYUSD Curncy,JPYUSD,HIGH
YCL US,PROSHARES ULTRA YEN,ProShares Trust II,mechanism,physical,swap,HIGH
YCS US,PROSHARES ULTRASHORT YEN,ProShares Trust II,asset_class,Multi-Asset,Currency,HIGH
YCS US,PROSHARES ULTRASHORT YEN,ProShares Trust II,sub_strategy,Short,Long,HIGH
YCS US,PROSHARES ULTRASHORT YEN,ProShares Trust II,direction,short,neutral,HIGH
YCS US,PROSHARES ULTRASHORT YEN,ProShares Trust II,underlier_name,USDJPY Curncy,USDJPY,HIGH
YCS US,PROSHARES ULTRASHORT YEN,ProShares Trust II,mechanism,physical,swap,HIGH
YDEC US,FT VEST INTERNATIONAL EQUITY MODERATE BUFFER ETF - DECEMBER,First Trust Exchange-Traded Fu,mechanism,physical,options,HIGH
YETH US,ROUNDHILL ETHER COVERED CALL STRATEGY ETF,Roundhill ETF Trust,primary_strategy,Income,Plain Beta,HIGH
YETH US,ROUNDHILL ETHER COVERED CALL STRATEGY ETF,Roundhill ETF Trust,sub_strategy,Derivative Income > Covered Call,Single-Access,HIGH
YETH US,ROUNDHILL ETHER COVERED CALL STRATEGY ETF,Roundhill ETF Trust,underlier_name,ETH,Ethereum,MEDIUM
YETH US,ROUNDHILL ETHER COVERED CALL STRATEGY ETF,Roundhill ETF Trust,concentration,single,basket,MEDIUM
YETH US,ROUNDHILL ETHER COVERED CALL STRATEGY ETF,Roundhill ETF Trust,mechanism,physical,options,MEDIUM
YFYA US,YIELDS FOR YOU INCOME STRATEGY A ETF,Listed Funds Trust/Teucrium In,primary_strategy,Plain Beta,Income,LOW
YFYA US,YIELDS FOR YOU INCOME STRATEGY A ETF,Listed Funds Trust/Teucrium In,sub_strategy,Allocation,Derivative Income > Covered Call,LOW
YFYA US,YIELDS FOR YOU INCOME STRATEGY A ETF,Listed Funds Trust/Teucrium In,mechanism,physical,options,HIGH
YGLD US,SIMPLIFY GOLD STRATEGY PLUS INCOME ETF,Simplify Exchange Traded Funds,primary_strategy,Income,Plain Beta,HIGH
YGLD US,SIMPLIFY GOLD STRATEGY PLUS INCOME ETF,Simplify Exchange Traded Funds,sub_strategy,Derivative Income > Covered Call,Broad,HIGH
YINN US,DIREXION DAILY FTSE CHINA BULL 3X ETF,Direxion ETFs/USA,mechanism,physical,swap,HIGH
YJUN US,FT VEST INTERNATIONAL EQUITY MODERATE BUFFER ETF - JUNE,First Trust Exchange-Traded Fu,mechanism,physical,options,HIGH
YLDA US,QUANTIFY ABSOLUTE INCOME ETF,Tidal Trust II,sub_strategy,Allocation,Broad,HIGH
YLDW US,WESTWOOD ENHANCED INCOME OPPORTUNITY ETF,Ultimus Managers Trust/Westwoo,primary_strategy,Risk Mgmt,Plain Beta,HIGH
YLDW US,WESTWOOD ENHANCED INCOME OPPORTUNITY ETF,Ultimus Managers Trust/Westwoo,sub_strategy,Alternatives,Broad,HIGH
YLDW US,WESTWOOD ENHANCED INCOME OPPORTUNITY ETF,Ultimus Managers Trust/Westwoo,mechanism,physical,options,MEDIUM
YMAG US,YIELDMAX MAGNIFICENT 7 FUND OF OPTION INCOME ETF,Tidal Trust II,mechanism,physical,options,HIGH
YMAR US,FT VEST INTERNATIONAL EQUITY MODERATE BUFFER ETF - MARCH,First Trust Exchange-Traded Fu,mechanism,physical,options,HIGH
YMAX US,YIELDMAX UNIVERSE FUND OF OPTION INCOME ETF,Tidal Trust II,mechanism,physical,options,HIGH
YQQQ US,YIELDMAX N100 SHORT OPTION INCOME STRATEGY ETF,Tidal Trust II,mechanism,physical,options,HIGH
YSEP US,FT VEST INTERNATIONAL EQUITY MODERATE BUFFER ETF - SEPTEMBER,First Trust Exchange-Traded Fu,mechanism,physical,options,HIGH
YSPY US,GRANITESHARES YIELDBOOST SPY ETF,GraniteShares ETF Trust,concentration,single,basket,MEDIUM
YSPY US,GRANITESHARES YIELDBOOST SPY ETF,GraniteShares ETF Trust,mechanism,physical,options,HIGH
YTSM US,INCOMEQ BITCOIN & BITCOIN TREASURY MNAV HARVESTER ETF,Tidal Trust II,primary_strategy,L&I,Plain Beta,HIGH
YTSM US,INCOMEQ BITCOIN & BITCOIN TREASURY MNAV HARVESTER ETF,Tidal Trust II,sub_strategy,Long,Single-Access,HIGH
YTSM US,INCOMEQ BITCOIN & BITCOIN TREASURY MNAV HARVESTER ETF,Tidal Trust II,mechanism,swap,physical,MEDIUM
YXI US,PROSHARES SHORT FTSE CHINA 50,ProShares Trust,mechanism,physical,swap,HIGH
YYY US,AMPLIFY CEF HIGH INCOME ETF,Amplify ETF Trust,sub_strategy,Allocation,Broad,HIGH
ZALT US,INNOVATOR US EQUITY 10 BUFFER ETF,Innovator ETF Trust,mechanism,physical,options,HIGH
ZAPR US,INNOVATOR EQUITY DEFINED PROTECTION ETF - 1 YR APRIL,Innovator ETF Trust,mechanism,physical,options,HIGH
ZAUG US,INNOVATOR EQUITY DEFINED PROTECTION ETF - 1 YR AUGUST,Innovator ETF Trust,mechanism,physical,options,HIGH
ZDEK US,INNOVATOR EQUITY DEFINED PROTECTION ETF - 1 YR DECEMBER,Innovator ETF Trust,mechanism,physical,options,HIGH
ZETX US,DEFIANCE DAILY TARGET 2X LONG ZETA ETF,Tidal Trust II,mechanism,physical,swap,HIGH
ZFEB US,INNOVATOR EQUITY DEFINED PROTECTION ETF - 1 YR FEBRUARY,Innovator ETF Trust,mechanism,physical,options,HIGH
ZJAN US,INNOVATOR EQUITY DEFINED PROTECTION ETF - 1 YR JANUARY,Innovator ETF Trust,mechanism,physical,options,HIGH
ZJUL US,INNOVATOR EQUITY DEFINED PROTECTION ETF - 1 YR JULY,Innovator ETF Trust,mechanism,physical,options,HIGH
ZJUN US,INNOVATOR EQUITY DEFINED PROTECTION ETF - 1 YR JUNE,Innovator ETF Trust,mechanism,physical,options,HIGH
ZMAR US,INNOVATOR EQUITY DEFINED PROTECTION ETF - 1 YR MARCH,Innovator ETF Trust,mechanism,physical,options,HIGH
ZMAY US,INNOVATOR EQUITY DEFINED PROTECTION ETF - 1 YR MAY,Innovator ETF Trust,mechanism,physical,options,HIGH
ZNOV US,INNOVATOR EQUITY DEFINED PROTECTION ETF - 1 YR NOVEMBER,Innovator ETF Trust,mechanism,physical,options,HIGH
ZOCT US,INNOVATOR EQUITY DEFINED PROTECTION ETF - 1 YR OCTOBER,Innovator ETF Trust,mechanism,physical,options,HIGH
ZSB US,USCF SUSTAINABLE BATTERY METALS STRATEGY FUND,United States Commodities ETFs,mechanism,physical,options,MEDIUM
ZSC US,USCF SUSTAINABLE COMMODITY STRATEGY FUND,United States Commodities ETFs,sub_strategy,Thematic,Broad,HIGH
ZSC US,USCF SUSTAINABLE COMMODITY STRATEGY FUND,United States Commodities ETFs,mechanism,physical,options,MEDIUM
ZSEP US,INNOVATOR EQUITY DEFINED PROTECTION ETF - 1 YR SEPTEMBER,Innovator ETF Trust,mechanism,physical,options,HIGH
ZSL US,PROSHARES ULTRASHORT SILVER,ProShares Trust II,sub_strategy,Short,Long,HIGH
ZSL US,PROSHARES ULTRASHORT SILVER,ProShares Trust II,direction,short,neutral,HIGH
ZSL US,PROSHARES ULTRASHORT SILVER,ProShares Trust II,underlier_name,SIA Comdty,SIA,HIGH
ZSL US,PROSHARES ULTRASHORT SILVER,ProShares Trust II,mechanism,physical,swap,HIGH
ZVOL US,VOLATILITY PREMIUM PLUS ETF,Volatility Shares Trust,asset_class,Equity,Multi-Asset,HIGH
ZVOL US,VOLATILITY PREMIUM PLUS ETF,Volatility Shares Trust,sub_strategy,Short,Long,HIGH
ZVOL US,VOLATILITY PREMIUM PLUS ETF,Volatility Shares Trust,direction,short,neutral,HIGH
ZVOL US,VOLATILITY PREMIUM PLUS ETF,Volatility Shares Trust,mechanism,physical,swap,MEDIUM
ZZZ US,CYBER HORNET S&P 500 AND CRYPTO TOP 10 75/25 STRATEGY ETF,Cyber Hornet Trust,asset_class,Multi-Asset,Crypto,HIGH
ZZZ US,CYBER HORNET S&P 500 AND CRYPTO TOP 10 75/25 STRATEGY ETF,Cyber Hornet Trust,sub_strategy,Allocation,Single-Access,MEDIUM
MSBT US,MORGAN STANLEY BITCOIN TRUST,Morgan Stanley Etf Trust,sub_strategy,Broad,Single-Access,HIGH
DUTY US,US DEFENSE ETF,Tidal Trust III,sub_strategy,Thematic,Broad,LOW
BFXU US,FT VEST LADDERED U.S. EQUITY UNCAPPED ACCELERATOR ETF,First Trust Exchange-Traded Fu,primary_strategy,Plain Beta,Defined Outcome,MEDIUM
BFXU US,FT VEST LADDERED U.S. EQUITY UNCAPPED ACCELERATOR ETF,First Trust Exchange-Traded Fu,sub_strategy,Broad,Growth,MEDIUM
BFXU US,FT VEST LADDERED U.S. EQUITY UNCAPPED ACCELERATOR ETF,First Trust Exchange-Traded Fu,mechanism,physical,options,HIGH
BFEW US,FT VEST LADDERED US EQUITY EQUAL WEIGHT BUFFER ETF,First Trust Exchange-Traded Fu,mechanism,physical,options,HIGH
BUFE US,FT VEST LADDERED EMERGING MARKETS BUFFER ETF,First Trust Exchange-Traded Fu,mechanism,physical,options,HIGH
IVEP US,DAN IVES WEDBUSH AI POWER & INFRASTRUCTURE ETF,Wedbush Series Trust,sub_strategy,Thematic,Broad,LOW
TMYY US,GRANITESHARES YIELDBOOST TSM ETF,GraniteShares ETF Trust,mechanism,physical,options,HIGH
MUYY US,GRANITESHARES YIELDBOOST MU ETF,GraniteShares ETF Trust,mechanism,physical,options,HIGH
CWY US,GRANITESHARES YIELDBOOST CRWV ETF,GraniteShares ETF Trust,mechanism,physical,options,HIGH
VDG US,VANGUARD DEVELOPED MARKETS EX-US GROWTH INDEX ETF,Vanguard World Fund,sub_strategy,Style,Broad,MEDIUM
VDV US,VANGUARD DEVELOPED MARKETS EX-US VALUE INDEX ETF,Vanguard World Fund,sub_strategy,Style,Broad,MEDIUM
CBOX US,CALAMOS TAX-AWARE COLLATERAL ETF,Calamos ETF Trust,primary_strategy,Defined Outcome,Plain Beta,HIGH
CBOX US,CALAMOS TAX-AWARE COLLATERAL ETF,Calamos ETF Trust,sub_strategy,Box Spread,Broad,HIGH
CAGE US,CALAMOS AUTOCALLABLE GROWTH ETF,Calamos ETF Trust,mechanism,physical,swap,HIGH
DGAP US,FT VEST US EQUITY BUFFER & DIGITAL RETURN ETF - APRIL,First Trust Exchange-Traded Fu,mechanism,physical,options,HIGH
MHIG US,MILLIMAN HEALTHCARE INFLATION GUARD ETF,Milliman Funds Trust,sub_strategy,Allocation,Broad,HIGH
MHIP US,MILLIMAN HEALTHCARE INFLATION PLUS ETF,Milliman Funds Trust,sub_strategy,Allocation,Broad,HIGH
HYGM US,AMPLIFY HYG HIGH YIELD 10% TARGET INCOME ETF,Amplify ETF Trust,mechanism,physical,options,HIGH
LQDM US,AMPLIFY LQD INVESTMENT GRADE 12% TARGET INCOME ETF,Amplify ETF Trust,mechanism,physical,options,HIGH
BESO US,GSR CRYPTO CORE3 ETF,ETF Opportunities Trust/Framew,sub_strategy,Broad,Single-Access,HIGH
UPLT US,PROSHARES ULTRA PLATINUM K-1 FREE ETF,ProShares Trust,mechanism,physical,swap,HIGH
JELH US,JANUS HENDERSON EQUITY LINKED HIGH INCOME ETF,Janus Detroit Street Trust,primary_strategy,Income,Plain Beta,HIGH
JELH US,JANUS HENDERSON EQUITY LINKED HIGH INCOME ETF,Janus Detroit Street Trust,sub_strategy,Structured Product Income > Autocallable,Broad,HIGH
JELH US,JANUS HENDERSON EQUITY LINKED HIGH INCOME ETF,Janus Detroit Street Trust,mechanism,physical,swap,HIGH
UPAL US,PROSHARES ULTRA PALLADIUM K-1 FREE ETF,ProShares Trust,mechanism,physical,swap,HIGH
JELM US,JANUS HENDERSON EQUITY LINKED MODERATE INCOME ETF,Janus Detroit Street Trust,primary_strategy,Income,Plain Beta,HIGH
JELM US,JANUS HENDERSON EQUITY LINKED MODERATE INCOME ETF,Janus Detroit Street Trust,sub_strategy,Structured Product Income > Autocallable,Broad,HIGH
JELM US,JANUS HENDERSON EQUITY LINKED MODERATE INCOME ETF,Janus Detroit Street Trust,mechanism,physical,swap,HIGH
UCOP US,PROSHARES ULTRA COPPER K-1 FREE ETF,ProShares Trust,mechanism,physical,swap,HIGH
ACYS US,FT VEST LADDERED AUTOCALLABLE BARRIER & RESILIENT INCOME ETF,First Trust Exchange-Traded Fu,primary_strategy,Income,Defined Outcome,MEDIUM
ACYS US,FT VEST LADDERED AUTOCALLABLE BARRIER & RESILIENT INCOME ETF,First Trust Exchange-Traded Fu,sub_strategy,Structured Product Income > Autocallable,Buffer,MEDIUM
ACYS US,FT VEST LADDERED AUTOCALLABLE BARRIER & RESILIENT INCOME ETF,First Trust Exchange-Traded Fu,mechanism,physical,options,HIGH
ACYS US,FT VEST LADDERED AUTOCALLABLE BARRIER & RESILIENT INCOME ETF,First Trust Exchange-Traded Fu,primary_strategy,Income,Defined Outcome,MEDIUM
ACYS US,FT VEST LADDERED AUTOCALLABLE BARRIER & RESILIENT INCOME ETF,First Trust Exchange-Traded Fu,sub_strategy,Structured Product Income > Autocallable,Buffer,MEDIUM
ACYS US,FT VEST LADDERED AUTOCALLABLE BARRIER & RESILIENT INCOME ETF,First Trust Exchange-Traded Fu,mechanism,physical,options,HIGH
STXL US,DEFIANCE DAILY TARGET 2X LONG STX ETF,Tidal Trust II,mechanism,physical,swap,MEDIUM
LITZ US,TRADR 2X SHORT LITE DAILY ETF,Investment Managers Series Tru,mechanism,physical,swap,HIGH
SNDQ US,TRADR 2X SHORT SNDK DAILY ETF,Investment Managers Series Tru,mechanism,physical,swap,HIGH
MPWX US,TRADR 2X LONG MPWR DAILY ETF,Investment Managers Series Tru,mechanism,physical,swap,HIGH
AXTX US,TRADR 2X LONG AXTI DAILY ETF,Investment Managers Series Tru,mechanism,physical,swap,HIGH
CPNX US,TRADR 2X LONG CPNG DAILY ETF,Investment Managers Series Tru,mechanism,physical,swap,HIGH
WRTH US,WORTH CHARTING OPTIONS INCOME ETF,Tidal Trust III,primary_strategy,Risk Mgmt,Plain Beta,HIGH
WRTH US,WORTH CHARTING OPTIONS INCOME ETF,Tidal Trust III,sub_strategy,Alternatives,Broad,HIGH
CRY US,GRANITESHARES YIELDBOOST CRCL ETF,GraniteShares ETF Trust,asset_class,Multi-Asset,Equity,HIGH
CRY US,GRANITESHARES YIELDBOOST CRCL ETF,GraniteShares ETF Trust,mechanism,physical,options,HIGH
XEY US,GRANITESHARES YIELDBOOST ETHER ETF,GraniteShares ETF Trust,asset_class,Multi-Asset,Crypto,HIGH
XEY US,GRANITESHARES YIELDBOOST ETHER ETF,GraniteShares ETF Trust,primary_strategy,Income,Plain Beta,HIGH
XEY US,GRANITESHARES YIELDBOOST ETHER ETF,GraniteShares ETF Trust,sub_strategy,Derivative Income > Covered Call,Single-Access,HIGH
XEY US,GRANITESHARES YIELDBOOST ETHER ETF,GraniteShares ETF Trust,mechanism,physical,options,MEDIUM
