extraction_id,filing_date,form,accession_number,registrant,series_name,class_symbol,bucket,suggested_action,reason
674102,2026-04-30,497,0000030146-26-000206,Dreyfus Institutional Liquidity Funds,Dreyfus Institutional Preferred Treasury Securities Money Market Fund,CEAXX,DUPLICATE,NULL,Contested: ticker CEAXX maps to 2 series with no clear majority — NULLing
674103,2026-04-30,497,0000030146-26-000206,Dreyfus Institutional Liquidity Funds,Dreyfus Institutional Preferred Treasury Securities Money Market Fund,CEIXX,DUPLICATE,NULL,Contested: ticker CEIXX maps to 2 series with no clear majority — NULLing
674065,2026-04-30,497,0000030146-26-000206,Dreyfus Institutional Liquidity Funds,Dreyfus Government Cash Management,DAGXX,DUPLICATE,NULL,Contested: ticker DAGXX maps to 2 series with no clear majority — NULLing
674074,2026-04-30,497,0000030146-26-000206,Dreyfus Institutional Liquidity Funds,Dreyfus Government Securities Cash Management,DAPXX,DUPLICATE,NULL,Contested: ticker DAPXX maps to 2 series with no clear majority — NULLing
674088,2026-04-30,497,0000030146-26-000206,Dreyfus Institutional Liquidity Funds,DREYFUS TREASURY SECURITIES CASH MANAGEMENT,DARXX,DUPLICATE,NULL,Contested: ticker DARXX maps to 2 series with no clear majority — NULLing
674071,2026-04-30,497,0000030146-26-000206,Dreyfus Institutional Liquidity Funds,Dreyfus Government Cash Management,DBFXX,DUPLICATE,NULL,Contested: ticker DBFXX maps to 2 series with no clear majority — NULLing
674069,2026-04-30,497,0000030146-26-000206,Dreyfus Institutional Liquidity Funds,Dreyfus Government Cash Management,DBLXX,DUPLICATE,NULL,Contested: ticker DBLXX maps to 2 series with no clear majority — NULLing
674064,2026-04-30,497,0000030146-26-000206,Dreyfus Institutional Liquidity Funds,Dreyfus Government Cash Management,DGCXX,DUPLICATE,NULL,Contested: ticker DGCXX maps to 2 series with no clear majority — NULLing
674075,2026-04-30,497,0000030146-26-000206,Dreyfus Institutional Liquidity Funds,Dreyfus Government Securities Cash Management,DGPXX,DUPLICATE,NULL,Contested: ticker DGPXX maps to 2 series with no clear majority — NULLing
674068,2026-04-30,497,0000030146-26-000206,Dreyfus Institutional Liquidity Funds,Dreyfus Government Cash Management,DGQXX,DUPLICATE,NULL,Contested: ticker DGQXX maps to 2 series with no clear majority — NULLing
674067,2026-04-30,497,0000030146-26-000206,Dreyfus Institutional Liquidity Funds,Dreyfus Government Cash Management,DGUXX,DUPLICATE,NULL,Contested: ticker DGUXX maps to 2 series with no clear majority — NULLing
674063,2026-04-30,497,0000030146-26-000206,Dreyfus Institutional Liquidity Funds,Dreyfus Government Cash Management,DGVXX,DUPLICATE,NULL,Contested: ticker DGVXX maps to 2 series with no clear majority — NULLing
674107,2026-04-30,497,0000030146-26-000206,Dreyfus Institutional Liquidity Funds,Dreyfus Institutional Preferred Treasury Obligations Fund,DHLXX,DUPLICATE,NULL,Contested: ticker DHLXX maps to 2 series with no clear majority — NULLing
674073,2026-04-30,497,0000030146-26-000206,Dreyfus Institutional Liquidity Funds,Dreyfus Government Securities Cash Management,DIPXX,DUPLICATE,NULL,Contested: ticker DIPXX maps to 2 series with no clear majority — NULLing
674086,2026-04-30,497,0000030146-26-000206,Dreyfus Institutional Liquidity Funds,DREYFUS TREASURY SECURITIES CASH MANAGEMENT,DIRXX,DUPLICATE,NULL,Contested: ticker DIRXX maps to 2 series with no clear majority — NULLing
674106,2026-04-30,497,0000030146-26-000206,Dreyfus Institutional Liquidity Funds,Dreyfus Institutional Preferred Treasury Obligations Fund,DNSXX,DUPLICATE,NULL,Contested: ticker DNSXX maps to 2 series with no clear majority — NULLing
674066,2026-04-30,497,0000030146-26-000206,Dreyfus Institutional Liquidity Funds,Dreyfus Government Cash Management,DPGXX,DUPLICATE,NULL,Contested: ticker DPGXX maps to 2 series with no clear majority — NULLing
674089,2026-04-30,497,0000030146-26-000206,Dreyfus Institutional Liquidity Funds,DREYFUS TREASURY SECURITIES CASH MANAGEMENT,DPRXX,DUPLICATE,NULL,Contested: ticker DPRXX maps to 2 series with no clear majority — NULLing
674105,2026-04-30,497,0000030146-26-000206,Dreyfus Institutional Liquidity Funds,Dreyfus Institutional Preferred Government Money Market Fund,DSHXX,DUPLICATE,NULL,Contested: ticker DSHXX maps to 2 series with no clear majority — NULLing
674104,2026-04-30,497,0000030146-26-000206,Dreyfus Institutional Liquidity Funds,Dreyfus Institutional Preferred Government Money Market Fund,DSVXX,DUPLICATE,NULL,Contested: ticker DSVXX maps to 2 series with no clear majority — NULLing
674078,2026-04-30,497,0000030146-26-000206,Dreyfus Institutional Liquidity Funds,Dreyfus Treasury Obligations Cash Management,DTAXX,DUPLICATE,NULL,Contested: ticker DTAXX maps to 2 series with no clear majority — NULLing
674090,2026-04-30,497,0000030146-26-000206,Dreyfus Institutional Liquidity Funds,DREYFUS TREASURY SECURITIES CASH MANAGEMENT,DTHXX,DUPLICATE,NULL,Contested: ticker DTHXX maps to 2 series with no clear majority — NULLing
674091,2026-04-30,497,0000030146-26-000206,Dreyfus Institutional Liquidity Funds,DREYFUS TREASURY SECURITIES CASH MANAGEMENT,DTJXX,DUPLICATE,NULL,Contested: ticker DTJXX maps to 2 series with no clear majority — NULLing
674081,2026-04-30,497,0000030146-26-000206,Dreyfus Institutional Liquidity Funds,Dreyfus Treasury Obligations Cash Management,DTKXX,DUPLICATE,NULL,Contested: ticker DTKXX maps to 2 series with no clear majority — NULLing
674080,2026-04-30,497,0000030146-26-000206,Dreyfus Institutional Liquidity Funds,Dreyfus Treasury Obligations Cash Management,DTNXX,DUPLICATE,NULL,Contested: ticker DTNXX maps to 2 series with no clear majority — NULLing
674079,2026-04-30,497,0000030146-26-000206,Dreyfus Institutional Liquidity Funds,Dreyfus Treasury Obligations Cash Management,DTPXX,DUPLICATE,NULL,Contested: ticker DTPXX maps to 2 series with no clear majority — NULLing
674076,2026-04-30,497,0000030146-26-000206,Dreyfus Institutional Liquidity Funds,Dreyfus Treasury Obligations Cash Management,DTRXX,DUPLICATE,NULL,Contested: ticker DTRXX maps to 2 series with no clear majority — NULLing
674077,2026-04-30,497,0000030146-26-000206,Dreyfus Institutional Liquidity Funds,Dreyfus Treasury Obligations Cash Management,DTVXX,DUPLICATE,NULL,Contested: ticker DTVXX maps to 2 series with no clear majority — NULLing
674072,2026-04-30,497,0000030146-26-000206,Dreyfus Institutional Liquidity Funds,Dreyfus Government Securities Cash Management,DVPXX,DUPLICATE,NULL,Contested: ticker DVPXX maps to 2 series with no clear majority — NULLing
674087,2026-04-30,497,0000030146-26-000206,Dreyfus Institutional Liquidity Funds,DREYFUS TREASURY SECURITIES CASH MANAGEMENT,DVRXX,DUPLICATE,NULL,Contested: ticker DVRXX maps to 2 series with no clear majority — NULLing
674070,2026-04-30,497,0000030146-26-000206,Dreyfus Institutional Liquidity Funds,Dreyfus Government Cash Management,SPKXX,DUPLICATE,NULL,Contested: ticker SPKXX maps to 2 series with no clear majority — NULLing
674092,2026-04-30,497,0000030146-26-000206,Dreyfus Institutional Liquidity Funds,DREYFUS TREASURY SECURITIES CASH MANAGEMENT,TKNXX,DUPLICATE,NULL,Contested: ticker TKNXX maps to 2 series with no clear majority — NULLing
674181,2026-04-30,497,0000030146-26-000207,BNY Mellon Investment Funds VI,Dreyfus Money Market Fund,GMBXX,DUPLICATE,NULL,Contested: ticker GMBXX maps to 2 series with no clear majority — NULLing
674182,2026-04-30,497,0000030146-26-000207,BNY Mellon Investment Funds VI,Dreyfus Money Market Fund,GMGXX,DUPLICATE,NULL,Contested: ticker GMGXX maps to 2 series with no clear majority — NULLing
674180,2026-04-30,497,0000030146-26-000207,BNY Mellon Investment Funds VI,Dreyfus Money Market Fund,GMMXX,DUPLICATE,NULL,Contested: ticker GMMXX maps to 2 series with no clear majority — NULLing
707325,2026-06-01,497,0000030146-26-000257,Dreyfus Institutional Liquidity Funds,BNY Dreyfus Institutional Preferred Treasury Securities Money Market Fund,CEAXX,DUPLICATE,NULL,Contested: ticker CEAXX maps to 2 series with no clear majority — NULLing
707326,2026-06-01,497,0000030146-26-000257,Dreyfus Institutional Liquidity Funds,BNY Dreyfus Institutional Preferred Treasury Securities Money Market Fund,CEIXX,DUPLICATE,NULL,Contested: ticker CEIXX maps to 2 series with no clear majority — NULLing
707286,2026-06-01,497,0000030146-26-000257,Dreyfus Institutional Liquidity Funds,BNY Dreyfus Government Cash Management,DAGXX,DUPLICATE,NULL,Contested: ticker DAGXX maps to 2 series with no clear majority — NULLing
707297,2026-06-01,497,0000030146-26-000257,Dreyfus Institutional Liquidity Funds,BNY Dreyfus Government Securities Cash Management,DAPXX,DUPLICATE,NULL,Contested: ticker DAPXX maps to 2 series with no clear majority — NULLing
707311,2026-06-01,497,0000030146-26-000257,Dreyfus Institutional Liquidity Funds,BNY DREYFUS TREASURY SECURITIES CASH MANAGEMENT,DARXX,DUPLICATE,NULL,Contested: ticker DARXX maps to 2 series with no clear majority — NULLing
707292,2026-06-01,497,0000030146-26-000257,Dreyfus Institutional Liquidity Funds,BNY Dreyfus Government Cash Management,DBFXX,DUPLICATE,NULL,Contested: ticker DBFXX maps to 2 series with no clear majority — NULLing
707290,2026-06-01,497,0000030146-26-000257,Dreyfus Institutional Liquidity Funds,BNY Dreyfus Government Cash Management,DBLXX,DUPLICATE,NULL,Contested: ticker DBLXX maps to 2 series with no clear majority — NULLing
707285,2026-06-01,497,0000030146-26-000257,Dreyfus Institutional Liquidity Funds,BNY Dreyfus Government Cash Management,DGCXX,DUPLICATE,NULL,Contested: ticker DGCXX maps to 2 series with no clear majority — NULLing
707298,2026-06-01,497,0000030146-26-000257,Dreyfus Institutional Liquidity Funds,BNY Dreyfus Government Securities Cash Management,DGPXX,DUPLICATE,NULL,Contested: ticker DGPXX maps to 2 series with no clear majority — NULLing
707289,2026-06-01,497,0000030146-26-000257,Dreyfus Institutional Liquidity Funds,BNY Dreyfus Government Cash Management,DGQXX,DUPLICATE,NULL,Contested: ticker DGQXX maps to 2 series with no clear majority — NULLing
707288,2026-06-01,497,0000030146-26-000257,Dreyfus Institutional Liquidity Funds,BNY Dreyfus Government Cash Management,DGUXX,DUPLICATE,NULL,Contested: ticker DGUXX maps to 2 series with no clear majority — NULLing
707284,2026-06-01,497,0000030146-26-000257,Dreyfus Institutional Liquidity Funds,BNY Dreyfus Government Cash Management,DGVXX,DUPLICATE,NULL,Contested: ticker DGVXX maps to 2 series with no clear majority — NULLing
707330,2026-06-01,497,0000030146-26-000257,Dreyfus Institutional Liquidity Funds,BNY Dreyfus Institutional Preferred Treasury Obligations Fund,DHLXX,DUPLICATE,NULL,Contested: ticker DHLXX maps to 2 series with no clear majority — NULLing
707296,2026-06-01,497,0000030146-26-000257,Dreyfus Institutional Liquidity Funds,BNY Dreyfus Government Securities Cash Management,DIPXX,DUPLICATE,NULL,Contested: ticker DIPXX maps to 2 series with no clear majority — NULLing
707309,2026-06-01,497,0000030146-26-000257,Dreyfus Institutional Liquidity Funds,BNY DREYFUS TREASURY SECURITIES CASH MANAGEMENT,DIRXX,DUPLICATE,NULL,Contested: ticker DIRXX maps to 2 series with no clear majority — NULLing
707329,2026-06-01,497,0000030146-26-000257,Dreyfus Institutional Liquidity Funds,BNY Dreyfus Institutional Preferred Treasury Obligations Fund,DNSXX,DUPLICATE,NULL,Contested: ticker DNSXX maps to 2 series with no clear majority — NULLing
707287,2026-06-01,497,0000030146-26-000257,Dreyfus Institutional Liquidity Funds,BNY Dreyfus Government Cash Management,DPGXX,DUPLICATE,NULL,Contested: ticker DPGXX maps to 2 series with no clear majority — NULLing
707312,2026-06-01,497,0000030146-26-000257,Dreyfus Institutional Liquidity Funds,BNY DREYFUS TREASURY SECURITIES CASH MANAGEMENT,DPRXX,DUPLICATE,NULL,Contested: ticker DPRXX maps to 2 series with no clear majority — NULLing
707328,2026-06-01,497,0000030146-26-000257,Dreyfus Institutional Liquidity Funds,BNY Dreyfus Institutional Preferred Government Money Market Fund,DSHXX,DUPLICATE,NULL,Contested: ticker DSHXX maps to 2 series with no clear majority — NULLing
707327,2026-06-01,497,0000030146-26-000257,Dreyfus Institutional Liquidity Funds,BNY Dreyfus Institutional Preferred Government Money Market Fund,DSVXX,DUPLICATE,NULL,Contested: ticker DSVXX maps to 2 series with no clear majority — NULLing
707301,2026-06-01,497,0000030146-26-000257,Dreyfus Institutional Liquidity Funds,BNY Dreyfus Treasury Obligations Cash Management,DTAXX,DUPLICATE,NULL,Contested: ticker DTAXX maps to 2 series with no clear majority — NULLing
707313,2026-06-01,497,0000030146-26-000257,Dreyfus Institutional Liquidity Funds,BNY DREYFUS TREASURY SECURITIES CASH MANAGEMENT,DTHXX,DUPLICATE,NULL,Contested: ticker DTHXX maps to 2 series with no clear majority — NULLing
707314,2026-06-01,497,0000030146-26-000257,Dreyfus Institutional Liquidity Funds,BNY DREYFUS TREASURY SECURITIES CASH MANAGEMENT,DTJXX,DUPLICATE,NULL,Contested: ticker DTJXX maps to 2 series with no clear majority — NULLing
707304,2026-06-01,497,0000030146-26-000257,Dreyfus Institutional Liquidity Funds,BNY Dreyfus Treasury Obligations Cash Management,DTKXX,DUPLICATE,NULL,Contested: ticker DTKXX maps to 2 series with no clear majority — NULLing
707303,2026-06-01,497,0000030146-26-000257,Dreyfus Institutional Liquidity Funds,BNY Dreyfus Treasury Obligations Cash Management,DTNXX,DUPLICATE,NULL,Contested: ticker DTNXX maps to 2 series with no clear majority — NULLing
707302,2026-06-01,497,0000030146-26-000257,Dreyfus Institutional Liquidity Funds,BNY Dreyfus Treasury Obligations Cash Management,DTPXX,DUPLICATE,NULL,Contested: ticker DTPXX maps to 2 series with no clear majority — NULLing
707299,2026-06-01,497,0000030146-26-000257,Dreyfus Institutional Liquidity Funds,BNY Dreyfus Treasury Obligations Cash Management,DTRXX,DUPLICATE,NULL,Contested: ticker DTRXX maps to 2 series with no clear majority — NULLing
707300,2026-06-01,497,0000030146-26-000257,Dreyfus Institutional Liquidity Funds,BNY Dreyfus Treasury Obligations Cash Management,DTVXX,DUPLICATE,NULL,Contested: ticker DTVXX maps to 2 series with no clear majority — NULLing
707295,2026-06-01,497,0000030146-26-000257,Dreyfus Institutional Liquidity Funds,BNY Dreyfus Government Securities Cash Management,DVPXX,DUPLICATE,NULL,Contested: ticker DVPXX maps to 2 series with no clear majority — NULLing
707310,2026-06-01,497,0000030146-26-000257,Dreyfus Institutional Liquidity Funds,BNY DREYFUS TREASURY SECURITIES CASH MANAGEMENT,DVRXX,DUPLICATE,NULL,Contested: ticker DVRXX maps to 2 series with no clear majority — NULLing
707291,2026-06-01,497,0000030146-26-000257,Dreyfus Institutional Liquidity Funds,BNY Dreyfus Government Cash Management,SPKXX,DUPLICATE,NULL,Contested: ticker SPKXX maps to 2 series with no clear majority — NULLing
707315,2026-06-01,497,0000030146-26-000257,Dreyfus Institutional Liquidity Funds,BNY DREYFUS TREASURY SECURITIES CASH MANAGEMENT,TKNXX,DUPLICATE,NULL,Contested: ticker TKNXX maps to 2 series with no clear majority — NULLing
721888,2026-06-30,497,0000030146-26-000296,BNY Mellon Investment Funds VI,BNY Dreyfus Money Market Fund,GMBXX,DUPLICATE,NULL,Contested: ticker GMBXX maps to 2 series with no clear majority — NULLing
721889,2026-06-30,497,0000030146-26-000296,BNY Mellon Investment Funds VI,BNY Dreyfus Money Market Fund,GMGXX,DUPLICATE,NULL,Contested: ticker GMGXX maps to 2 series with no clear majority — NULLing
721887,2026-06-30,497,0000030146-26-000296,BNY Mellon Investment Funds VI,BNY Dreyfus Money Market Fund,GMMXX,DUPLICATE,NULL,Contested: ticker GMMXX maps to 2 series with no clear majority — NULLing
380279,2023-05-31,485BPOS,0000051931-23-000503,EUPAC FUND,EUROPACIFIC GROWTH FUND,ADR,DUPLICATE,NULL,Contested: ticker ADR maps to 2 series with no clear majority — NULLing
380286,2023-05-31,485BPOS,0000051931-23-000503,EUPAC FUND,EUROPACIFIC GROWTH FUND,AEGFX,DUPLICATE,NULL,Contested: ticker AEGFX maps to 2 series with no clear majority — NULLing
380285,2023-05-31,485BPOS,0000051931-23-000503,EUPAC FUND,EUROPACIFIC GROWTH FUND,AEPCX,DUPLICATE,NULL,Contested: ticker AEPCX maps to 2 series with no clear majority — NULLing
380291,2023-05-31,485BPOS,0000051931-23-000503,EUPAC FUND,EUROPACIFIC GROWTH FUND,AEPFX,DUPLICATE,NULL,Contested: ticker AEPFX maps to 2 series with no clear majority — NULLing
380287,2023-05-31,485BPOS,0000051931-23-000503,EUPAC FUND,EUROPACIFIC GROWTH FUND,CEUAX,DUPLICATE,NULL,Contested: ticker CEUAX maps to 2 series with no clear majority — NULLing
380288,2023-05-31,485BPOS,0000051931-23-000503,EUPAC FUND,EUROPACIFIC GROWTH FUND,CEUCX,DUPLICATE,NULL,Contested: ticker CEUCX maps to 2 series with no clear majority — NULLing
380289,2023-05-31,485BPOS,0000051931-23-000503,EUPAC FUND,EUROPACIFIC GROWTH FUND,CEUEX,DUPLICATE,NULL,Contested: ticker CEUEX maps to 2 series with no clear majority — NULLing
380290,2023-05-31,485BPOS,0000051931-23-000503,EUPAC FUND,EUROPACIFIC GROWTH FUND,CEUFX,DUPLICATE,NULL,Contested: ticker CEUFX maps to 2 series with no clear majority — NULLing
380299,2023-05-31,485BPOS,0000051931-23-000503,EUPAC FUND,EUROPACIFIC GROWTH FUND,FEPUX,DUPLICATE,NULL,Contested: ticker FEPUX maps to 2 series with no clear majority — NULLing
380295,2023-05-31,485BPOS,0000051931-23-000503,EUPAC FUND,EUROPACIFIC GROWTH FUND,FEUPX,DUPLICATE,NULL,Contested: ticker FEUPX maps to 2 series with no clear majority — NULLing
380298,2023-05-31,485BPOS,0000051931-23-000503,EUPAC FUND,EUROPACIFIC GROWTH FUND,FUEPX,DUPLICATE,NULL,Contested: ticker FUEPX maps to 2 series with no clear majority — NULLing
380293,2023-05-31,485BPOS,0000051931-23-000503,EUPAC FUND,EUROPACIFIC GROWTH FUND,REEBX,DUPLICATE,NULL,Contested: ticker REEBX maps to 2 series with no clear majority — NULLing
380280,2023-05-31,485BPOS,0000051931-23-000503,EUPAC FUND,EUROPACIFIC GROWTH FUND,RERAX,DUPLICATE,NULL,Contested: ticker RERAX maps to 2 series with no clear majority — NULLing
380281,2023-05-31,485BPOS,0000051931-23-000503,EUPAC FUND,EUROPACIFIC GROWTH FUND,RERBX,DUPLICATE,NULL,Contested: ticker RERBX maps to 2 series with no clear majority — NULLing
380282,2023-05-31,485BPOS,0000051931-23-000503,EUPAC FUND,EUROPACIFIC GROWTH FUND,RERCX,DUPLICATE,NULL,Contested: ticker RERCX maps to 2 series with no clear majority — NULLing
380283,2023-05-31,485BPOS,0000051931-23-000503,EUPAC FUND,EUROPACIFIC GROWTH FUND,REREX,DUPLICATE,NULL,Contested: ticker REREX maps to 2 series with no clear majority — NULLing
380284,2023-05-31,485BPOS,0000051931-23-000503,EUPAC FUND,EUROPACIFIC GROWTH FUND,RERFX,DUPLICATE,NULL,Contested: ticker RERFX maps to 2 series with no clear majority — NULLing
380292,2023-05-31,485BPOS,0000051931-23-000503,EUPAC FUND,EUROPACIFIC GROWTH FUND,RERGX,DUPLICATE,NULL,Contested: ticker RERGX maps to 2 series with no clear majority — NULLing
380294,2023-05-31,485BPOS,0000051931-23-000503,EUPAC FUND,EUROPACIFIC GROWTH FUND,RERHX,DUPLICATE,NULL,Contested: ticker RERHX maps to 2 series with no clear majority — NULLing
380296,2023-05-31,485BPOS,0000051931-23-000503,EUPAC FUND,EUROPACIFIC GROWTH FUND,TEUGX,DUPLICATE,NULL,Contested: ticker TEUGX maps to 2 series with no clear majority — NULLing
380297,2023-05-31,485BPOS,0000051931-23-000503,EUPAC FUND,EUROPACIFIC GROWTH FUND,TEUPX,DUPLICATE,NULL,Contested: ticker TEUPX maps to 2 series with no clear majority — NULLing
380265,2023-05-31,497K,0000051931-23-000505,EUPAC FUND,EUROPACIFIC GROWTH FUND,AEGFX,DUPLICATE,NULL,Contested: ticker AEGFX maps to 2 series with no clear majority — NULLing
380264,2023-05-31,497K,0000051931-23-000505,EUPAC FUND,EUROPACIFIC GROWTH FUND,AEPCX,DUPLICATE,NULL,Contested: ticker AEPCX maps to 2 series with no clear majority — NULLing
380270,2023-05-31,497K,0000051931-23-000505,EUPAC FUND,EUROPACIFIC GROWTH FUND,AEPFX,DUPLICATE,NULL,Contested: ticker AEPFX maps to 2 series with no clear majority — NULLing
380258,2023-05-31,497K,0000051931-23-000505,EUPAC FUND,EUROPACIFIC GROWTH FUND,AEPGX,DUPLICATE,NULL,Contested: ticker AEPGX maps to 2 series with no clear majority — NULLing
380266,2023-05-31,497K,0000051931-23-000505,EUPAC FUND,EUROPACIFIC GROWTH FUND,CEUAX,DUPLICATE,NULL,Contested: ticker CEUAX maps to 2 series with no clear majority — NULLing
380267,2023-05-31,497K,0000051931-23-000505,EUPAC FUND,EUROPACIFIC GROWTH FUND,CEUCX,DUPLICATE,NULL,Contested: ticker CEUCX maps to 2 series with no clear majority — NULLing
380268,2023-05-31,497K,0000051931-23-000505,EUPAC FUND,EUROPACIFIC GROWTH FUND,CEUEX,DUPLICATE,NULL,Contested: ticker CEUEX maps to 2 series with no clear majority — NULLing
380269,2023-05-31,497K,0000051931-23-000505,EUPAC FUND,EUROPACIFIC GROWTH FUND,CEUFX,DUPLICATE,NULL,Contested: ticker CEUFX maps to 2 series with no clear majority — NULLing
380278,2023-05-31,497K,0000051931-23-000505,EUPAC FUND,EUROPACIFIC GROWTH FUND,FEPUX,DUPLICATE,NULL,Contested: ticker FEPUX maps to 2 series with no clear majority — NULLing
380274,2023-05-31,497K,0000051931-23-000505,EUPAC FUND,EUROPACIFIC GROWTH FUND,FEUPX,DUPLICATE,NULL,Contested: ticker FEUPX maps to 2 series with no clear majority — NULLing
380277,2023-05-31,497K,0000051931-23-000505,EUPAC FUND,EUROPACIFIC GROWTH FUND,FUEPX,DUPLICATE,NULL,Contested: ticker FUEPX maps to 2 series with no clear majority — NULLing
380272,2023-05-31,497K,0000051931-23-000505,EUPAC FUND,EUROPACIFIC GROWTH FUND,REEBX,DUPLICATE,NULL,Contested: ticker REEBX maps to 2 series with no clear majority — NULLing
380259,2023-05-31,497K,0000051931-23-000505,EUPAC FUND,EUROPACIFIC GROWTH FUND,RERAX,DUPLICATE,NULL,Contested: ticker RERAX maps to 2 series with no clear majority — NULLing
380260,2023-05-31,497K,0000051931-23-000505,EUPAC FUND,EUROPACIFIC GROWTH FUND,RERBX,DUPLICATE,NULL,Contested: ticker RERBX maps to 2 series with no clear majority — NULLing
380261,2023-05-31,497K,0000051931-23-000505,EUPAC FUND,EUROPACIFIC GROWTH FUND,RERCX,DUPLICATE,NULL,Contested: ticker RERCX maps to 2 series with no clear majority — NULLing
380262,2023-05-31,497K,0000051931-23-000505,EUPAC FUND,EUROPACIFIC GROWTH FUND,REREX,DUPLICATE,NULL,Contested: ticker REREX maps to 2 series with no clear majority — NULLing
380263,2023-05-31,497K,0000051931-23-000505,EUPAC FUND,EUROPACIFIC GROWTH FUND,RERFX,DUPLICATE,NULL,Contested: ticker RERFX maps to 2 series with no clear majority — NULLing
380271,2023-05-31,497K,0000051931-23-000505,EUPAC FUND,EUROPACIFIC GROWTH FUND,RERGX,DUPLICATE,NULL,Contested: ticker RERGX maps to 2 series with no clear majority — NULLing
380273,2023-05-31,497K,0000051931-23-000505,EUPAC FUND,EUROPACIFIC GROWTH FUND,RERHX,DUPLICATE,NULL,Contested: ticker RERHX maps to 2 series with no clear majority — NULLing
380275,2023-05-31,497K,0000051931-23-000505,EUPAC FUND,EUROPACIFIC GROWTH FUND,TEUGX,DUPLICATE,NULL,Contested: ticker TEUGX maps to 2 series with no clear majority — NULLing
380276,2023-05-31,497K,0000051931-23-000505,EUPAC FUND,EUROPACIFIC GROWTH FUND,TEUPX,DUPLICATE,NULL,Contested: ticker TEUPX maps to 2 series with no clear majority — NULLing
380244,2023-06-05,497J,0000051931-23-000512,EUPAC FUND,EUROPACIFIC GROWTH FUND,AEGFX,DUPLICATE,NULL,Contested: ticker AEGFX maps to 2 series with no clear majority — NULLing
380243,2023-06-05,497J,0000051931-23-000512,EUPAC FUND,EUROPACIFIC GROWTH FUND,AEPCX,DUPLICATE,NULL,Contested: ticker AEPCX maps to 2 series with no clear majority — NULLing
380249,2023-06-05,497J,0000051931-23-000512,EUPAC FUND,EUROPACIFIC GROWTH FUND,AEPFX,DUPLICATE,NULL,Contested: ticker AEPFX maps to 2 series with no clear majority — NULLing
380237,2023-06-05,497J,0000051931-23-000512,EUPAC FUND,EUROPACIFIC GROWTH FUND,AEPGX,DUPLICATE,NULL,Contested: ticker AEPGX maps to 2 series with no clear majority — NULLing
380245,2023-06-05,497J,0000051931-23-000512,EUPAC FUND,EUROPACIFIC GROWTH FUND,CEUAX,DUPLICATE,NULL,Contested: ticker CEUAX maps to 2 series with no clear majority — NULLing
380246,2023-06-05,497J,0000051931-23-000512,EUPAC FUND,EUROPACIFIC GROWTH FUND,CEUCX,DUPLICATE,NULL,Contested: ticker CEUCX maps to 2 series with no clear majority — NULLing
380247,2023-06-05,497J,0000051931-23-000512,EUPAC FUND,EUROPACIFIC GROWTH FUND,CEUEX,DUPLICATE,NULL,Contested: ticker CEUEX maps to 2 series with no clear majority — NULLing
380248,2023-06-05,497J,0000051931-23-000512,EUPAC FUND,EUROPACIFIC GROWTH FUND,CEUFX,DUPLICATE,NULL,Contested: ticker CEUFX maps to 2 series with no clear majority — NULLing
380257,2023-06-05,497J,0000051931-23-000512,EUPAC FUND,EUROPACIFIC GROWTH FUND,FEPUX,DUPLICATE,NULL,Contested: ticker FEPUX maps to 2 series with no clear majority — NULLing
380253,2023-06-05,497J,0000051931-23-000512,EUPAC FUND,EUROPACIFIC GROWTH FUND,FEUPX,DUPLICATE,NULL,Contested: ticker FEUPX maps to 2 series with no clear majority — NULLing
380256,2023-06-05,497J,0000051931-23-000512,EUPAC FUND,EUROPACIFIC GROWTH FUND,FUEPX,DUPLICATE,NULL,Contested: ticker FUEPX maps to 2 series with no clear majority — NULLing
380251,2023-06-05,497J,0000051931-23-000512,EUPAC FUND,EUROPACIFIC GROWTH FUND,REEBX,DUPLICATE,NULL,Contested: ticker REEBX maps to 2 series with no clear majority — NULLing
380238,2023-06-05,497J,0000051931-23-000512,EUPAC FUND,EUROPACIFIC GROWTH FUND,RERAX,DUPLICATE,NULL,Contested: ticker RERAX maps to 2 series with no clear majority — NULLing
380239,2023-06-05,497J,0000051931-23-000512,EUPAC FUND,EUROPACIFIC GROWTH FUND,RERBX,DUPLICATE,NULL,Contested: ticker RERBX maps to 2 series with no clear majority — NULLing
380240,2023-06-05,497J,0000051931-23-000512,EUPAC FUND,EUROPACIFIC GROWTH FUND,RERCX,DUPLICATE,NULL,Contested: ticker RERCX maps to 2 series with no clear majority — NULLing
380241,2023-06-05,497J,0000051931-23-000512,EUPAC FUND,EUROPACIFIC GROWTH FUND,REREX,DUPLICATE,NULL,Contested: ticker REREX maps to 2 series with no clear majority — NULLing
380242,2023-06-05,497J,0000051931-23-000512,EUPAC FUND,EUROPACIFIC GROWTH FUND,RERFX,DUPLICATE,NULL,Contested: ticker RERFX maps to 2 series with no clear majority — NULLing
380250,2023-06-05,497J,0000051931-23-000512,EUPAC FUND,EUROPACIFIC GROWTH FUND,RERGX,DUPLICATE,NULL,Contested: ticker RERGX maps to 2 series with no clear majority — NULLing
380252,2023-06-05,497J,0000051931-23-000512,EUPAC FUND,EUROPACIFIC GROWTH FUND,RERHX,DUPLICATE,NULL,Contested: ticker RERHX maps to 2 series with no clear majority — NULLing
380254,2023-06-05,497J,0000051931-23-000512,EUPAC FUND,EUROPACIFIC GROWTH FUND,TEUGX,DUPLICATE,NULL,Contested: ticker TEUGX maps to 2 series with no clear majority — NULLing
380255,2023-06-05,497J,0000051931-23-000512,EUPAC FUND,EUROPACIFIC GROWTH FUND,TEUPX,DUPLICATE,NULL,Contested: ticker TEUPX maps to 2 series with no clear majority — NULLing
380216,2024-05-31,485BPOS,0000051931-24-000552,EUPAC FUND,EUROPACIFIC GROWTH FUND,ADR,DUPLICATE,NULL,Contested: ticker ADR maps to 2 series with no clear majority — NULLing
380223,2024-05-31,485BPOS,0000051931-24-000552,EUPAC FUND,EUROPACIFIC GROWTH FUND,AEGFX,DUPLICATE,NULL,Contested: ticker AEGFX maps to 2 series with no clear majority — NULLing
380222,2024-05-31,485BPOS,0000051931-24-000552,EUPAC FUND,EUROPACIFIC GROWTH FUND,AEPCX,DUPLICATE,NULL,Contested: ticker AEPCX maps to 2 series with no clear majority — NULLing
380228,2024-05-31,485BPOS,0000051931-24-000552,EUPAC FUND,EUROPACIFIC GROWTH FUND,AEPFX,DUPLICATE,NULL,Contested: ticker AEPFX maps to 2 series with no clear majority — NULLing
380224,2024-05-31,485BPOS,0000051931-24-000552,EUPAC FUND,EUROPACIFIC GROWTH FUND,CEUAX,DUPLICATE,NULL,Contested: ticker CEUAX maps to 2 series with no clear majority — NULLing
380225,2024-05-31,485BPOS,0000051931-24-000552,EUPAC FUND,EUROPACIFIC GROWTH FUND,CEUCX,DUPLICATE,NULL,Contested: ticker CEUCX maps to 2 series with no clear majority — NULLing
380226,2024-05-31,485BPOS,0000051931-24-000552,EUPAC FUND,EUROPACIFIC GROWTH FUND,CEUEX,DUPLICATE,NULL,Contested: ticker CEUEX maps to 2 series with no clear majority — NULLing
380227,2024-05-31,485BPOS,0000051931-24-000552,EUPAC FUND,EUROPACIFIC GROWTH FUND,CEUFX,DUPLICATE,NULL,Contested: ticker CEUFX maps to 2 series with no clear majority — NULLing
380236,2024-05-31,485BPOS,0000051931-24-000552,EUPAC FUND,EUROPACIFIC GROWTH FUND,FEPUX,DUPLICATE,NULL,Contested: ticker FEPUX maps to 2 series with no clear majority — NULLing
380232,2024-05-31,485BPOS,0000051931-24-000552,EUPAC FUND,EUROPACIFIC GROWTH FUND,FEUPX,DUPLICATE,NULL,Contested: ticker FEUPX maps to 2 series with no clear majority — NULLing
380235,2024-05-31,485BPOS,0000051931-24-000552,EUPAC FUND,EUROPACIFIC GROWTH FUND,FUEPX,DUPLICATE,NULL,Contested: ticker FUEPX maps to 2 series with no clear majority — NULLing
380230,2024-05-31,485BPOS,0000051931-24-000552,EUPAC FUND,EUROPACIFIC GROWTH FUND,REEBX,DUPLICATE,NULL,Contested: ticker REEBX maps to 2 series with no clear majority — NULLing
380217,2024-05-31,485BPOS,0000051931-24-000552,EUPAC FUND,EUROPACIFIC GROWTH FUND,RERAX,DUPLICATE,NULL,Contested: ticker RERAX maps to 2 series with no clear majority — NULLing
380218,2024-05-31,485BPOS,0000051931-24-000552,EUPAC FUND,EUROPACIFIC GROWTH FUND,RERBX,DUPLICATE,NULL,Contested: ticker RERBX maps to 2 series with no clear majority — NULLing
380219,2024-05-31,485BPOS,0000051931-24-000552,EUPAC FUND,EUROPACIFIC GROWTH FUND,RERCX,DUPLICATE,NULL,Contested: ticker RERCX maps to 2 series with no clear majority — NULLing
380220,2024-05-31,485BPOS,0000051931-24-000552,EUPAC FUND,EUROPACIFIC GROWTH FUND,REREX,DUPLICATE,NULL,Contested: ticker REREX maps to 2 series with no clear majority — NULLing
380221,2024-05-31,485BPOS,0000051931-24-000552,EUPAC FUND,EUROPACIFIC GROWTH FUND,RERFX,DUPLICATE,NULL,Contested: ticker RERFX maps to 2 series with no clear majority — NULLing
380229,2024-05-31,485BPOS,0000051931-24-000552,EUPAC FUND,EUROPACIFIC GROWTH FUND,RERGX,DUPLICATE,NULL,Contested: ticker RERGX maps to 2 series with no clear majority — NULLing
380231,2024-05-31,485BPOS,0000051931-24-000552,EUPAC FUND,EUROPACIFIC GROWTH FUND,RERHX,DUPLICATE,NULL,Contested: ticker RERHX maps to 2 series with no clear majority — NULLing
380233,2024-05-31,485BPOS,0000051931-24-000552,EUPAC FUND,EUROPACIFIC GROWTH FUND,TEUGX,DUPLICATE,NULL,Contested: ticker TEUGX maps to 2 series with no clear majority — NULLing
380234,2024-05-31,485BPOS,0000051931-24-000552,EUPAC FUND,EUROPACIFIC GROWTH FUND,TEUPX,DUPLICATE,NULL,Contested: ticker TEUPX maps to 2 series with no clear majority — NULLing
380202,2024-05-31,497K,0000051931-24-000554,EUPAC FUND,EUROPACIFIC GROWTH FUND,AEGFX,DUPLICATE,NULL,Contested: ticker AEGFX maps to 2 series with no clear majority — NULLing
380201,2024-05-31,497K,0000051931-24-000554,EUPAC FUND,EUROPACIFIC GROWTH FUND,AEPCX,DUPLICATE,NULL,Contested: ticker AEPCX maps to 2 series with no clear majority — NULLing
380207,2024-05-31,497K,0000051931-24-000554,EUPAC FUND,EUROPACIFIC GROWTH FUND,AEPFX,DUPLICATE,NULL,Contested: ticker AEPFX maps to 2 series with no clear majority — NULLing
380195,2024-05-31,497K,0000051931-24-000554,EUPAC FUND,EUROPACIFIC GROWTH FUND,AEPGX,DUPLICATE,NULL,Contested: ticker AEPGX maps to 2 series with no clear majority — NULLing
380203,2024-05-31,497K,0000051931-24-000554,EUPAC FUND,EUROPACIFIC GROWTH FUND,CEUAX,DUPLICATE,NULL,Contested: ticker CEUAX maps to 2 series with no clear majority — NULLing
380204,2024-05-31,497K,0000051931-24-000554,EUPAC FUND,EUROPACIFIC GROWTH FUND,CEUCX,DUPLICATE,NULL,Contested: ticker CEUCX maps to 2 series with no clear majority — NULLing
380205,2024-05-31,497K,0000051931-24-000554,EUPAC FUND,EUROPACIFIC GROWTH FUND,CEUEX,DUPLICATE,NULL,Contested: ticker CEUEX maps to 2 series with no clear majority — NULLing
380206,2024-05-31,497K,0000051931-24-000554,EUPAC FUND,EUROPACIFIC GROWTH FUND,CEUFX,DUPLICATE,NULL,Contested: ticker CEUFX maps to 2 series with no clear majority — NULLing
380215,2024-05-31,497K,0000051931-24-000554,EUPAC FUND,EUROPACIFIC GROWTH FUND,FEPUX,DUPLICATE,NULL,Contested: ticker FEPUX maps to 2 series with no clear majority — NULLing
380211,2024-05-31,497K,0000051931-24-000554,EUPAC FUND,EUROPACIFIC GROWTH FUND,FEUPX,DUPLICATE,NULL,Contested: ticker FEUPX maps to 2 series with no clear majority — NULLing
380214,2024-05-31,497K,0000051931-24-000554,EUPAC FUND,EUROPACIFIC GROWTH FUND,FUEPX,DUPLICATE,NULL,Contested: ticker FUEPX maps to 2 series with no clear majority — NULLing
380209,2024-05-31,497K,0000051931-24-000554,EUPAC FUND,EUROPACIFIC GROWTH FUND,REEBX,DUPLICATE,NULL,Contested: ticker REEBX maps to 2 series with no clear majority — NULLing
380196,2024-05-31,497K,0000051931-24-000554,EUPAC FUND,EUROPACIFIC GROWTH FUND,RERAX,DUPLICATE,NULL,Contested: ticker RERAX maps to 2 series with no clear majority — NULLing
380197,2024-05-31,497K,0000051931-24-000554,EUPAC FUND,EUROPACIFIC GROWTH FUND,RERBX,DUPLICATE,NULL,Contested: ticker RERBX maps to 2 series with no clear majority — NULLing
380198,2024-05-31,497K,0000051931-24-000554,EUPAC FUND,EUROPACIFIC GROWTH FUND,RERCX,DUPLICATE,NULL,Contested: ticker RERCX maps to 2 series with no clear majority — NULLing
380199,2024-05-31,497K,0000051931-24-000554,EUPAC FUND,EUROPACIFIC GROWTH FUND,REREX,DUPLICATE,NULL,Contested: ticker REREX maps to 2 series with no clear majority — NULLing
380200,2024-05-31,497K,0000051931-24-000554,EUPAC FUND,EUROPACIFIC GROWTH FUND,RERFX,DUPLICATE,NULL,Contested: ticker RERFX maps to 2 series with no clear majority — NULLing
380208,2024-05-31,497K,0000051931-24-000554,EUPAC FUND,EUROPACIFIC GROWTH FUND,RERGX,DUPLICATE,NULL,Contested: ticker RERGX maps to 2 series with no clear majority — NULLing
380210,2024-05-31,497K,0000051931-24-000554,EUPAC FUND,EUROPACIFIC GROWTH FUND,RERHX,DUPLICATE,NULL,Contested: ticker RERHX maps to 2 series with no clear majority — NULLing
380212,2024-05-31,497K,0000051931-24-000554,EUPAC FUND,EUROPACIFIC GROWTH FUND,TEUGX,DUPLICATE,NULL,Contested: ticker TEUGX maps to 2 series with no clear majority — NULLing
380213,2024-05-31,497K,0000051931-24-000554,EUPAC FUND,EUROPACIFIC GROWTH FUND,TEUPX,DUPLICATE,NULL,Contested: ticker TEUPX maps to 2 series with no clear majority — NULLing
380181,2024-06-05,497J,0000051931-24-000578,EUPAC FUND,EUROPACIFIC GROWTH FUND,AEGFX,DUPLICATE,NULL,Contested: ticker AEGFX maps to 2 series with no clear majority — NULLing
380180,2024-06-05,497J,0000051931-24-000578,EUPAC FUND,EUROPACIFIC GROWTH FUND,AEPCX,DUPLICATE,NULL,Contested: ticker AEPCX maps to 2 series with no clear majority — NULLing
380186,2024-06-05,497J,0000051931-24-000578,EUPAC FUND,EUROPACIFIC GROWTH FUND,AEPFX,DUPLICATE,NULL,Contested: ticker AEPFX maps to 2 series with no clear majority — NULLing
380174,2024-06-05,497J,0000051931-24-000578,EUPAC FUND,EUROPACIFIC GROWTH FUND,AEPGX,DUPLICATE,NULL,Contested: ticker AEPGX maps to 2 series with no clear majority — NULLing
380182,2024-06-05,497J,0000051931-24-000578,EUPAC FUND,EUROPACIFIC GROWTH FUND,CEUAX,DUPLICATE,NULL,Contested: ticker CEUAX maps to 2 series with no clear majority — NULLing
380183,2024-06-05,497J,0000051931-24-000578,EUPAC FUND,EUROPACIFIC GROWTH FUND,CEUCX,DUPLICATE,NULL,Contested: ticker CEUCX maps to 2 series with no clear majority — NULLing
380184,2024-06-05,497J,0000051931-24-000578,EUPAC FUND,EUROPACIFIC GROWTH FUND,CEUEX,DUPLICATE,NULL,Contested: ticker CEUEX maps to 2 series with no clear majority — NULLing
380185,2024-06-05,497J,0000051931-24-000578,EUPAC FUND,EUROPACIFIC GROWTH FUND,CEUFX,DUPLICATE,NULL,Contested: ticker CEUFX maps to 2 series with no clear majority — NULLing
380194,2024-06-05,497J,0000051931-24-000578,EUPAC FUND,EUROPACIFIC GROWTH FUND,FEPUX,DUPLICATE,NULL,Contested: ticker FEPUX maps to 2 series with no clear majority — NULLing
380190,2024-06-05,497J,0000051931-24-000578,EUPAC FUND,EUROPACIFIC GROWTH FUND,FEUPX,DUPLICATE,NULL,Contested: ticker FEUPX maps to 2 series with no clear majority — NULLing
380193,2024-06-05,497J,0000051931-24-000578,EUPAC FUND,EUROPACIFIC GROWTH FUND,FUEPX,DUPLICATE,NULL,Contested: ticker FUEPX maps to 2 series with no clear majority — NULLing
380188,2024-06-05,497J,0000051931-24-000578,EUPAC FUND,EUROPACIFIC GROWTH FUND,REEBX,DUPLICATE,NULL,Contested: ticker REEBX maps to 2 series with no clear majority — NULLing
380175,2024-06-05,497J,0000051931-24-000578,EUPAC FUND,EUROPACIFIC GROWTH FUND,RERAX,DUPLICATE,NULL,Contested: ticker RERAX maps to 2 series with no clear majority — NULLing
380176,2024-06-05,497J,0000051931-24-000578,EUPAC FUND,EUROPACIFIC GROWTH FUND,RERBX,DUPLICATE,NULL,Contested: ticker RERBX maps to 2 series with no clear majority — NULLing
380177,2024-06-05,497J,0000051931-24-000578,EUPAC FUND,EUROPACIFIC GROWTH FUND,RERCX,DUPLICATE,NULL,Contested: ticker RERCX maps to 2 series with no clear majority — NULLing
380178,2024-06-05,497J,0000051931-24-000578,EUPAC FUND,EUROPACIFIC GROWTH FUND,REREX,DUPLICATE,NULL,Contested: ticker REREX maps to 2 series with no clear majority — NULLing
380179,2024-06-05,497J,0000051931-24-000578,EUPAC FUND,EUROPACIFIC GROWTH FUND,RERFX,DUPLICATE,NULL,Contested: ticker RERFX maps to 2 series with no clear majority — NULLing
380187,2024-06-05,497J,0000051931-24-000578,EUPAC FUND,EUROPACIFIC GROWTH FUND,RERGX,DUPLICATE,NULL,Contested: ticker RERGX maps to 2 series with no clear majority — NULLing
380189,2024-06-05,497J,0000051931-24-000578,EUPAC FUND,EUROPACIFIC GROWTH FUND,RERHX,DUPLICATE,NULL,Contested: ticker RERHX maps to 2 series with no clear majority — NULLing
380191,2024-06-05,497J,0000051931-24-000578,EUPAC FUND,EUROPACIFIC GROWTH FUND,TEUGX,DUPLICATE,NULL,Contested: ticker TEUGX maps to 2 series with no clear majority — NULLing
380192,2024-06-05,497J,0000051931-24-000578,EUPAC FUND,EUROPACIFIC GROWTH FUND,TEUPX,DUPLICATE,NULL,Contested: ticker TEUPX maps to 2 series with no clear majority — NULLing
380153,2025-05-30,485BPOS,0000051931-25-000567,EUPAC FUND,EUPAC FUND,ADR,DUPLICATE,NULL,Contested: ticker ADR maps to 2 series with no clear majority — NULLing
380160,2025-05-30,485BPOS,0000051931-25-000567,EUPAC FUND,EUPAC FUND,AEGFX,DUPLICATE,NULL,Contested: ticker AEGFX maps to 2 series with no clear majority — NULLing
380159,2025-05-30,485BPOS,0000051931-25-000567,EUPAC FUND,EUPAC FUND,AEPCX,DUPLICATE,NULL,Contested: ticker AEPCX maps to 2 series with no clear majority — NULLing
380165,2025-05-30,485BPOS,0000051931-25-000567,EUPAC FUND,EUPAC FUND,AEPFX,DUPLICATE,NULL,Contested: ticker AEPFX maps to 2 series with no clear majority — NULLing
380161,2025-05-30,485BPOS,0000051931-25-000567,EUPAC FUND,EUPAC FUND,CEUAX,DUPLICATE,NULL,Contested: ticker CEUAX maps to 2 series with no clear majority — NULLing
380162,2025-05-30,485BPOS,0000051931-25-000567,EUPAC FUND,EUPAC FUND,CEUCX,DUPLICATE,NULL,Contested: ticker CEUCX maps to 2 series with no clear majority — NULLing
380163,2025-05-30,485BPOS,0000051931-25-000567,EUPAC FUND,EUPAC FUND,CEUEX,DUPLICATE,NULL,Contested: ticker CEUEX maps to 2 series with no clear majority — NULLing
380164,2025-05-30,485BPOS,0000051931-25-000567,EUPAC FUND,EUPAC FUND,CEUFX,DUPLICATE,NULL,Contested: ticker CEUFX maps to 2 series with no clear majority — NULLing
380173,2025-05-30,485BPOS,0000051931-25-000567,EUPAC FUND,EUPAC FUND,FEPUX,DUPLICATE,NULL,Contested: ticker FEPUX maps to 2 series with no clear majority — NULLing
380169,2025-05-30,485BPOS,0000051931-25-000567,EUPAC FUND,EUPAC FUND,FEUPX,DUPLICATE,NULL,Contested: ticker FEUPX maps to 2 series with no clear majority — NULLing
380172,2025-05-30,485BPOS,0000051931-25-000567,EUPAC FUND,EUPAC FUND,FUEPX,DUPLICATE,NULL,Contested: ticker FUEPX maps to 2 series with no clear majority — NULLing
380167,2025-05-30,485BPOS,0000051931-25-000567,EUPAC FUND,EUPAC FUND,REEBX,DUPLICATE,NULL,Contested: ticker REEBX maps to 2 series with no clear majority — NULLing
380154,2025-05-30,485BPOS,0000051931-25-000567,EUPAC FUND,EUPAC FUND,RERAX,DUPLICATE,NULL,Contested: ticker RERAX maps to 2 series with no clear majority — NULLing
380155,2025-05-30,485BPOS,0000051931-25-000567,EUPAC FUND,EUPAC FUND,RERBX,DUPLICATE,NULL,Contested: ticker RERBX maps to 2 series with no clear majority — NULLing
380156,2025-05-30,485BPOS,0000051931-25-000567,EUPAC FUND,EUPAC FUND,RERCX,DUPLICATE,NULL,Contested: ticker RERCX maps to 2 series with no clear majority — NULLing
380157,2025-05-30,485BPOS,0000051931-25-000567,EUPAC FUND,EUPAC FUND,REREX,DUPLICATE,NULL,Contested: ticker REREX maps to 2 series with no clear majority — NULLing
380158,2025-05-30,485BPOS,0000051931-25-000567,EUPAC FUND,EUPAC FUND,RERFX,DUPLICATE,NULL,Contested: ticker RERFX maps to 2 series with no clear majority — NULLing
380166,2025-05-30,485BPOS,0000051931-25-000567,EUPAC FUND,EUPAC FUND,RERGX,DUPLICATE,NULL,Contested: ticker RERGX maps to 2 series with no clear majority — NULLing
380168,2025-05-30,485BPOS,0000051931-25-000567,EUPAC FUND,EUPAC FUND,RERHX,DUPLICATE,NULL,Contested: ticker RERHX maps to 2 series with no clear majority — NULLing
380170,2025-05-30,485BPOS,0000051931-25-000567,EUPAC FUND,EUPAC FUND,TEUGX,DUPLICATE,NULL,Contested: ticker TEUGX maps to 2 series with no clear majority — NULLing
380171,2025-05-30,485BPOS,0000051931-25-000567,EUPAC FUND,EUPAC FUND,TEUPX,DUPLICATE,NULL,Contested: ticker TEUPX maps to 2 series with no clear majority — NULLing
380139,2025-05-30,497K,0000051931-25-000569,EUPAC FUND,EUPAC FUND,AEGFX,DUPLICATE,NULL,Contested: ticker AEGFX maps to 2 series with no clear majority — NULLing
380138,2025-05-30,497K,0000051931-25-000569,EUPAC FUND,EUPAC FUND,AEPCX,DUPLICATE,NULL,Contested: ticker AEPCX maps to 2 series with no clear majority — NULLing
380144,2025-05-30,497K,0000051931-25-000569,EUPAC FUND,EUPAC FUND,AEPFX,DUPLICATE,NULL,Contested: ticker AEPFX maps to 2 series with no clear majority — NULLing
380132,2025-05-30,497K,0000051931-25-000569,EUPAC FUND,EUPAC FUND,AEPGX,DUPLICATE,NULL,Contested: ticker AEPGX maps to 2 series with no clear majority — NULLing
380140,2025-05-30,497K,0000051931-25-000569,EUPAC FUND,EUPAC FUND,CEUAX,DUPLICATE,NULL,Contested: ticker CEUAX maps to 2 series with no clear majority — NULLing
380141,2025-05-30,497K,0000051931-25-000569,EUPAC FUND,EUPAC FUND,CEUCX,DUPLICATE,NULL,Contested: ticker CEUCX maps to 2 series with no clear majority — NULLing
380142,2025-05-30,497K,0000051931-25-000569,EUPAC FUND,EUPAC FUND,CEUEX,DUPLICATE,NULL,Contested: ticker CEUEX maps to 2 series with no clear majority — NULLing
380143,2025-05-30,497K,0000051931-25-000569,EUPAC FUND,EUPAC FUND,CEUFX,DUPLICATE,NULL,Contested: ticker CEUFX maps to 2 series with no clear majority — NULLing
380152,2025-05-30,497K,0000051931-25-000569,EUPAC FUND,EUPAC FUND,FEPUX,DUPLICATE,NULL,Contested: ticker FEPUX maps to 2 series with no clear majority — NULLing
380148,2025-05-30,497K,0000051931-25-000569,EUPAC FUND,EUPAC FUND,FEUPX,DUPLICATE,NULL,Contested: ticker FEUPX maps to 2 series with no clear majority — NULLing
380151,2025-05-30,497K,0000051931-25-000569,EUPAC FUND,EUPAC FUND,FUEPX,DUPLICATE,NULL,Contested: ticker FUEPX maps to 2 series with no clear majority — NULLing
380146,2025-05-30,497K,0000051931-25-000569,EUPAC FUND,EUPAC FUND,REEBX,DUPLICATE,NULL,Contested: ticker REEBX maps to 2 series with no clear majority — NULLing
380133,2025-05-30,497K,0000051931-25-000569,EUPAC FUND,EUPAC FUND,RERAX,DUPLICATE,NULL,Contested: ticker RERAX maps to 2 series with no clear majority — NULLing
380134,2025-05-30,497K,0000051931-25-000569,EUPAC FUND,EUPAC FUND,RERBX,DUPLICATE,NULL,Contested: ticker RERBX maps to 2 series with no clear majority — NULLing
380135,2025-05-30,497K,0000051931-25-000569,EUPAC FUND,EUPAC FUND,RERCX,DUPLICATE,NULL,Contested: ticker RERCX maps to 2 series with no clear majority — NULLing
380136,2025-05-30,497K,0000051931-25-000569,EUPAC FUND,EUPAC FUND,REREX,DUPLICATE,NULL,Contested: ticker REREX maps to 2 series with no clear majority — NULLing
380137,2025-05-30,497K,0000051931-25-000569,EUPAC FUND,EUPAC FUND,RERFX,DUPLICATE,NULL,Contested: ticker RERFX maps to 2 series with no clear majority — NULLing
380145,2025-05-30,497K,0000051931-25-000569,EUPAC FUND,EUPAC FUND,RERGX,DUPLICATE,NULL,Contested: ticker RERGX maps to 2 series with no clear majority — NULLing
380147,2025-05-30,497K,0000051931-25-000569,EUPAC FUND,EUPAC FUND,RERHX,DUPLICATE,NULL,Contested: ticker RERHX maps to 2 series with no clear majority — NULLing
380149,2025-05-30,497K,0000051931-25-000569,EUPAC FUND,EUPAC FUND,TEUGX,DUPLICATE,NULL,Contested: ticker TEUGX maps to 2 series with no clear majority — NULLing
380150,2025-05-30,497K,0000051931-25-000569,EUPAC FUND,EUPAC FUND,TEUPX,DUPLICATE,NULL,Contested: ticker TEUPX maps to 2 series with no clear majority — NULLing
380118,2025-06-05,497J,0000051931-25-000584,EUPAC FUND,EUPAC FUND,AEGFX,DUPLICATE,NULL,Contested: ticker AEGFX maps to 2 series with no clear majority — NULLing
380117,2025-06-05,497J,0000051931-25-000584,EUPAC FUND,EUPAC FUND,AEPCX,DUPLICATE,NULL,Contested: ticker AEPCX maps to 2 series with no clear majority — NULLing
380123,2025-06-05,497J,0000051931-25-000584,EUPAC FUND,EUPAC FUND,AEPFX,DUPLICATE,NULL,Contested: ticker AEPFX maps to 2 series with no clear majority — NULLing
380111,2025-06-05,497J,0000051931-25-000584,EUPAC FUND,EUPAC FUND,AEPGX,DUPLICATE,NULL,Contested: ticker AEPGX maps to 2 series with no clear majority — NULLing
380119,2025-06-05,497J,0000051931-25-000584,EUPAC FUND,EUPAC FUND,CEUAX,DUPLICATE,NULL,Contested: ticker CEUAX maps to 2 series with no clear majority — NULLing
380120,2025-06-05,497J,0000051931-25-000584,EUPAC FUND,EUPAC FUND,CEUCX,DUPLICATE,NULL,Contested: ticker CEUCX maps to 2 series with no clear majority — NULLing
380121,2025-06-05,497J,0000051931-25-000584,EUPAC FUND,EUPAC FUND,CEUEX,DUPLICATE,NULL,Contested: ticker CEUEX maps to 2 series with no clear majority — NULLing
380122,2025-06-05,497J,0000051931-25-000584,EUPAC FUND,EUPAC FUND,CEUFX,DUPLICATE,NULL,Contested: ticker CEUFX maps to 2 series with no clear majority — NULLing
380131,2025-06-05,497J,0000051931-25-000584,EUPAC FUND,EUPAC FUND,FEPUX,DUPLICATE,NULL,Contested: ticker FEPUX maps to 2 series with no clear majority — NULLing
380127,2025-06-05,497J,0000051931-25-000584,EUPAC FUND,EUPAC FUND,FEUPX,DUPLICATE,NULL,Contested: ticker FEUPX maps to 2 series with no clear majority — NULLing
380130,2025-06-05,497J,0000051931-25-000584,EUPAC FUND,EUPAC FUND,FUEPX,DUPLICATE,NULL,Contested: ticker FUEPX maps to 2 series with no clear majority — NULLing
380125,2025-06-05,497J,0000051931-25-000584,EUPAC FUND,EUPAC FUND,REEBX,DUPLICATE,NULL,Contested: ticker REEBX maps to 2 series with no clear majority — NULLing
380112,2025-06-05,497J,0000051931-25-000584,EUPAC FUND,EUPAC FUND,RERAX,DUPLICATE,NULL,Contested: ticker RERAX maps to 2 series with no clear majority — NULLing
380113,2025-06-05,497J,0000051931-25-000584,EUPAC FUND,EUPAC FUND,RERBX,DUPLICATE,NULL,Contested: ticker RERBX maps to 2 series with no clear majority — NULLing
380114,2025-06-05,497J,0000051931-25-000584,EUPAC FUND,EUPAC FUND,RERCX,DUPLICATE,NULL,Contested: ticker RERCX maps to 2 series with no clear majority — NULLing
380115,2025-06-05,497J,0000051931-25-000584,EUPAC FUND,EUPAC FUND,REREX,DUPLICATE,NULL,Contested: ticker REREX maps to 2 series with no clear majority — NULLing
380116,2025-06-05,497J,0000051931-25-000584,EUPAC FUND,EUPAC FUND,RERFX,DUPLICATE,NULL,Contested: ticker RERFX maps to 2 series with no clear majority — NULLing
380124,2025-06-05,497J,0000051931-25-000584,EUPAC FUND,EUPAC FUND,RERGX,DUPLICATE,NULL,Contested: ticker RERGX maps to 2 series with no clear majority — NULLing
380126,2025-06-05,497J,0000051931-25-000584,EUPAC FUND,EUPAC FUND,RERHX,DUPLICATE,NULL,Contested: ticker RERHX maps to 2 series with no clear majority — NULLing
380128,2025-06-05,497J,0000051931-25-000584,EUPAC FUND,EUPAC FUND,TEUGX,DUPLICATE,NULL,Contested: ticker TEUGX maps to 2 series with no clear majority — NULLing
380129,2025-06-05,497J,0000051931-25-000584,EUPAC FUND,EUPAC FUND,TEUPX,DUPLICATE,NULL,Contested: ticker TEUPX maps to 2 series with no clear majority — NULLing
704978,2026-05-29,485BPOS,0000051931-26-000586,EUPAC FUND,EUPAC FUND,ADR,DUPLICATE,NULL,Contested: ticker ADR maps to 2 series with no clear majority — NULLing
704985,2026-05-29,485BPOS,0000051931-26-000586,EUPAC FUND,EUPAC FUND,AEGFX,DUPLICATE,NULL,Contested: ticker AEGFX maps to 2 series with no clear majority — NULLing
704984,2026-05-29,485BPOS,0000051931-26-000586,EUPAC FUND,EUPAC FUND,AEPCX,DUPLICATE,NULL,Contested: ticker AEPCX maps to 2 series with no clear majority — NULLing
704990,2026-05-29,485BPOS,0000051931-26-000586,EUPAC FUND,EUPAC FUND,AEPFX,DUPLICATE,NULL,Contested: ticker AEPFX maps to 2 series with no clear majority — NULLing
704986,2026-05-29,485BPOS,0000051931-26-000586,EUPAC FUND,EUPAC FUND,CEUAX,DUPLICATE,NULL,Contested: ticker CEUAX maps to 2 series with no clear majority — NULLing
704987,2026-05-29,485BPOS,0000051931-26-000586,EUPAC FUND,EUPAC FUND,CEUCX,DUPLICATE,NULL,Contested: ticker CEUCX maps to 2 series with no clear majority — NULLing
704988,2026-05-29,485BPOS,0000051931-26-000586,EUPAC FUND,EUPAC FUND,CEUEX,DUPLICATE,NULL,Contested: ticker CEUEX maps to 2 series with no clear majority — NULLing
704989,2026-05-29,485BPOS,0000051931-26-000586,EUPAC FUND,EUPAC FUND,CEUFX,DUPLICATE,NULL,Contested: ticker CEUFX maps to 2 series with no clear majority — NULLing
704998,2026-05-29,485BPOS,0000051931-26-000586,EUPAC FUND,EUPAC FUND,FEPUX,DUPLICATE,NULL,Contested: ticker FEPUX maps to 2 series with no clear majority — NULLing
704994,2026-05-29,485BPOS,0000051931-26-000586,EUPAC FUND,EUPAC FUND,FEUPX,DUPLICATE,NULL,Contested: ticker FEUPX maps to 2 series with no clear majority — NULLing
704997,2026-05-29,485BPOS,0000051931-26-000586,EUPAC FUND,EUPAC FUND,FUEPX,DUPLICATE,NULL,Contested: ticker FUEPX maps to 2 series with no clear majority — NULLing
704992,2026-05-29,485BPOS,0000051931-26-000586,EUPAC FUND,EUPAC FUND,REEBX,DUPLICATE,NULL,Contested: ticker REEBX maps to 2 series with no clear majority — NULLing
704979,2026-05-29,485BPOS,0000051931-26-000586,EUPAC FUND,EUPAC FUND,RERAX,DUPLICATE,NULL,Contested: ticker RERAX maps to 2 series with no clear majority — NULLing
704980,2026-05-29,485BPOS,0000051931-26-000586,EUPAC FUND,EUPAC FUND,RERBX,DUPLICATE,NULL,Contested: ticker RERBX maps to 2 series with no clear majority — NULLing
704981,2026-05-29,485BPOS,0000051931-26-000586,EUPAC FUND,EUPAC FUND,RERCX,DUPLICATE,NULL,Contested: ticker RERCX maps to 2 series with no clear majority — NULLing
704982,2026-05-29,485BPOS,0000051931-26-000586,EUPAC FUND,EUPAC FUND,REREX,DUPLICATE,NULL,Contested: ticker REREX maps to 2 series with no clear majority — NULLing
704983,2026-05-29,485BPOS,0000051931-26-000586,EUPAC FUND,EUPAC FUND,RERFX,DUPLICATE,NULL,Contested: ticker RERFX maps to 2 series with no clear majority — NULLing
704991,2026-05-29,485BPOS,0000051931-26-000586,EUPAC FUND,EUPAC FUND,RERGX,DUPLICATE,NULL,Contested: ticker RERGX maps to 2 series with no clear majority — NULLing
704993,2026-05-29,485BPOS,0000051931-26-000586,EUPAC FUND,EUPAC FUND,RERHX,DUPLICATE,NULL,Contested: ticker RERHX maps to 2 series with no clear majority — NULLing
704995,2026-05-29,485BPOS,0000051931-26-000586,EUPAC FUND,EUPAC FUND,TEUGX,DUPLICATE,NULL,Contested: ticker TEUGX maps to 2 series with no clear majority — NULLing
704996,2026-05-29,485BPOS,0000051931-26-000586,EUPAC FUND,EUPAC FUND,TEUPX,DUPLICATE,NULL,Contested: ticker TEUPX maps to 2 series with no clear majority — NULLing
705006,2026-05-29,497K,0000051931-26-000588,EUPAC FUND,EUPAC FUND,AEGFX,DUPLICATE,NULL,Contested: ticker AEGFX maps to 2 series with no clear majority — NULLing
705005,2026-05-29,497K,0000051931-26-000588,EUPAC FUND,EUPAC FUND,AEPCX,DUPLICATE,NULL,Contested: ticker AEPCX maps to 2 series with no clear majority — NULLing
705011,2026-05-29,497K,0000051931-26-000588,EUPAC FUND,EUPAC FUND,AEPFX,DUPLICATE,NULL,Contested: ticker AEPFX maps to 2 series with no clear majority — NULLing
704999,2026-05-29,497K,0000051931-26-000588,EUPAC FUND,EUPAC FUND,AEPGX,DUPLICATE,NULL,Contested: ticker AEPGX maps to 2 series with no clear majority — NULLing
705007,2026-05-29,497K,0000051931-26-000588,EUPAC FUND,EUPAC FUND,CEUAX,DUPLICATE,NULL,Contested: ticker CEUAX maps to 2 series with no clear majority — NULLing
705008,2026-05-29,497K,0000051931-26-000588,EUPAC FUND,EUPAC FUND,CEUCX,DUPLICATE,NULL,Contested: ticker CEUCX maps to 2 series with no clear majority — NULLing
705009,2026-05-29,497K,0000051931-26-000588,EUPAC FUND,EUPAC FUND,CEUEX,DUPLICATE,NULL,Contested: ticker CEUEX maps to 2 series with no clear majority — NULLing
705010,2026-05-29,497K,0000051931-26-000588,EUPAC FUND,EUPAC FUND,CEUFX,DUPLICATE,NULL,Contested: ticker CEUFX maps to 2 series with no clear majority — NULLing
705019,2026-05-29,497K,0000051931-26-000588,EUPAC FUND,EUPAC FUND,FEPUX,DUPLICATE,NULL,Contested: ticker FEPUX maps to 2 series with no clear majority — NULLing
705015,2026-05-29,497K,0000051931-26-000588,EUPAC FUND,EUPAC FUND,FEUPX,DUPLICATE,NULL,Contested: ticker FEUPX maps to 2 series with no clear majority — NULLing
705018,2026-05-29,497K,0000051931-26-000588,EUPAC FUND,EUPAC FUND,FUEPX,DUPLICATE,NULL,Contested: ticker FUEPX maps to 2 series with no clear majority — NULLing
705013,2026-05-29,497K,0000051931-26-000588,EUPAC FUND,EUPAC FUND,REEBX,DUPLICATE,NULL,Contested: ticker REEBX maps to 2 series with no clear majority — NULLing
705000,2026-05-29,497K,0000051931-26-000588,EUPAC FUND,EUPAC FUND,RERAX,DUPLICATE,NULL,Contested: ticker RERAX maps to 2 series with no clear majority — NULLing
705001,2026-05-29,497K,0000051931-26-000588,EUPAC FUND,EUPAC FUND,RERBX,DUPLICATE,NULL,Contested: ticker RERBX maps to 2 series with no clear majority — NULLing
705002,2026-05-29,497K,0000051931-26-000588,EUPAC FUND,EUPAC FUND,RERCX,DUPLICATE,NULL,Contested: ticker RERCX maps to 2 series with no clear majority — NULLing
705003,2026-05-29,497K,0000051931-26-000588,EUPAC FUND,EUPAC FUND,REREX,DUPLICATE,NULL,Contested: ticker REREX maps to 2 series with no clear majority — NULLing
705004,2026-05-29,497K,0000051931-26-000588,EUPAC FUND,EUPAC FUND,RERFX,DUPLICATE,NULL,Contested: ticker RERFX maps to 2 series with no clear majority — NULLing
705012,2026-05-29,497K,0000051931-26-000588,EUPAC FUND,EUPAC FUND,RERGX,DUPLICATE,NULL,Contested: ticker RERGX maps to 2 series with no clear majority — NULLing
705014,2026-05-29,497K,0000051931-26-000588,EUPAC FUND,EUPAC FUND,RERHX,DUPLICATE,NULL,Contested: ticker RERHX maps to 2 series with no clear majority — NULLing
705016,2026-05-29,497K,0000051931-26-000588,EUPAC FUND,EUPAC FUND,TEUGX,DUPLICATE,NULL,Contested: ticker TEUGX maps to 2 series with no clear majority — NULLing
705017,2026-05-29,497K,0000051931-26-000588,EUPAC FUND,EUPAC FUND,TEUPX,DUPLICATE,NULL,Contested: ticker TEUPX maps to 2 series with no clear majority — NULLing
710009,2026-06-05,497J,0000051931-26-000595,EUPAC FUND,EUPAC FUND,AEGFX,DUPLICATE,NULL,Contested: ticker AEGFX maps to 2 series with no clear majority — NULLing
710008,2026-06-05,497J,0000051931-26-000595,EUPAC FUND,EUPAC FUND,AEPCX,DUPLICATE,NULL,Contested: ticker AEPCX maps to 2 series with no clear majority — NULLing
710014,2026-06-05,497J,0000051931-26-000595,EUPAC FUND,EUPAC FUND,AEPFX,DUPLICATE,NULL,Contested: ticker AEPFX maps to 2 series with no clear majority — NULLing
710002,2026-06-05,497J,0000051931-26-000595,EUPAC FUND,EUPAC FUND,AEPGX,DUPLICATE,NULL,Contested: ticker AEPGX maps to 2 series with no clear majority — NULLing
710010,2026-06-05,497J,0000051931-26-000595,EUPAC FUND,EUPAC FUND,CEUAX,DUPLICATE,NULL,Contested: ticker CEUAX maps to 2 series with no clear majority — NULLing
710011,2026-06-05,497J,0000051931-26-000595,EUPAC FUND,EUPAC FUND,CEUCX,DUPLICATE,NULL,Contested: ticker CEUCX maps to 2 series with no clear majority — NULLing
710012,2026-06-05,497J,0000051931-26-000595,EUPAC FUND,EUPAC FUND,CEUEX,DUPLICATE,NULL,Contested: ticker CEUEX maps to 2 series with no clear majority — NULLing
710013,2026-06-05,497J,0000051931-26-000595,EUPAC FUND,EUPAC FUND,CEUFX,DUPLICATE,NULL,Contested: ticker CEUFX maps to 2 series with no clear majority — NULLing
710022,2026-06-05,497J,0000051931-26-000595,EUPAC FUND,EUPAC FUND,FEPUX,DUPLICATE,NULL,Contested: ticker FEPUX maps to 2 series with no clear majority — NULLing
710018,2026-06-05,497J,0000051931-26-000595,EUPAC FUND,EUPAC FUND,FEUPX,DUPLICATE,NULL,Contested: ticker FEUPX maps to 2 series with no clear majority — NULLing
710021,2026-06-05,497J,0000051931-26-000595,EUPAC FUND,EUPAC FUND,FUEPX,DUPLICATE,NULL,Contested: ticker FUEPX maps to 2 series with no clear majority — NULLing
710016,2026-06-05,497J,0000051931-26-000595,EUPAC FUND,EUPAC FUND,REEBX,DUPLICATE,NULL,Contested: ticker REEBX maps to 2 series with no clear majority — NULLing
710003,2026-06-05,497J,0000051931-26-000595,EUPAC FUND,EUPAC FUND,RERAX,DUPLICATE,NULL,Contested: ticker RERAX maps to 2 series with no clear majority — NULLing
710004,2026-06-05,497J,0000051931-26-000595,EUPAC FUND,EUPAC FUND,RERBX,DUPLICATE,NULL,Contested: ticker RERBX maps to 2 series with no clear majority — NULLing
710005,2026-06-05,497J,0000051931-26-000595,EUPAC FUND,EUPAC FUND,RERCX,DUPLICATE,NULL,Contested: ticker RERCX maps to 2 series with no clear majority — NULLing
710006,2026-06-05,497J,0000051931-26-000595,EUPAC FUND,EUPAC FUND,REREX,DUPLICATE,NULL,Contested: ticker REREX maps to 2 series with no clear majority — NULLing
710007,2026-06-05,497J,0000051931-26-000595,EUPAC FUND,EUPAC FUND,RERFX,DUPLICATE,NULL,Contested: ticker RERFX maps to 2 series with no clear majority — NULLing
710015,2026-06-05,497J,0000051931-26-000595,EUPAC FUND,EUPAC FUND,RERGX,DUPLICATE,NULL,Contested: ticker RERGX maps to 2 series with no clear majority — NULLing
710017,2026-06-05,497J,0000051931-26-000595,EUPAC FUND,EUPAC FUND,RERHX,DUPLICATE,NULL,Contested: ticker RERHX maps to 2 series with no clear majority — NULLing
710019,2026-06-05,497J,0000051931-26-000595,EUPAC FUND,EUPAC FUND,TEUGX,DUPLICATE,NULL,Contested: ticker TEUGX maps to 2 series with no clear majority — NULLing
710020,2026-06-05,497J,0000051931-26-000595,EUPAC FUND,EUPAC FUND,TEUPX,DUPLICATE,NULL,Contested: ticker TEUPX maps to 2 series with no clear majority — NULLing
196463,2023-04-28,497K,0000894189-23-003316,Professionally Managed Portfolios,Muzinich U.S. High Yield Credit Fund,MZHRX,DUPLICATE,NULL,Contested: ticker MZHRX maps to 2 series with no clear majority — NULLing
196464,2023-04-28,497K,0000894189-23-003316,Professionally Managed Portfolios,Muzinich U.S. High Yield Credit Fund,MZHRX,DUPLICATE,NULL,Contested: ticker MZHRX maps to 2 series with no clear majority — NULLing
196465,2023-04-28,497K,0000894189-23-003316,Professionally Managed Portfolios,Muzinich U.S. High Yield Credit Fund,MZHRX,DUPLICATE,NULL,Contested: ticker MZHRX maps to 2 series with no clear majority — NULLing
196454,2023-05-04,497J,0000894189-23-003512,Professionally Managed Portfolios,Muzinich U.S. High Yield Credit Fund,MZHRX,DUPLICATE,NULL,Contested: ticker MZHRX maps to 2 series with no clear majority — NULLing
196380,2023-09-22,497,0000894189-23-007127,Professionally Managed Portfolios,Muzinich U.S. High Yield Credit Fund,MZHRX,DUPLICATE,NULL,Contested: ticker MZHRX maps to 2 series with no clear majority — NULLing
196381,2023-09-22,497,0000894189-23-007127,Professionally Managed Portfolios,Muzinich U.S. High Yield Credit Fund,MZHRX,DUPLICATE,NULL,Contested: ticker MZHRX maps to 2 series with no clear majority — NULLing
196382,2023-09-22,497,0000894189-23-007127,Professionally Managed Portfolios,Muzinich U.S. High Yield Credit Fund,MZHRX,DUPLICATE,NULL,Contested: ticker MZHRX maps to 2 series with no clear majority — NULLing
196377,2023-09-25,497K,0000894189-23-007144,Professionally Managed Portfolios,Muzinich U.S. High Yield Credit Fund,MZHRX,DUPLICATE,NULL,Contested: ticker MZHRX maps to 2 series with no clear majority — NULLing
196378,2023-09-25,497K,0000894189-23-007144,Professionally Managed Portfolios,Muzinich U.S. High Yield Credit Fund,MZHRX,DUPLICATE,NULL,Contested: ticker MZHRX maps to 2 series with no clear majority — NULLing
196379,2023-09-25,497K,0000894189-23-007144,Professionally Managed Portfolios,Muzinich U.S. High Yield Credit Fund,MZHRX,DUPLICATE,NULL,Contested: ticker MZHRX maps to 2 series with no clear majority — NULLing
594108,2024-02-08,497,0000894189-24-000946,Total Fund Solution,Cromwell Foresight Global Sustainable Infrastructure Fund,CFGIX,DUPLICATE,NULL,Contested: ticker CFGIX maps to 2 series with no clear majority — NULLing
196278,2024-03-12,497,0000894189-24-001681,Professionally Managed Portfolios,Muzinich Flexible U.S. High Yield Income Fund,MZHRX,DUPLICATE,NULL,Contested: ticker MZHRX maps to 2 series with no clear majority — NULLing
196279,2024-03-12,497,0000894189-24-001681,Professionally Managed Portfolios,Muzinich Flexible U.S. High Yield Income Fund,MZHRX,DUPLICATE,NULL,Contested: ticker MZHRX maps to 2 series with no clear majority — NULLing
196280,2024-03-12,497,0000894189-24-001681,Professionally Managed Portfolios,Muzinich Flexible U.S. High Yield Income Fund,MZHRX,DUPLICATE,NULL,Contested: ticker MZHRX maps to 2 series with no clear majority — NULLing
196275,2024-03-12,497K,0000894189-24-001682,Professionally Managed Portfolios,Muzinich Flexible U.S. High Yield Income Fund,MZHRX,DUPLICATE,NULL,Contested: ticker MZHRX maps to 2 series with no clear majority — NULLing
196276,2024-03-12,497K,0000894189-24-001682,Professionally Managed Portfolios,Muzinich Flexible U.S. High Yield Income Fund,MZHRX,DUPLICATE,NULL,Contested: ticker MZHRX maps to 2 series with no clear majority — NULLing
196277,2024-03-12,497K,0000894189-24-001682,Professionally Managed Portfolios,Muzinich Flexible U.S. High Yield Income Fund,MZHRX,DUPLICATE,NULL,Contested: ticker MZHRX maps to 2 series with no clear majority — NULLing
594078,2024-05-03,497J,0000894189-24-003172,Total Fund Solution,Cromwell Foresight Global Sustainable Infrastructure Fund,CFGIX,DUPLICATE,NULL,Contested: ticker CFGIX maps to 2 series with no clear majority — NULLing
661135,2026-04-24,497,0000894189-26-012800,KINETICS MUTUAL FUNDS INC,Kinetics Spin-Off and Corporate Restructuring Fund,LSHAX,DUPLICATE,NULL,Contested: ticker LSHAX maps to 7 series with no clear majority — NULLing
661136,2026-04-24,497,0000894189-26-012800,KINETICS MUTUAL FUNDS INC,Kinetics Spin-Off and Corporate Restructuring Fund,LSHCX,DUPLICATE,NULL,Contested: ticker LSHCX maps to 7 series with no clear majority — NULLing
661138,2026-04-24,497,0000894189-26-012800,KINETICS MUTUAL FUNDS INC,Kinetics Spin-Off and Corporate Restructuring Fund,LSHEX,DUPLICATE,NULL,Contested: ticker LSHEX maps to 6 series with no clear majority — NULLing
661137,2026-04-24,497,0000894189-26-012800,KINETICS MUTUAL FUNDS INC,Kinetics Spin-Off and Corporate Restructuring Fund,LSHUX,DUPLICATE,NULL,Contested: ticker LSHUX maps to 7 series with no clear majority — NULLing
678760,2026-04-30,485BPOS,0000894189-26-014127,Professionally Managed Portfolios,Muzinich Flexible U.S. High Yield Income Fund,MZHRX,DUPLICATE,NULL,Contested: ticker MZHRX maps to 2 series with no clear majority — NULLing
678794,2026-04-30,497K,0000894189-26-014138,Professionally Managed Portfolios,Muzinich Flexible U.S. High Yield Income Fund,MZHRX,DUPLICATE,NULL,Contested: ticker MZHRX maps to 2 series with no clear majority — NULLing
679050,2026-04-30,485BPOS,0000894189-26-014162,KINETICS MUTUAL FUNDS INC,Kinetics Spin-Off and Corporate Restructuring Fund,LSHAX,DUPLICATE,NULL,Contested: ticker LSHAX maps to 7 series with no clear majority — NULLing
679051,2026-04-30,485BPOS,0000894189-26-014162,KINETICS MUTUAL FUNDS INC,Kinetics Spin-Off and Corporate Restructuring Fund,LSHCX,DUPLICATE,NULL,Contested: ticker LSHCX maps to 7 series with no clear majority — NULLing
679053,2026-04-30,485BPOS,0000894189-26-014162,KINETICS MUTUAL FUNDS INC,Kinetics Spin-Off and Corporate Restructuring Fund,LSHEX,DUPLICATE,NULL,Contested: ticker LSHEX maps to 6 series with no clear majority — NULLing
679052,2026-04-30,485BPOS,0000894189-26-014162,KINETICS MUTUAL FUNDS INC,Kinetics Spin-Off and Corporate Restructuring Fund,LSHUX,DUPLICATE,NULL,Contested: ticker LSHUX maps to 7 series with no clear majority — NULLing
690071,2026-05-05,497J,0000894189-26-014356,Professionally Managed Portfolios,Muzinich Flexible U.S. High Yield Income Fund,MZHRX,DUPLICATE,NULL,Contested: ticker MZHRX maps to 2 series with no clear majority — NULLing
691951,2026-05-06,497,0000894189-26-014510,KINETICS MUTUAL FUNDS INC,Kinetics Spin-Off and Corporate Restructuring Fund,LSHAX,DUPLICATE,NULL,Contested: ticker LSHAX maps to 7 series with no clear majority — NULLing
691952,2026-05-06,497,0000894189-26-014510,KINETICS MUTUAL FUNDS INC,Kinetics Spin-Off and Corporate Restructuring Fund,LSHCX,DUPLICATE,NULL,Contested: ticker LSHCX maps to 7 series with no clear majority — NULLing
691954,2026-05-06,497,0000894189-26-014510,KINETICS MUTUAL FUNDS INC,Kinetics Spin-Off and Corporate Restructuring Fund,LSHEX,DUPLICATE,NULL,Contested: ticker LSHEX maps to 6 series with no clear majority — NULLing
691953,2026-05-06,497,0000894189-26-014510,KINETICS MUTUAL FUNDS INC,Kinetics Spin-Off and Corporate Restructuring Fund,LSHUX,DUPLICATE,NULL,Contested: ticker LSHUX maps to 7 series with no clear majority — NULLing
691904,2026-05-06,497K,0000894189-26-014525,KINETICS MUTUAL FUNDS INC,Kinetics Spin-Off and Corporate Restructuring Fund,LSHAX,DUPLICATE,NULL,Contested: ticker LSHAX maps to 7 series with no clear majority — NULLing
691905,2026-05-06,497K,0000894189-26-014525,KINETICS MUTUAL FUNDS INC,Kinetics Spin-Off and Corporate Restructuring Fund,LSHCX,DUPLICATE,NULL,Contested: ticker LSHCX maps to 7 series with no clear majority — NULLing
691907,2026-05-06,497K,0000894189-26-014525,KINETICS MUTUAL FUNDS INC,Kinetics Spin-Off and Corporate Restructuring Fund,LSHEX,DUPLICATE,NULL,Contested: ticker LSHEX maps to 6 series with no clear majority — NULLing
691906,2026-05-06,497K,0000894189-26-014525,KINETICS MUTUAL FUNDS INC,Kinetics Spin-Off and Corporate Restructuring Fund,LSHUX,DUPLICATE,NULL,Contested: ticker LSHUX maps to 7 series with no clear majority — NULLing
699067,2026-05-19,497,0000894189-26-015042,Professionally Managed Portfolios,Muzinich Flexible U.S. High Yield Income Fund,MZCIX,DUPLICATE,NULL,"Bleed: ticker MZCIX canonically belongs to 'Muzinich Dynamic Income Fund', not this series"
699068,2026-05-19,497,0000894189-26-015042,Professionally Managed Portfolios,Muzinich Flexible U.S. High Yield Income Fund,MZCIX,DUPLICATE,NULL,"Bleed: ticker MZCIX canonically belongs to 'Muzinich Dynamic Income Fund', not this series"
699070,2026-05-19,497,0000894189-26-015042,Professionally Managed Portfolios,Muzinich Dynamic Income Fund,MZCIX,DUPLICATE,KEEP,Canonical owner of MZCIX (5 of 9 extractions)
699071,2026-05-19,497,0000894189-26-015042,Professionally Managed Portfolios,Muzinich Dynamic Income Fund,MZCIX,DUPLICATE,KEEP,Canonical owner of MZCIX (5 of 9 extractions)
699073,2026-05-19,497,0000894189-26-015042,Professionally Managed Portfolios,Muzinich Low Duration Fund,MZCIX,DUPLICATE,NULL,"Bleed: ticker MZCIX canonically belongs to 'Muzinich Dynamic Income Fund', not this series"
699074,2026-05-19,497,0000894189-26-015042,Professionally Managed Portfolios,Muzinich Low Duration Fund,MZCIX,DUPLICATE,NULL,"Bleed: ticker MZCIX canonically belongs to 'Muzinich Dynamic Income Fund', not this series"
699066,2026-05-19,497,0000894189-26-015042,Professionally Managed Portfolios,Muzinich Flexible U.S. High Yield Income Fund,MZHRX,DUPLICATE,NULL,Contested: ticker MZHRX maps to 2 series with no clear majority — NULLing
703089,2026-05-27,497,0000894189-26-015679,KINETICS MUTUAL FUNDS INC,Kinetics Internet Fund,LSHAX,DUPLICATE,NULL,Contested: ticker LSHAX maps to 7 series with no clear majority — NULLing
703091,2026-05-27,497,0000894189-26-015679,KINETICS MUTUAL FUNDS INC,Kinetics Paradigm Fund,LSHAX,DUPLICATE,NULL,Contested: ticker LSHAX maps to 7 series with no clear majority — NULLing
703096,2026-05-27,497,0000894189-26-015679,KINETICS MUTUAL FUNDS INC,Kinetics Small Cap Opportunities Fund,LSHAX,DUPLICATE,NULL,Contested: ticker LSHAX maps to 7 series with no clear majority — NULLing
703098,2026-05-27,497,0000894189-26-015679,KINETICS MUTUAL FUNDS INC,Kinetics Global Fund,LSHAX,DUPLICATE,NULL,Contested: ticker LSHAX maps to 7 series with no clear majority — NULLing
703103,2026-05-27,497,0000894189-26-015679,KINETICS MUTUAL FUNDS INC,Kinetics Market Opportunities Fund,LSHAX,DUPLICATE,NULL,Contested: ticker LSHAX maps to 7 series with no clear majority — NULLing
703107,2026-05-27,497,0000894189-26-015679,KINETICS MUTUAL FUNDS INC,Kinetics Multi-Disciplinary Income Fund,LSHAX,DUPLICATE,NULL,Contested: ticker LSHAX maps to 7 series with no clear majority — NULLing
703110,2026-05-27,497,0000894189-26-015679,KINETICS MUTUAL FUNDS INC,Kinetics Spin-Off and Corporate Restructuring Fund,LSHAX,DUPLICATE,NULL,Contested: ticker LSHAX maps to 7 series with no clear majority — NULLing
703086,2026-05-27,497,0000894189-26-015679,KINETICS MUTUAL FUNDS INC,Kinetics Internet Fund,LSHCX,DUPLICATE,NULL,Contested: ticker LSHCX maps to 7 series with no clear majority — NULLing
703092,2026-05-27,497,0000894189-26-015679,KINETICS MUTUAL FUNDS INC,Kinetics Paradigm Fund,LSHCX,DUPLICATE,NULL,Contested: ticker LSHCX maps to 7 series with no clear majority — NULLing
703094,2026-05-27,497,0000894189-26-015679,KINETICS MUTUAL FUNDS INC,Kinetics Small Cap Opportunities Fund,LSHCX,DUPLICATE,NULL,Contested: ticker LSHCX maps to 7 series with no clear majority — NULLing
703099,2026-05-27,497,0000894189-26-015679,KINETICS MUTUAL FUNDS INC,Kinetics Global Fund,LSHCX,DUPLICATE,NULL,Contested: ticker LSHCX maps to 7 series with no clear majority — NULLing
703104,2026-05-27,497,0000894189-26-015679,KINETICS MUTUAL FUNDS INC,Kinetics Market Opportunities Fund,LSHCX,DUPLICATE,NULL,Contested: ticker LSHCX maps to 7 series with no clear majority — NULLing
703108,2026-05-27,497,0000894189-26-015679,KINETICS MUTUAL FUNDS INC,Kinetics Multi-Disciplinary Income Fund,LSHCX,DUPLICATE,NULL,Contested: ticker LSHCX maps to 7 series with no clear majority — NULLing
703111,2026-05-27,497,0000894189-26-015679,KINETICS MUTUAL FUNDS INC,Kinetics Spin-Off and Corporate Restructuring Fund,LSHCX,DUPLICATE,NULL,Contested: ticker LSHCX maps to 7 series with no clear majority — NULLing
703088,2026-05-27,497,0000894189-26-015679,KINETICS MUTUAL FUNDS INC,Kinetics Internet Fund,LSHEX,DUPLICATE,NULL,Contested: ticker LSHEX maps to 6 series with no clear majority — NULLing
703090,2026-05-27,497,0000894189-26-015679,KINETICS MUTUAL FUNDS INC,Kinetics Paradigm Fund,LSHEX,DUPLICATE,NULL,Contested: ticker LSHEX maps to 6 series with no clear majority — NULLing
703095,2026-05-27,497,0000894189-26-015679,KINETICS MUTUAL FUNDS INC,Kinetics Small Cap Opportunities Fund,LSHEX,DUPLICATE,NULL,Contested: ticker LSHEX maps to 6 series with no clear majority — NULLing
703101,2026-05-27,497,0000894189-26-015679,KINETICS MUTUAL FUNDS INC,Kinetics Global Fund,LSHEX,DUPLICATE,NULL,Contested: ticker LSHEX maps to 6 series with no clear majority — NULLing
703102,2026-05-27,497,0000894189-26-015679,KINETICS MUTUAL FUNDS INC,Kinetics Market Opportunities Fund,LSHEX,DUPLICATE,NULL,Contested: ticker LSHEX maps to 6 series with no clear majority — NULLing
703113,2026-05-27,497,0000894189-26-015679,KINETICS MUTUAL FUNDS INC,Kinetics Spin-Off and Corporate Restructuring Fund,LSHEX,DUPLICATE,NULL,Contested: ticker LSHEX maps to 6 series with no clear majority — NULLing
703087,2026-05-27,497,0000894189-26-015679,KINETICS MUTUAL FUNDS INC,Kinetics Internet Fund,LSHUX,DUPLICATE,NULL,Contested: ticker LSHUX maps to 7 series with no clear majority — NULLing
703093,2026-05-27,497,0000894189-26-015679,KINETICS MUTUAL FUNDS INC,Kinetics Paradigm Fund,LSHUX,DUPLICATE,NULL,Contested: ticker LSHUX maps to 7 series with no clear majority — NULLing
703097,2026-05-27,497,0000894189-26-015679,KINETICS MUTUAL FUNDS INC,Kinetics Small Cap Opportunities Fund,LSHUX,DUPLICATE,NULL,Contested: ticker LSHUX maps to 7 series with no clear majority — NULLing
703100,2026-05-27,497,0000894189-26-015679,KINETICS MUTUAL FUNDS INC,Kinetics Global Fund,LSHUX,DUPLICATE,NULL,Contested: ticker LSHUX maps to 7 series with no clear majority — NULLing
703105,2026-05-27,497,0000894189-26-015679,KINETICS MUTUAL FUNDS INC,Kinetics Market Opportunities Fund,LSHUX,DUPLICATE,NULL,Contested: ticker LSHUX maps to 7 series with no clear majority — NULLing
703109,2026-05-27,497,0000894189-26-015679,KINETICS MUTUAL FUNDS INC,Kinetics Multi-Disciplinary Income Fund,LSHUX,DUPLICATE,NULL,Contested: ticker LSHUX maps to 7 series with no clear majority — NULLing
703112,2026-05-27,497,0000894189-26-015679,KINETICS MUTUAL FUNDS INC,Kinetics Spin-Off and Corporate Restructuring Fund,LSHUX,DUPLICATE,NULL,Contested: ticker LSHUX maps to 7 series with no clear majority — NULLing
704480,2026-05-28,497,0000894189-26-016499,KINETICS MUTUAL FUNDS INC,Kinetics Internet Fund,LSHEX,DUPLICATE,NULL,Contested: ticker LSHEX maps to 6 series with no clear majority — NULLing
704481,2026-05-28,497,0000894189-26-016499,KINETICS MUTUAL FUNDS INC,Kinetics Paradigm Fund,LSHEX,DUPLICATE,NULL,Contested: ticker LSHEX maps to 6 series with no clear majority — NULLing
704482,2026-05-28,497,0000894189-26-016499,KINETICS MUTUAL FUNDS INC,Kinetics Small Cap Opportunities Fund,LSHEX,DUPLICATE,NULL,Contested: ticker LSHEX maps to 6 series with no clear majority — NULLing
704483,2026-05-28,497,0000894189-26-016499,KINETICS MUTUAL FUNDS INC,Kinetics Global Fund,LSHEX,DUPLICATE,NULL,Contested: ticker LSHEX maps to 6 series with no clear majority — NULLing
704484,2026-05-28,497,0000894189-26-016499,KINETICS MUTUAL FUNDS INC,Kinetics Market Opportunities Fund,LSHEX,DUPLICATE,NULL,Contested: ticker LSHEX maps to 6 series with no clear majority — NULLing
657119,2026-04-20,497,0000912938-26-000390,MFS SERIES TRUST X,MFS Blended Research Value Equity Fund,SYMBO,DUPLICATE,NULL,Contested: ticker SYMBO maps to 2 series with no clear majority — NULLing
657128,2026-04-20,497K,0000912938-26-000393,MFS SERIES TRUST X,MFS Blended Research Value Equity Fund,SYMBO,DUPLICATE,NULL,Contested: ticker SYMBO maps to 2 series with no clear majority — NULLing
657165,2026-04-20,497K,0000912938-26-000396,MFS SERIES TRUST X,MFS Blended Research Growth Equity Fund,SYMB,DUPLICATE,NULL,Contested: ticker SYMB maps to 2 series with no clear majority — NULLing
657156,2026-04-20,497,0000912938-26-000397,MFS SERIES TRUST X,MFS Blended Research Growth Equity Fund,SYMB,DUPLICATE,NULL,Contested: ticker SYMB maps to 2 series with no clear majority — NULLing
695395,2026-05-12,497,0000912938-26-000558,MFS SERIES TRUST XII,MFS Lifetime 2045 Fund,RTA,DUPLICATE,NULL,Contested: ticker RTA maps to 2 series with no clear majority — NULLing
695424,2026-05-12,497K,0000912938-26-000562,MFS SERIES TRUST XII,MFS Lifetime 2050 Fund,FILER,DUPLICATE,NULL,Contested: ticker FILER maps to 9 series with no clear majority — NULLing
695412,2026-05-12,497,0000912938-26-000563,MFS SERIES TRUST X,MFS International Diversification Fund,SYMBO,DUPLICATE,NULL,Contested: ticker SYMBO maps to 2 series with no clear majority — NULLing
695466,2026-05-12,497K,0000912938-26-000565,MFS SERIES TRUST X,MFS International Diversification Fund,SYMBO,DUPLICATE,NULL,Contested: ticker SYMBO maps to 2 series with no clear majority — NULLing
695460,2026-05-12,497,0000912938-26-000566,MFS SERIES TRUST XII,MFS Lifetime 2030 Fund,FILER,DUPLICATE,NULL,Contested: ticker FILER maps to 9 series with no clear majority — NULLing
695531,2026-05-12,497,0000912938-26-000568,MFS SERIES TRUST XII,MFS Lifetime 2035 Fund,FILER,DUPLICATE,NULL,Contested: ticker FILER maps to 9 series with no clear majority — NULLing
695522,2026-05-12,497,0000912938-26-000569,MFS SERIES TRUST XII,MFS Lifetime Income Fund,FILER,DUPLICATE,NULL,Contested: ticker FILER maps to 9 series with no clear majority — NULLing
695513,2026-05-12,497K,0000912938-26-000570,MFS SERIES TRUST XII,MFS Lifetime 2035 Fund,FILER,DUPLICATE,NULL,Contested: ticker FILER maps to 9 series with no clear majority — NULLing
695496,2026-05-12,497,0000912938-26-000571,MFS SERIES TRUST X,MFS International Large Cap Value Fund,SYMB,DUPLICATE,NULL,Contested: ticker SYMB maps to 2 series with no clear majority — NULLing
695504,2026-05-12,497K,0000912938-26-000572,MFS SERIES TRUST XII,MFS Lifetime Income Fund,FILER,DUPLICATE,NULL,Contested: ticker FILER maps to 9 series with no clear majority — NULLing
695486,2026-05-12,497K,0000912938-26-000573,MFS SERIES TRUST XII,MFS Lifetime 2025 Fund,FILER,DUPLICATE,NULL,Contested: ticker FILER maps to 9 series with no clear majority — NULLing
695612,2026-05-12,497,0000912938-26-000574,MFS SERIES TRUST XII,MFS Lifetime 2055 Fund,FILER,DUPLICATE,NULL,Contested: ticker FILER maps to 9 series with no clear majority — NULLing
695610,2026-05-12,497,0000912938-26-000574,MFS SERIES TRUST XII,MFS Lifetime 2055 Fund,RTA,DUPLICATE,NULL,Contested: ticker RTA maps to 2 series with no clear majority — NULLing
695603,2026-05-12,497K,0000912938-26-000575,MFS SERIES TRUST XII,MFS Lifetime 2030 Fund,FILER,DUPLICATE,NULL,Contested: ticker FILER maps to 9 series with no clear majority — NULLing
695594,2026-05-12,497K,0000912938-26-000576,MFS SERIES TRUST XII,MFS Lifetime 2055 Fund,FILER,DUPLICATE,NULL,Contested: ticker FILER maps to 9 series with no clear majority — NULLing
695558,2026-05-12,497,0000912938-26-000577,MFS SERIES TRUST X,MFS Aggressive Growth Allocation Fund,SY,DUPLICATE,NULL,Contested: ticker SY maps to 14 series with no clear majority — NULLing
695567,2026-05-12,497,0000912938-26-000577,MFS SERIES TRUST X,MFS Moderate Allocation Fund,SY,DUPLICATE,NULL,Contested: ticker SY maps to 14 series with no clear majority — NULLing
695576,2026-05-12,497,0000912938-26-000577,MFS SERIES TRUST X,MFS Conservative Allocation Fund,SY,DUPLICATE,NULL,Contested: ticker SY maps to 14 series with no clear majority — NULLing
695585,2026-05-12,497,0000912938-26-000577,MFS SERIES TRUST X,MFS Growth Allocation Fund,SY,DUPLICATE,NULL,Contested: ticker SY maps to 14 series with no clear majority — NULLing
695549,2026-05-12,497,0000912938-26-000578,MFS SERIES TRUST XII,MFS Lifetime 2060 Fund,FILER,DUPLICATE,NULL,Contested: ticker FILER maps to 9 series with no clear majority — NULLing
695540,2026-05-12,497K,0000912938-26-000579,MFS SERIES TRUST XII,MFS Lifetime 2060 Fund,FILER,DUPLICATE,NULL,Contested: ticker FILER maps to 9 series with no clear majority — NULLing
695633,2026-05-12,497,0000912938-26-000580,MFS SERIES TRUST XII,MFS Lifetime 2065 Fund,FILER,DUPLICATE,NULL,Contested: ticker FILER maps to 9 series with no clear majority — NULLing
695625,2026-05-12,497K,0000912938-26-000581,MFS SERIES TRUST XII,MFS Lifetime 2065 Fund,FILER,DUPLICATE,NULL,Contested: ticker FILER maps to 9 series with no clear majority — NULLing
695637,2026-05-12,497K,0000912938-26-000582,MFS SERIES TRUST X,MFS International Large Cap Value Fund,SYMB,DUPLICATE,NULL,Contested: ticker SYMB maps to 2 series with no clear majority — NULLing
695645,2026-05-12,497,0000912938-26-000583,MFS SERIES TRUST X,MFS Aggressive Growth Allocation Fund,SY,DUPLICATE,NULL,Contested: ticker SY maps to 14 series with no clear majority — NULLing
695654,2026-05-12,497,0000912938-26-000583,MFS SERIES TRUST X,MFS Moderate Allocation Fund,SY,DUPLICATE,NULL,Contested: ticker SY maps to 14 series with no clear majority — NULLing
695663,2026-05-12,497,0000912938-26-000583,MFS SERIES TRUST X,MFS Conservative Allocation Fund,SY,DUPLICATE,NULL,Contested: ticker SY maps to 14 series with no clear majority — NULLing
695671,2026-05-12,497,0000912938-26-000583,MFS SERIES TRUST X,MFS Emerging Markets Equity Fund,SY,DUPLICATE,NULL,Contested: ticker SY maps to 14 series with no clear majority — NULLing
695681,2026-05-12,497,0000912938-26-000583,MFS SERIES TRUST X,MFS Growth Allocation Fund,SY,DUPLICATE,NULL,Contested: ticker SY maps to 14 series with no clear majority — NULLing
695690,2026-05-12,497,0000912938-26-000583,MFS SERIES TRUST X,MFS International Diversification Fund,SY,DUPLICATE,NULL,Contested: ticker SY maps to 14 series with no clear majority — NULLing
695698,2026-05-12,497,0000912938-26-000583,MFS SERIES TRUST X,MFS International Growth Fund,SY,DUPLICATE,NULL,Contested: ticker SY maps to 14 series with no clear majority — NULLing
695707,2026-05-12,497,0000912938-26-000583,MFS SERIES TRUST X,MFS International Intrinsic Equity Fund,SY,DUPLICATE,NULL,Contested: ticker SY maps to 14 series with no clear majority — NULLing
695716,2026-05-12,497,0000912938-26-000583,MFS SERIES TRUST X,MFS Managed Wealth Fund,SY,DUPLICATE,NULL,Contested: ticker SY maps to 14 series with no clear majority — NULLing
695725,2026-05-12,497,0000912938-26-000583,MFS SERIES TRUST X,MFS Blended Research Growth Equity Fund,SY,DUPLICATE,NULL,Contested: ticker SY maps to 14 series with no clear majority — NULLing
695734,2026-05-12,497,0000912938-26-000583,MFS SERIES TRUST X,MFS Blended Research Small Cap Equity Fund,SY,DUPLICATE,NULL,Contested: ticker SY maps to 14 series with no clear majority — NULLing
695743,2026-05-12,497,0000912938-26-000583,MFS SERIES TRUST X,MFS Blended Research Value Equity Fund,SY,DUPLICATE,NULL,Contested: ticker SY maps to 14 series with no clear majority — NULLing
695752,2026-05-12,497,0000912938-26-000583,MFS SERIES TRUST X,MFS Blended Research Mid Cap Equity Fund,SY,DUPLICATE,NULL,Contested: ticker SY maps to 14 series with no clear majority — NULLing
695765,2026-05-12,497,0000912938-26-000583,MFS SERIES TRUST X,MFS International Large Cap Value Fund,SY,DUPLICATE,NULL,Contested: ticker SY maps to 14 series with no clear majority — NULLing
698511,2026-05-18,485BPOS,0000912938-26-000634,MFS SERIES TRUST XII,MFS Lifetime 2070 Fund,PRC,DUPLICATE,NULL,Contested: ticker PRC maps to 16 series with no clear majority — NULLing
698526,2026-05-18,497K,0000912938-26-000635,MFS SERIES TRUST XII,MFS Lifetime 2070 Fund,FILER,DUPLICATE,NULL,Contested: ticker FILER maps to 9 series with no clear majority — NULLing
698804,2026-05-19,497,0000912938-26-000641,MFS SERIES TRUST XII,MFS Corporate Bond Fund,PRC,DUPLICATE,NULL,Contested: ticker PRC maps to 16 series with no clear majority — NULLing
698814,2026-05-19,497,0000912938-26-000641,MFS SERIES TRUST XII,MFS Limited Maturity Fund,PRC,DUPLICATE,NULL,Contested: ticker PRC maps to 16 series with no clear majority — NULLing
698822,2026-05-19,497,0000912938-26-000641,MFS SERIES TRUST XII,MFS Municipal Limited Maturity Fund,PRC,DUPLICATE,NULL,Contested: ticker PRC maps to 16 series with no clear majority — NULLing
698827,2026-05-19,497,0000912938-26-000641,MFS SERIES TRUST XII,MFS Total Return Bond Fund,PRC,DUPLICATE,NULL,Contested: ticker PRC maps to 16 series with no clear majority — NULLing
698836,2026-05-19,497,0000912938-26-000641,MFS SERIES TRUST XII,MFS Lifetime Income Fund,PRC,DUPLICATE,NULL,Contested: ticker PRC maps to 16 series with no clear majority — NULLing
698845,2026-05-19,497,0000912938-26-000641,MFS SERIES TRUST XII,MFS Lifetime 2030 Fund,PRC,DUPLICATE,NULL,Contested: ticker PRC maps to 16 series with no clear majority — NULLing
698854,2026-05-19,497,0000912938-26-000641,MFS SERIES TRUST XII,MFS Lifetime 2040 Fund,PRC,DUPLICATE,NULL,Contested: ticker PRC maps to 16 series with no clear majority — NULLing
698863,2026-05-19,497,0000912938-26-000641,MFS SERIES TRUST XII,MFS Lifetime 2050 Fund,PRC,DUPLICATE,NULL,Contested: ticker PRC maps to 16 series with no clear majority — NULLing
698879,2026-05-19,497,0000912938-26-000641,MFS SERIES TRUST XII,MFS Lifetime 2025 Fund,PRC,DUPLICATE,NULL,Contested: ticker PRC maps to 16 series with no clear majority — NULLing
698881,2026-05-19,497,0000912938-26-000641,MFS SERIES TRUST XII,MFS Lifetime 2035 Fund,PRC,DUPLICATE,NULL,Contested: ticker PRC maps to 16 series with no clear majority — NULLing
698890,2026-05-19,497,0000912938-26-000641,MFS SERIES TRUST XII,MFS Lifetime 2045 Fund,PRC,DUPLICATE,NULL,Contested: ticker PRC maps to 16 series with no clear majority — NULLing
698899,2026-05-19,497,0000912938-26-000641,MFS SERIES TRUST XII,MFS Lifetime 2055 Fund,PRC,DUPLICATE,NULL,Contested: ticker PRC maps to 16 series with no clear majority — NULLing
698908,2026-05-19,497,0000912938-26-000641,MFS SERIES TRUST XII,MFS Lifetime 2060 Fund,PRC,DUPLICATE,NULL,Contested: ticker PRC maps to 16 series with no clear majority — NULLing
698922,2026-05-19,497,0000912938-26-000641,MFS SERIES TRUST XII,MFS Lifetime 2065 Fund,PRC,DUPLICATE,NULL,Contested: ticker PRC maps to 16 series with no clear majority — NULLing
698928,2026-05-19,497,0000912938-26-000641,MFS SERIES TRUST XII,MFS Core Bond Fund,PRC,DUPLICATE,NULL,Contested: ticker PRC maps to 16 series with no clear majority — NULLing
704097,2026-05-28,485BPOS,0000912938-26-000658,MFS SERIES TRUST III,MFS High Income Fund,PRC,DUPLICATE,NULL,Contested: ticker PRC maps to 3 series with no clear majority — NULLing
704106,2026-05-28,485BPOS,0000912938-26-000658,MFS SERIES TRUST III,MFS Global High Yield Fund,PRC,DUPLICATE,NULL,Contested: ticker PRC maps to 3 series with no clear majority — NULLing
704115,2026-05-28,485BPOS,0000912938-26-000658,MFS SERIES TRUST III,MFS Municipal High Income Fund,PRC,DUPLICATE,NULL,Contested: ticker PRC maps to 3 series with no clear majority — NULLing
704099,2026-05-28,485BPOS,0000912938-26-000658,MFS SERIES TRUST III,MFS High Income Fund,VM7P6,DUPLICATE,NULL,Contested: ticker VM7P6 maps to 3 series with no clear majority — NULLing
704107,2026-05-28,485BPOS,0000912938-26-000658,MFS SERIES TRUST III,MFS Global High Yield Fund,VM7P6,DUPLICATE,NULL,Contested: ticker VM7P6 maps to 3 series with no clear majority — NULLing
704116,2026-05-28,485BPOS,0000912938-26-000658,MFS SERIES TRUST III,MFS Municipal High Income Fund,VM7P6,DUPLICATE,NULL,Contested: ticker VM7P6 maps to 3 series with no clear majority — NULLing
704129,2026-05-28,497K,0000912938-26-000659,MFS SERIES TRUST III,MFS Global High Yield Fund,FILER,DUPLICATE,NULL,Contested: ticker FILER maps to 3 series with no clear majority — NULLing
704124,2026-05-28,497K,0000912938-26-000660,MFS SERIES TRUST III,MFS Municipal High Income Fund,FILER,DUPLICATE,NULL,Contested: ticker FILER maps to 3 series with no clear majority — NULLing
704140,2026-05-28,497K,0000912938-26-000661,MFS SERIES TRUST III,MFS High Income Fund,FILER,DUPLICATE,NULL,Contested: ticker FILER maps to 3 series with no clear majority — NULLing
704345,2026-05-28,485BPOS,0000912938-26-000665,MFS SERIES TRUST III,MFS High Income Fund,FILER,DUPLICATE,NULL,Contested: ticker FILER maps to 3 series with no clear majority — NULLing
704353,2026-05-28,485BPOS,0000912938-26-000665,MFS SERIES TRUST III,MFS Global High Yield Fund,FILER,DUPLICATE,NULL,Contested: ticker FILER maps to 3 series with no clear majority — NULLing
704362,2026-05-28,485BPOS,0000912938-26-000665,MFS SERIES TRUST III,MFS Municipal High Income Fund,FILER,DUPLICATE,NULL,Contested: ticker FILER maps to 3 series with no clear majority — NULLing
704341,2026-05-28,485BPOS,0000912938-26-000665,MFS SERIES TRUST III,MFS High Income Fund,PRC,DUPLICATE,NULL,Contested: ticker PRC maps to 3 series with no clear majority — NULLing
704350,2026-05-28,485BPOS,0000912938-26-000665,MFS SERIES TRUST III,MFS Global High Yield Fund,PRC,DUPLICATE,NULL,Contested: ticker PRC maps to 3 series with no clear majority — NULLing
704359,2026-05-28,485BPOS,0000912938-26-000665,MFS SERIES TRUST III,MFS Municipal High Income Fund,PRC,DUPLICATE,NULL,Contested: ticker PRC maps to 3 series with no clear majority — NULLing
704343,2026-05-28,485BPOS,0000912938-26-000665,MFS SERIES TRUST III,MFS High Income Fund,VM7P6,DUPLICATE,NULL,Contested: ticker VM7P6 maps to 3 series with no clear majority — NULLing
704351,2026-05-28,485BPOS,0000912938-26-000665,MFS SERIES TRUST III,MFS Global High Yield Fund,VM7P6,DUPLICATE,NULL,Contested: ticker VM7P6 maps to 3 series with no clear majority — NULLing
704360,2026-05-28,485BPOS,0000912938-26-000665,MFS SERIES TRUST III,MFS Municipal High Income Fund,VM7P6,DUPLICATE,NULL,Contested: ticker VM7P6 maps to 3 series with no clear majority — NULLing
707227,2026-06-01,497,0000912938-26-000669,MFS SERIES TRUST XII,MFS Lifetime 2070 Fund,PRC,DUPLICATE,NULL,Contested: ticker PRC maps to 16 series with no clear majority — NULLing
573096,2016-07-26,497,0000919574-16-014328,AB CORPORATE SHARES,AB Tax-Aware Fixed Income Portfolio,ATCCX,DUPLICATE,NULL,Contested: ticker ATCCX maps to 9 series with no clear majority — NULLing
572937,2017-06-15,497,0000919574-17-004872,AB CORPORATE SHARES,AB National Portfolio,ALTHX,DUPLICATE,NULL,Contested: ticker ALTHX maps to 21 series with no clear majority — NULLing
572823,2017-06-15,497,0000919574-17-004872,AB CORPORATE SHARES,AB Tax-Aware Fixed Income Portfolio,ATCCX,DUPLICATE,NULL,Contested: ticker ATCCX maps to 9 series with no clear majority — NULLing
569875,2020-03-26,497,0000919574-20-002568,AB CORPORATE SHARES,Diversified Municipal Portfolio,AIDAX,DUPLICATE,NULL,Contested: ticker AIDAX maps to 8 series with no clear majority — NULLing
569806,2020-03-26,497,0000919574-20-002568,AB CORPORATE SHARES,AB National Portfolio,ALTHX,DUPLICATE,NULL,Contested: ticker ALTHX maps to 21 series with no clear majority — NULLing
569629,2020-03-26,497,0000919574-20-002568,AB CORPORATE SHARES,AB Tax-Aware Fixed Income Opportunities Portfolio,ATCCX,DUPLICATE,NULL,Contested: ticker ATCCX maps to 9 series with no clear majority — NULLing
569530,2021-10-06,497,0000919574-21-006116,AB CORPORATE SHARES,AB Tax-Aware Fixed Income Opportunities Portfolio,ATCCX,DUPLICATE,NULL,Contested: ticker ATCCX maps to 9 series with no clear majority — NULLing
569465,2022-09-30,497,0000919574-22-005734,AB CORPORATE SHARES,Diversified Municipal Portfolio,AIDAX,DUPLICATE,NULL,Contested: ticker AIDAX maps to 8 series with no clear majority — NULLing
569460,2022-09-30,497,0000919574-22-005734,AB CORPORATE SHARES,AB Tax-Aware Fixed Income Opportunities Portfolio,ATCCX,DUPLICATE,NULL,Contested: ticker ATCCX maps to 9 series with no clear majority — NULLing
656609,2026-04-17,497,0000919574-26-002292,Bernstein Fund Inc,AB US Equity ETF,YEAR,DUPLICATE,NULL,Contested: ticker YEAR maps to 2 series with no clear majority — NULLing
694599,2026-05-08,497,0000919574-26-002803,Bernstein Fund Inc,AB CORPORATE INCOME SHARES,ACISX,DUPLICATE,NULL,Contested: ticker ACISX maps to 2 series with no clear majority — NULLing
694602,2026-05-08,497,0000919574-26-002803,Bernstein Fund Inc,AB Impact Municipal Income Shares,ACISX,DUPLICATE,NULL,Contested: ticker ACISX maps to 2 series with no clear majority — NULLing
694401,2026-05-08,497,0000919574-26-002803,Bernstein Fund Inc,AB Bond Inflation Strategy,AEAXX,DUPLICATE,NULL,Contested: ticker AEAXX maps to 44 series with no clear majority — NULLing
694408,2026-05-08,497,0000919574-26-002803,Bernstein Fund Inc,AB Municipal Bond Inflation Strategy,AEAXX,DUPLICATE,NULL,Contested: ticker AEAXX maps to 44 series with no clear majority — NULLing
694413,2026-05-08,497,0000919574-26-002803,Bernstein Fund Inc,AB All Market Real Return Portfolio,AEAXX,DUPLICATE,NULL,Contested: ticker AEAXX maps to 44 series with no clear majority — NULLing
694416,2026-05-08,497,0000919574-26-002803,Bernstein Fund Inc,AB Tax-Aware Fixed Income Opportunities Portfolio,AEAXX,DUPLICATE,NULL,Contested: ticker AEAXX maps to 44 series with no clear majority — NULLing
694421,2026-05-08,497,0000919574-26-002803,Bernstein Fund Inc,AB Income Fund,AEAXX,DUPLICATE,NULL,Contested: ticker AEAXX maps to 44 series with no clear majority — NULLing
694423,2026-05-08,497,0000919574-26-002803,Bernstein Fund Inc,AB Sustainable Thematic Credit Portfolio,AEAXX,DUPLICATE,NULL,Contested: ticker AEAXX maps to 44 series with no clear majority — NULLing
694427,2026-05-08,497,0000919574-26-002803,Bernstein Fund Inc,"AB DISCOVERY GROWTH FUND, INC.",AEAXX,DUPLICATE,NULL,Contested: ticker AEAXX maps to 44 series with no clear majority — NULLing
694432,2026-05-08,497,0000919574-26-002803,Bernstein Fund Inc,"AB RELATIVE VALUE FUND, INC.",AEAXX,DUPLICATE,NULL,Contested: ticker AEAXX maps to 44 series with no clear majority — NULLing
694437,2026-05-08,497,0000919574-26-002803,Bernstein Fund Inc,"AB GLOBAL RISK ALLOCATION FUND, INC.",AEAXX,DUPLICATE,NULL,Contested: ticker AEAXX maps to 44 series with no clear majority — NULLing
694441,2026-05-08,497,0000919574-26-002803,Bernstein Fund Inc,AB Small Cap Growth Portfolio,AEAXX,DUPLICATE,NULL,Contested: ticker AEAXX maps to 44 series with no clear majority — NULLing
694446,2026-05-08,497,0000919574-26-002803,Bernstein Fund Inc,AB Emerging Markets Multi-Asset Portfolio,AEAXX,DUPLICATE,NULL,Contested: ticker AEAXX maps to 44 series with no clear majority — NULLing
694448,2026-05-08,497,0000919574-26-002803,Bernstein Fund Inc,AB Select US Equity Portfolio,AEAXX,DUPLICATE,NULL,Contested: ticker AEAXX maps to 44 series with no clear majority — NULLing
694452,2026-05-08,497,0000919574-26-002803,Bernstein Fund Inc,AB Select US Long/Short Portfolio,AEAXX,DUPLICATE,NULL,Contested: ticker AEAXX maps to 44 series with no clear majority — NULLing
694456,2026-05-08,497,0000919574-26-002803,Bernstein Fund Inc,AB Concentrated Growth Fund,AEAXX,DUPLICATE,NULL,Contested: ticker AEAXX maps to 44 series with no clear majority — NULLing
694461,2026-05-08,497,0000919574-26-002803,Bernstein Fund Inc,AB International Growth Portfolio,AEAXX,DUPLICATE,NULL,Contested: ticker AEAXX maps to 44 series with no clear majority — NULLing
694466,2026-05-08,497,0000919574-26-002803,Bernstein Fund Inc,AB Small Cap Value Portfolio,AEAXX,DUPLICATE,NULL,Contested: ticker AEAXX maps to 44 series with no clear majority — NULLing
694468,2026-05-08,497,0000919574-26-002803,Bernstein Fund Inc,AB Global Core Equity Portfolio,AEAXX,DUPLICATE,NULL,Contested: ticker AEAXX maps to 44 series with no clear majority — NULLing
694470,2026-05-08,497,0000919574-26-002803,Bernstein Fund Inc,AB All China Equity Portfolio,AEAXX,DUPLICATE,NULL,Contested: ticker AEAXX maps to 44 series with no clear majority — NULLing
694475,2026-05-08,497,0000919574-26-002803,Bernstein Fund Inc,"AB SUSTAINABLE GLOBAL THEMATIC FUND, INC.",AEAXX,DUPLICATE,NULL,Contested: ticker AEAXX maps to 44 series with no clear majority — NULLing
694480,2026-05-08,497,0000919574-26-002803,Bernstein Fund Inc,AB California Portfolio,AEAXX,DUPLICATE,NULL,Contested: ticker AEAXX maps to 44 series with no clear majority — NULLing
694483,2026-05-08,497,0000919574-26-002803,Bernstein Fund Inc,AB National Portfolio,AEAXX,DUPLICATE,NULL,Contested: ticker AEAXX maps to 44 series with no clear majority — NULLing
694486,2026-05-08,497,0000919574-26-002803,Bernstein Fund Inc,AB New York Portfolio,AEAXX,DUPLICATE,NULL,Contested: ticker AEAXX maps to 44 series with no clear majority — NULLing
694489,2026-05-08,497,0000919574-26-002803,Bernstein Fund Inc,AB High Income Municipal Portfolio,AEAXX,DUPLICATE,NULL,Contested: ticker AEAXX maps to 44 series with no clear majority — NULLing
694493,2026-05-08,497,0000919574-26-002803,Bernstein Fund Inc,AB Growth Fund,AEAXX,DUPLICATE,NULL,Contested: ticker AEAXX maps to 44 series with no clear majority — NULLing
694497,2026-05-08,497,0000919574-26-002803,Bernstein Fund Inc,AB Sustainable Thematic Balanced Portfolio,AEAXX,DUPLICATE,NULL,Contested: ticker AEAXX maps to 44 series with no clear majority — NULLing
694502,2026-05-08,497,0000919574-26-002803,Bernstein Fund Inc,AB All Market Total Return Portfolio,AEAXX,DUPLICATE,NULL,Contested: ticker AEAXX maps to 44 series with no clear majority — NULLing
694506,2026-05-08,497,0000919574-26-002803,Bernstein Fund Inc,AB Wealth Appreciation Strategy,AEAXX,DUPLICATE,NULL,Contested: ticker AEAXX maps to 44 series with no clear majority — NULLing
694509,2026-05-08,497,0000919574-26-002803,Bernstein Fund Inc,AB Tax-Managed Wealth Appreciation Strategy,AEAXX,DUPLICATE,NULL,Contested: ticker AEAXX maps to 44 series with no clear majority — NULLing
694529,2026-05-08,497,0000919574-26-002803,Bernstein Fund Inc,Diversified Municipal Portfolio,AEAXX,DUPLICATE,NULL,Contested: ticker AEAXX maps to 44 series with no clear majority — NULLing
694542,2026-05-08,497,0000919574-26-002803,Bernstein Fund Inc,AB Government Money Market Portfolio,AEAXX,DUPLICATE,NULL,Contested: ticker AEAXX maps to 44 series with no clear majority — NULLing
694544,2026-05-08,497,0000919574-26-002803,Bernstein Fund Inc,AB Government Money Market Portfolio,AEAXX,DUPLICATE,NULL,Contested: ticker AEAXX maps to 44 series with no clear majority — NULLing
694547,2026-05-08,497,0000919574-26-002803,Bernstein Fund Inc,AB Government Money Market Portfolio,AEAXX,DUPLICATE,NULL,Contested: ticker AEAXX maps to 44 series with no clear majority — NULLing
694551,2026-05-08,497,0000919574-26-002803,Bernstein Fund Inc,"AB GLOBAL BOND FUND, INC.",AEAXX,DUPLICATE,NULL,Contested: ticker AEAXX maps to 44 series with no clear majority — NULLing
694555,2026-05-08,497,0000919574-26-002803,Bernstein Fund Inc,AB LARGE CAP GROWTH FUND INC,AEAXX,DUPLICATE,NULL,Contested: ticker AEAXX maps to 44 series with no clear majority — NULLing
694560,2026-05-08,497,0000919574-26-002803,Bernstein Fund Inc,AB Massachusetts Portfolio,AEAXX,DUPLICATE,NULL,Contested: ticker AEAXX maps to 44 series with no clear majority — NULLing
694563,2026-05-08,497,0000919574-26-002803,Bernstein Fund Inc,AB Virginia Portfolio,AEAXX,DUPLICATE,NULL,Contested: ticker AEAXX maps to 44 series with no clear majority — NULLing
694566,2026-05-08,497,0000919574-26-002803,Bernstein Fund Inc,AB EQUITY INCOME FUND INC,AEAXX,DUPLICATE,NULL,Contested: ticker AEAXX maps to 44 series with no clear majority — NULLing
694571,2026-05-08,497,0000919574-26-002803,Bernstein Fund Inc,AB HIGH INCOME FUND INC,AEAXX,DUPLICATE,NULL,Contested: ticker AEAXX maps to 44 series with no clear majority — NULLing
694576,2026-05-08,497,0000919574-26-002803,Bernstein Fund Inc,"AB SUSTAINABLE INTERNATIONAL THEMATIC FUND, INC.",AEAXX,DUPLICATE,NULL,Contested: ticker AEAXX maps to 44 series with no clear majority — NULLing
694583,2026-05-08,497,0000919574-26-002803,Bernstein Fund Inc,"AB CORE OPPORTUNITIES FUND, INC.",AEAXX,DUPLICATE,NULL,Contested: ticker AEAXX maps to 44 series with no clear majority — NULLing
694587,2026-05-08,497,0000919574-26-002803,Bernstein Fund Inc,AB Large Cap Value Fund,AEAXX,DUPLICATE,NULL,Contested: ticker AEAXX maps to 44 series with no clear majority — NULLing
694592,2026-05-08,497,0000919574-26-002803,Bernstein Fund Inc,AB Discovery Value Fund,AEAXX,DUPLICATE,NULL,Contested: ticker AEAXX maps to 44 series with no clear majority — NULLing
694597,2026-05-08,497,0000919574-26-002803,Bernstein Fund Inc,AB International Value Fund,AEAXX,DUPLICATE,NULL,Contested: ticker AEAXX maps to 44 series with no clear majority — NULLing
694629,2026-05-08,497,0000919574-26-002803,Bernstein Fund Inc,International Strategic Equities Portfolio,AEAXX,DUPLICATE,NULL,Contested: ticker AEAXX maps to 44 series with no clear majority — NULLing
694631,2026-05-08,497,0000919574-26-002803,Bernstein Fund Inc,International Small Cap Portfolio,AEAXX,DUPLICATE,NULL,Contested: ticker AEAXX maps to 44 series with no clear majority — NULLing
694635,2026-05-08,497,0000919574-26-002803,Bernstein Fund Inc,Small Cap Core Portfolio,AEAXX,DUPLICATE,NULL,Contested: ticker AEAXX maps to 44 series with no clear majority — NULLing
694612,2026-05-08,497,0000919574-26-002803,Bernstein Fund Inc,AB Conservative Buffer ETF,CAM,DUPLICATE,NULL,Contested: ticker CAM maps to 2 series with no clear majority — NULLing
694624,2026-05-08,497,0000919574-26-002803,Bernstein Fund Inc,AB California Intermediate Municipal ETF,CAM,DUPLICATE,NULL,Contested: ticker CAM maps to 2 series with no clear majority — NULLing
694628,2026-05-08,497,0000919574-26-002803,Bernstein Fund Inc,International Strategic Equities Portfolio,STESX,DUPLICATE,KEEP,Canonical owner of STESX (5 of 7 extractions)
694633,2026-05-08,497,0000919574-26-002803,Bernstein Fund Inc,International Small Cap Portfolio,STESX,DUPLICATE,NULL,"Bleed: ticker STESX canonically belongs to 'International Strategic Equities Portfol', not this series"
694634,2026-05-08,497,0000919574-26-002803,Bernstein Fund Inc,Small Cap Core Portfolio,STESX,DUPLICATE,NULL,"Bleed: ticker STESX canonically belongs to 'International Strategic Equities Portfol', not this series"
694605,2026-05-08,497,0000919574-26-002803,Bernstein Fund Inc,AB Tax-Aware Short Duration Municipal ETF,TAFI,DUPLICATE,NULL,Contested: ticker TAFI maps to 2 series with no clear majority — NULLing
694627,2026-05-08,497,0000919574-26-002803,Bernstein Fund Inc,AB US Equity ETF,TAFI,DUPLICATE,NULL,Contested: ticker TAFI maps to 2 series with no clear majority — NULLing
694606,2026-05-08,497,0000919574-26-002803,Bernstein Fund Inc,AB Ultra Short Income ETF,YEAR,DUPLICATE,NULL,Contested: ticker YEAR maps to 2 series with no clear majority — NULLing
700296,2026-05-20,497,0000919574-26-003618,AB CORPORATE SHARES,AB Municipal Income Shares,ACISX,DUPLICATE,NULL,"Bleed: ticker ACISX canonically belongs to 'AB CORPORATE INCOME SHARES', not this series"
700297,2026-05-20,497,0000919574-26-003618,AB CORPORATE SHARES,AB Taxable Multi-Sector Income Shares,ACISX,DUPLICATE,NULL,"Bleed: ticker ACISX canonically belongs to 'AB CORPORATE INCOME SHARES', not this series"
700211,2026-05-20,497,0000919574-26-003618,AB CORPORATE SHARES,AB Bond Inflation Strategy,AIDAX,DUPLICATE,NULL,Contested: ticker AIDAX maps to 8 series with no clear majority — NULLing
700213,2026-05-20,497,0000919574-26-003618,AB CORPORATE SHARES,AB Bond Inflation Strategy,AIDAX,DUPLICATE,NULL,Contested: ticker AIDAX maps to 8 series with no clear majority — NULLing
700218,2026-05-20,497,0000919574-26-003618,AB CORPORATE SHARES,AB Municipal Bond Inflation Strategy,AIDAX,DUPLICATE,NULL,Contested: ticker AIDAX maps to 8 series with no clear majority — NULLing
700219,2026-05-20,497,0000919574-26-003618,AB CORPORATE SHARES,AB Municipal Bond Inflation Strategy,AIDAX,DUPLICATE,NULL,Contested: ticker AIDAX maps to 8 series with no clear majority — NULLing
700223,2026-05-20,497,0000919574-26-003618,AB CORPORATE SHARES,AB All Market Real Return Portfolio,AIDAX,DUPLICATE,NULL,Contested: ticker AIDAX maps to 8 series with no clear majority — NULLing
700266,2026-05-20,497,0000919574-26-003618,AB CORPORATE SHARES,Diversified Municipal Portfolio,AIDAX,DUPLICATE,NULL,Contested: ticker AIDAX maps to 8 series with no clear majority — NULLing
700271,2026-05-20,497,0000919574-26-003618,AB CORPORATE SHARES,Overlay A Portfolio,AIDAX,DUPLICATE,NULL,Contested: ticker AIDAX maps to 8 series with no clear majority — NULLing
700272,2026-05-20,497,0000919574-26-003618,AB CORPORATE SHARES,Overlay A Portfolio,AIDAX,DUPLICATE,NULL,Contested: ticker AIDAX maps to 8 series with no clear majority — NULLing
700273,2026-05-20,497,0000919574-26-003618,AB CORPORATE SHARES,Tax-Aware Overlay A Portfolio,AIDAX,DUPLICATE,NULL,Contested: ticker AIDAX maps to 8 series with no clear majority — NULLing
700274,2026-05-20,497,0000919574-26-003618,AB CORPORATE SHARES,Tax-Aware Overlay A Portfolio,AIDAX,DUPLICATE,NULL,Contested: ticker AIDAX maps to 8 series with no clear majority — NULLing
700275,2026-05-20,497,0000919574-26-003618,AB CORPORATE SHARES,Overlay B Portfolio,AIDAX,DUPLICATE,NULL,Contested: ticker AIDAX maps to 8 series with no clear majority — NULLing
700276,2026-05-20,497,0000919574-26-003618,AB CORPORATE SHARES,Overlay B Portfolio,AIDAX,DUPLICATE,NULL,Contested: ticker AIDAX maps to 8 series with no clear majority — NULLing
700277,2026-05-20,497,0000919574-26-003618,AB CORPORATE SHARES,Tax-Aware Overlay B Portfolio,AIDAX,DUPLICATE,NULL,Contested: ticker AIDAX maps to 8 series with no clear majority — NULLing
700278,2026-05-20,497,0000919574-26-003618,AB CORPORATE SHARES,Tax-Aware Overlay B Portfolio,AIDAX,DUPLICATE,NULL,Contested: ticker AIDAX maps to 8 series with no clear majority — NULLing
700208,2026-05-20,497,0000919574-26-003618,AB CORPORATE SHARES,AB Bond Inflation Strategy,ALTHX,DUPLICATE,NULL,Contested: ticker ALTHX maps to 21 series with no clear majority — NULLing
700209,2026-05-20,497,0000919574-26-003618,AB CORPORATE SHARES,AB Bond Inflation Strategy,ALTHX,DUPLICATE,NULL,Contested: ticker ALTHX maps to 21 series with no clear majority — NULLing
700210,2026-05-20,497,0000919574-26-003618,AB CORPORATE SHARES,AB Bond Inflation Strategy,ALTHX,DUPLICATE,NULL,Contested: ticker ALTHX maps to 21 series with no clear majority — NULLing
700214,2026-05-20,497,0000919574-26-003618,AB CORPORATE SHARES,AB Bond Inflation Strategy,ALTHX,DUPLICATE,NULL,Contested: ticker ALTHX maps to 21 series with no clear majority — NULLing
700215,2026-05-20,497,0000919574-26-003618,AB CORPORATE SHARES,AB Municipal Bond Inflation Strategy,ALTHX,DUPLICATE,NULL,Contested: ticker ALTHX maps to 21 series with no clear majority — NULLing
700216,2026-05-20,497,0000919574-26-003618,AB CORPORATE SHARES,AB Municipal Bond Inflation Strategy,ALTHX,DUPLICATE,NULL,Contested: ticker ALTHX maps to 21 series with no clear majority — NULLing
700217,2026-05-20,497,0000919574-26-003618,AB CORPORATE SHARES,AB Municipal Bond Inflation Strategy,ALTHX,DUPLICATE,NULL,Contested: ticker ALTHX maps to 21 series with no clear majority — NULLing
700220,2026-05-20,497,0000919574-26-003618,AB CORPORATE SHARES,AB All Market Real Return Portfolio,ALTHX,DUPLICATE,NULL,Contested: ticker ALTHX maps to 21 series with no clear majority — NULLing
700221,2026-05-20,497,0000919574-26-003618,AB CORPORATE SHARES,AB All Market Real Return Portfolio,ALTHX,DUPLICATE,NULL,Contested: ticker ALTHX maps to 21 series with no clear majority — NULLing
700222,2026-05-20,497,0000919574-26-003618,AB CORPORATE SHARES,AB All Market Real Return Portfolio,ALTHX,DUPLICATE,NULL,Contested: ticker ALTHX maps to 21 series with no clear majority — NULLing
700224,2026-05-20,497,0000919574-26-003618,AB CORPORATE SHARES,AB All Market Real Return Portfolio,ALTHX,DUPLICATE,NULL,Contested: ticker ALTHX maps to 21 series with no clear majority — NULLing
700225,2026-05-20,497,0000919574-26-003618,AB CORPORATE SHARES,AB Tax-Aware Fixed Income Opportunities Portfolio,ALTHX,DUPLICATE,NULL,Contested: ticker ALTHX maps to 21 series with no clear majority — NULLing
700226,2026-05-20,497,0000919574-26-003618,AB CORPORATE SHARES,AB Tax-Aware Fixed Income Opportunities Portfolio,ALTHX,DUPLICATE,NULL,Contested: ticker ALTHX maps to 21 series with no clear majority — NULLing
700227,2026-05-20,497,0000919574-26-003618,AB CORPORATE SHARES,AB Tax-Aware Fixed Income Opportunities Portfolio,ALTHX,DUPLICATE,NULL,Contested: ticker ALTHX maps to 21 series with no clear majority — NULLing
700228,2026-05-20,497,0000919574-26-003618,AB CORPORATE SHARES,AB Income Fund,ALTHX,DUPLICATE,NULL,Contested: ticker ALTHX maps to 21 series with no clear majority — NULLing
700229,2026-05-20,497,0000919574-26-003618,AB CORPORATE SHARES,AB Income Fund,ALTHX,DUPLICATE,NULL,Contested: ticker ALTHX maps to 21 series with no clear majority — NULLing
700230,2026-05-20,497,0000919574-26-003618,AB CORPORATE SHARES,AB Income Fund,ALTHX,DUPLICATE,NULL,Contested: ticker ALTHX maps to 21 series with no clear majority — NULLing
700231,2026-05-20,497,0000919574-26-003618,AB CORPORATE SHARES,AB Income Fund,ALTHX,DUPLICATE,NULL,Contested: ticker ALTHX maps to 21 series with no clear majority — NULLing
700232,2026-05-20,497,0000919574-26-003618,AB CORPORATE SHARES,AB Sustainable Thematic Credit Portfolio,ALTHX,DUPLICATE,NULL,Contested: ticker ALTHX maps to 21 series with no clear majority — NULLing
700233,2026-05-20,497,0000919574-26-003618,AB CORPORATE SHARES,AB Sustainable Thematic Credit Portfolio,ALTHX,DUPLICATE,NULL,Contested: ticker ALTHX maps to 21 series with no clear majority — NULLing
700234,2026-05-20,497,0000919574-26-003618,AB CORPORATE SHARES,AB Emerging Markets Multi-Asset Portfolio,ALTHX,DUPLICATE,NULL,Contested: ticker ALTHX maps to 21 series with no clear majority — NULLing
700235,2026-05-20,497,0000919574-26-003618,AB CORPORATE SHARES,AB Emerging Markets Multi-Asset Portfolio,ALTHX,DUPLICATE,NULL,Contested: ticker ALTHX maps to 21 series with no clear majority — NULLing
700236,2026-05-20,497,0000919574-26-003618,AB CORPORATE SHARES,AB Emerging Markets Multi-Asset Portfolio,ALTHX,DUPLICATE,NULL,Contested: ticker ALTHX maps to 21 series with no clear majority — NULLing
700238,2026-05-20,497,0000919574-26-003618,AB CORPORATE SHARES,AB California Portfolio,ALTHX,DUPLICATE,NULL,Contested: ticker ALTHX maps to 21 series with no clear majority — NULLing
700239,2026-05-20,497,0000919574-26-003618,AB CORPORATE SHARES,AB California Portfolio,ALTHX,DUPLICATE,NULL,Contested: ticker ALTHX maps to 21 series with no clear majority — NULLing
700240,2026-05-20,497,0000919574-26-003618,AB CORPORATE SHARES,AB California Portfolio,ALTHX,DUPLICATE,NULL,Contested: ticker ALTHX maps to 21 series with no clear majority — NULLing
700241,2026-05-20,497,0000919574-26-003618,AB CORPORATE SHARES,AB National Portfolio,ALTHX,DUPLICATE,NULL,Contested: ticker ALTHX maps to 21 series with no clear majority — NULLing
700242,2026-05-20,497,0000919574-26-003618,AB CORPORATE SHARES,AB National Portfolio,ALTHX,DUPLICATE,NULL,Contested: ticker ALTHX maps to 21 series with no clear majority — NULLing
700243,2026-05-20,497,0000919574-26-003618,AB CORPORATE SHARES,AB National Portfolio,ALTHX,DUPLICATE,NULL,Contested: ticker ALTHX maps to 21 series with no clear majority — NULLing
700244,2026-05-20,497,0000919574-26-003618,AB CORPORATE SHARES,AB New York Portfolio,ALTHX,DUPLICATE,NULL,Contested: ticker ALTHX maps to 21 series with no clear majority — NULLing
700245,2026-05-20,497,0000919574-26-003618,AB CORPORATE SHARES,AB New York Portfolio,ALTHX,DUPLICATE,NULL,Contested: ticker ALTHX maps to 21 series with no clear majority — NULLing
700246,2026-05-20,497,0000919574-26-003618,AB CORPORATE SHARES,AB New York Portfolio,ALTHX,DUPLICATE,NULL,Contested: ticker ALTHX maps to 21 series with no clear majority — NULLing
700247,2026-05-20,497,0000919574-26-003618,AB CORPORATE SHARES,AB High Income Municipal Portfolio,ALTHX,DUPLICATE,NULL,Contested: ticker ALTHX maps to 21 series with no clear majority — NULLing
700248,2026-05-20,497,0000919574-26-003618,AB CORPORATE SHARES,AB High Income Municipal Portfolio,ALTHX,DUPLICATE,NULL,Contested: ticker ALTHX maps to 21 series with no clear majority — NULLing
700249,2026-05-20,497,0000919574-26-003618,AB CORPORATE SHARES,AB High Income Municipal Portfolio,ALTHX,DUPLICATE,NULL,Contested: ticker ALTHX maps to 21 series with no clear majority — NULLing
700250,2026-05-20,497,0000919574-26-003618,AB CORPORATE SHARES,AB High Income Municipal Portfolio,ALTHX,DUPLICATE,NULL,Contested: ticker ALTHX maps to 21 series with no clear majority — NULLing
700251,2026-05-20,497,0000919574-26-003618,AB CORPORATE SHARES,AB Sustainable Thematic Balanced Portfolio,ALTHX,DUPLICATE,NULL,Contested: ticker ALTHX maps to 21 series with no clear majority — NULLing
700252,2026-05-20,497,0000919574-26-003618,AB CORPORATE SHARES,AB Sustainable Thematic Balanced Portfolio,ALTHX,DUPLICATE,NULL,Contested: ticker ALTHX maps to 21 series with no clear majority — NULLing
700253,2026-05-20,497,0000919574-26-003618,AB CORPORATE SHARES,AB Sustainable Thematic Balanced Portfolio,ALTHX,DUPLICATE,NULL,Contested: ticker ALTHX maps to 21 series with no clear majority — NULLing
700255,2026-05-20,497,0000919574-26-003618,AB CORPORATE SHARES,AB Sustainable Thematic Balanced Portfolio,ALTHX,DUPLICATE,NULL,Contested: ticker ALTHX maps to 21 series with no clear majority — NULLing
700256,2026-05-20,497,0000919574-26-003618,AB CORPORATE SHARES,AB All Market Total Return Portfolio,ALTHX,DUPLICATE,NULL,Contested: ticker ALTHX maps to 21 series with no clear majority — NULLing
700257,2026-05-20,497,0000919574-26-003618,AB CORPORATE SHARES,AB All Market Total Return Portfolio,ALTHX,DUPLICATE,NULL,Contested: ticker ALTHX maps to 21 series with no clear majority — NULLing
700258,2026-05-20,497,0000919574-26-003618,AB CORPORATE SHARES,AB All Market Total Return Portfolio,ALTHX,DUPLICATE,NULL,Contested: ticker ALTHX maps to 21 series with no clear majority — NULLing
700260,2026-05-20,497,0000919574-26-003618,AB CORPORATE SHARES,AB Wealth Appreciation Strategy,ALTHX,DUPLICATE,NULL,Contested: ticker ALTHX maps to 21 series with no clear majority — NULLing
700261,2026-05-20,497,0000919574-26-003618,AB CORPORATE SHARES,AB Wealth Appreciation Strategy,ALTHX,DUPLICATE,NULL,Contested: ticker ALTHX maps to 21 series with no clear majority — NULLing
700262,2026-05-20,497,0000919574-26-003618,AB CORPORATE SHARES,AB Wealth Appreciation Strategy,ALTHX,DUPLICATE,NULL,Contested: ticker ALTHX maps to 21 series with no clear majority — NULLing
700263,2026-05-20,497,0000919574-26-003618,AB CORPORATE SHARES,AB Tax-Managed Wealth Appreciation Strategy,ALTHX,DUPLICATE,NULL,Contested: ticker ALTHX maps to 21 series with no clear majority — NULLing
700264,2026-05-20,497,0000919574-26-003618,AB CORPORATE SHARES,AB Tax-Managed Wealth Appreciation Strategy,ALTHX,DUPLICATE,NULL,Contested: ticker ALTHX maps to 21 series with no clear majority — NULLing
700265,2026-05-20,497,0000919574-26-003618,AB CORPORATE SHARES,AB Tax-Managed Wealth Appreciation Strategy,ALTHX,DUPLICATE,NULL,Contested: ticker ALTHX maps to 21 series with no clear majority — NULLing
700268,2026-05-20,497,0000919574-26-003618,AB CORPORATE SHARES,Diversified Municipal Portfolio,ALTHX,DUPLICATE,NULL,Contested: ticker ALTHX maps to 21 series with no clear majority — NULLing
700279,2026-05-20,497,0000919574-26-003618,AB CORPORATE SHARES,"AB GLOBAL BOND FUND, INC.",ALTHX,DUPLICATE,NULL,Contested: ticker ALTHX maps to 21 series with no clear majority — NULLing
700280,2026-05-20,497,0000919574-26-003618,AB CORPORATE SHARES,"AB GLOBAL BOND FUND, INC.",ALTHX,DUPLICATE,NULL,Contested: ticker ALTHX maps to 21 series with no clear majority — NULLing
700282,2026-05-20,497,0000919574-26-003618,AB CORPORATE SHARES,"AB GLOBAL BOND FUND, INC.",ALTHX,DUPLICATE,NULL,Contested: ticker ALTHX maps to 21 series with no clear majority — NULLing
700283,2026-05-20,497,0000919574-26-003618,AB CORPORATE SHARES,"AB GLOBAL BOND FUND, INC.",ALTHX,DUPLICATE,NULL,Contested: ticker ALTHX maps to 21 series with no clear majority — NULLing
700284,2026-05-20,497,0000919574-26-003618,AB CORPORATE SHARES,AB Massachusetts Portfolio,ALTHX,DUPLICATE,NULL,Contested: ticker ALTHX maps to 21 series with no clear majority — NULLing
700285,2026-05-20,497,0000919574-26-003618,AB CORPORATE SHARES,AB Massachusetts Portfolio,ALTHX,DUPLICATE,NULL,Contested: ticker ALTHX maps to 21 series with no clear majority — NULLing
700286,2026-05-20,497,0000919574-26-003618,AB CORPORATE SHARES,AB Massachusetts Portfolio,ALTHX,DUPLICATE,NULL,Contested: ticker ALTHX maps to 21 series with no clear majority — NULLing
700287,2026-05-20,497,0000919574-26-003618,AB CORPORATE SHARES,AB Virginia Portfolio,ALTHX,DUPLICATE,NULL,Contested: ticker ALTHX maps to 21 series with no clear majority — NULLing
700288,2026-05-20,497,0000919574-26-003618,AB CORPORATE SHARES,AB Virginia Portfolio,ALTHX,DUPLICATE,NULL,Contested: ticker ALTHX maps to 21 series with no clear majority — NULLing
700289,2026-05-20,497,0000919574-26-003618,AB CORPORATE SHARES,AB Virginia Portfolio,ALTHX,DUPLICATE,NULL,Contested: ticker ALTHX maps to 21 series with no clear majority — NULLing
700290,2026-05-20,497,0000919574-26-003618,AB CORPORATE SHARES,AB HIGH INCOME FUND INC,ALTHX,DUPLICATE,NULL,Contested: ticker ALTHX maps to 21 series with no clear majority — NULLing
700291,2026-05-20,497,0000919574-26-003618,AB CORPORATE SHARES,AB HIGH INCOME FUND INC,ALTHX,DUPLICATE,NULL,Contested: ticker ALTHX maps to 21 series with no clear majority — NULLing
700292,2026-05-20,497,0000919574-26-003618,AB CORPORATE SHARES,AB HIGH INCOME FUND INC,ALTHX,DUPLICATE,NULL,Contested: ticker ALTHX maps to 21 series with no clear majority — NULLing
700294,2026-05-20,497,0000919574-26-003618,AB CORPORATE SHARES,AB HIGH INCOME FUND INC,ALTHX,DUPLICATE,NULL,Contested: ticker ALTHX maps to 21 series with no clear majority — NULLing
700212,2026-05-20,497,0000919574-26-003618,AB CORPORATE SHARES,AB Bond Inflation Strategy,ATCCX,DUPLICATE,NULL,Contested: ticker ATCCX maps to 9 series with no clear majority — NULLing
700237,2026-05-20,497,0000919574-26-003618,AB CORPORATE SHARES,AB Emerging Markets Multi-Asset Portfolio,ATCCX,DUPLICATE,NULL,Contested: ticker ATCCX maps to 9 series with no clear majority — NULLing
700254,2026-05-20,497,0000919574-26-003618,AB CORPORATE SHARES,AB Sustainable Thematic Balanced Portfolio,ATCCX,DUPLICATE,NULL,Contested: ticker ATCCX maps to 9 series with no clear majority — NULLing
700259,2026-05-20,497,0000919574-26-003618,AB CORPORATE SHARES,AB All Market Total Return Portfolio,ATCCX,DUPLICATE,NULL,Contested: ticker ATCCX maps to 9 series with no clear majority — NULLing
700281,2026-05-20,497,0000919574-26-003618,AB CORPORATE SHARES,"AB GLOBAL BOND FUND, INC.",ATCCX,DUPLICATE,NULL,Contested: ticker ATCCX maps to 9 series with no clear majority — NULLing
700293,2026-05-20,497,0000919574-26-003618,AB CORPORATE SHARES,AB HIGH INCOME FUND INC,ATCCX,DUPLICATE,NULL,Contested: ticker ATCCX maps to 9 series with no clear majority — NULLing
612823,2024-03-05,497J,0000940394-24-000285,Eaton Vance Mutual Funds Trust,Eaton Vance Global Sovereign Opportunities Fund,EAIIX,DUPLICATE,NULL,Contested: ticker EAIIX maps to 2 series with no clear majority — NULLing
612824,2024-03-05,497J,0000940394-24-000285,Eaton Vance Mutual Funds Trust,Eaton Vance Global Sovereign Opportunities Fund,ECIMX,DUPLICATE,NULL,Contested: ticker ECIMX maps to 2 series with no clear majority — NULLing
612825,2024-03-05,497J,0000940394-24-000285,Eaton Vance Mutual Funds Trust,Eaton Vance Global Sovereign Opportunities Fund,EIIMX,DUPLICATE,NULL,Contested: ticker EIIMX maps to 2 series with no clear majority — NULLing
612718,2025-03-05,497J,0000940394-25-000334,Eaton Vance Mutual Funds Trust,Eaton Vance Global Sovereign Opportunities Fund,EAIIX,DUPLICATE,NULL,Contested: ticker EAIIX maps to 2 series with no clear majority — NULLing
612719,2025-03-05,497J,0000940394-25-000334,Eaton Vance Mutual Funds Trust,Eaton Vance Global Sovereign Opportunities Fund,ECIMX,DUPLICATE,NULL,Contested: ticker ECIMX maps to 2 series with no clear majority — NULLing
612720,2025-03-05,497J,0000940394-25-000334,Eaton Vance Mutual Funds Trust,Eaton Vance Global Sovereign Opportunities Fund,EIIMX,DUPLICATE,NULL,Contested: ticker EIIMX maps to 2 series with no clear majority — NULLing
715276,2023-06-28,485APOS,0001104659-23-075640,MFS SERIES TRUST XII,MFS Lifetime Income Fund,PRC,DUPLICATE,NULL,Contested: ticker PRC maps to 16 series with no clear majority — NULLing
715285,2023-06-28,485APOS,0001104659-23-075640,MFS SERIES TRUST XII,MFS Lifetime 2030 Fund,PRC,DUPLICATE,NULL,Contested: ticker PRC maps to 16 series with no clear majority — NULLing
715294,2023-06-28,485APOS,0001104659-23-075640,MFS SERIES TRUST XII,MFS Lifetime 2040 Fund,PRC,DUPLICATE,NULL,Contested: ticker PRC maps to 16 series with no clear majority — NULLing
715303,2023-06-28,485APOS,0001104659-23-075640,MFS SERIES TRUST XII,MFS Lifetime 2050 Fund,PRC,DUPLICATE,NULL,Contested: ticker PRC maps to 16 series with no clear majority — NULLing
715319,2023-06-28,485APOS,0001104659-23-075640,MFS SERIES TRUST XII,MFS Lifetime 2025 Fund,PRC,DUPLICATE,NULL,Contested: ticker PRC maps to 16 series with no clear majority — NULLing
715321,2023-06-28,485APOS,0001104659-23-075640,MFS SERIES TRUST XII,MFS Lifetime 2035 Fund,PRC,DUPLICATE,NULL,Contested: ticker PRC maps to 16 series with no clear majority — NULLing
715330,2023-06-28,485APOS,0001104659-23-075640,MFS SERIES TRUST XII,MFS Lifetime 2045 Fund,PRC,DUPLICATE,NULL,Contested: ticker PRC maps to 16 series with no clear majority — NULLing
715339,2023-06-28,485APOS,0001104659-23-075640,MFS SERIES TRUST XII,MFS Lifetime 2055 Fund,PRC,DUPLICATE,NULL,Contested: ticker PRC maps to 16 series with no clear majority — NULLing
715348,2023-06-28,485APOS,0001104659-23-075640,MFS SERIES TRUST XII,MFS Lifetime 2060 Fund,PRC,DUPLICATE,NULL,Contested: ticker PRC maps to 16 series with no clear majority — NULLing
715362,2023-06-28,485APOS,0001104659-23-075640,MFS SERIES TRUST XII,MFS Lifetime 2065 Fund,PRC,DUPLICATE,NULL,Contested: ticker PRC maps to 16 series with no clear majority — NULLing
715277,2023-06-28,485APOS,0001104659-23-075640,MFS SERIES TRUST XII,MFS Lifetime Income Fund,SSF,DUPLICATE,NULL,Contested: ticker SSF maps to 9 series with no clear majority — NULLing
715286,2023-06-28,485APOS,0001104659-23-075640,MFS SERIES TRUST XII,MFS Lifetime 2030 Fund,SSF,DUPLICATE,NULL,Contested: ticker SSF maps to 9 series with no clear majority — NULLing
715295,2023-06-28,485APOS,0001104659-23-075640,MFS SERIES TRUST XII,MFS Lifetime 2040 Fund,SSF,DUPLICATE,NULL,Contested: ticker SSF maps to 9 series with no clear majority — NULLing
715304,2023-06-28,485APOS,0001104659-23-075640,MFS SERIES TRUST XII,MFS Lifetime 2050 Fund,SSF,DUPLICATE,NULL,Contested: ticker SSF maps to 9 series with no clear majority — NULLing
715312,2023-06-28,485APOS,0001104659-23-075640,MFS SERIES TRUST XII,MFS Lifetime 2025 Fund,SSF,DUPLICATE,NULL,Contested: ticker SSF maps to 9 series with no clear majority — NULLing
715322,2023-06-28,485APOS,0001104659-23-075640,MFS SERIES TRUST XII,MFS Lifetime 2035 Fund,SSF,DUPLICATE,NULL,Contested: ticker SSF maps to 9 series with no clear majority — NULLing
715331,2023-06-28,485APOS,0001104659-23-075640,MFS SERIES TRUST XII,MFS Lifetime 2045 Fund,SSF,DUPLICATE,NULL,Contested: ticker SSF maps to 9 series with no clear majority — NULLing
715340,2023-06-28,485APOS,0001104659-23-075640,MFS SERIES TRUST XII,MFS Lifetime 2055 Fund,SSF,DUPLICATE,NULL,Contested: ticker SSF maps to 9 series with no clear majority — NULLing
715349,2023-06-28,485APOS,0001104659-23-075640,MFS SERIES TRUST XII,MFS Lifetime 2060 Fund,SSF,DUPLICATE,NULL,Contested: ticker SSF maps to 9 series with no clear majority — NULLing
715279,2023-06-28,485APOS,0001104659-23-075640,MFS SERIES TRUST XII,MFS Lifetime Income Fund,XIK4H,DUPLICATE,NULL,Contested: ticker XIK4H maps to 10 series with no clear majority — NULLing
715288,2023-06-28,485APOS,0001104659-23-075640,MFS SERIES TRUST XII,MFS Lifetime 2030 Fund,XIK4H,DUPLICATE,NULL,Contested: ticker XIK4H maps to 10 series with no clear majority — NULLing
715297,2023-06-28,485APOS,0001104659-23-075640,MFS SERIES TRUST XII,MFS Lifetime 2040 Fund,XIK4H,DUPLICATE,NULL,Contested: ticker XIK4H maps to 10 series with no clear majority — NULLing
715306,2023-06-28,485APOS,0001104659-23-075640,MFS SERIES TRUST XII,MFS Lifetime 2050 Fund,XIK4H,DUPLICATE,NULL,Contested: ticker XIK4H maps to 10 series with no clear majority — NULLing
715314,2023-06-28,485APOS,0001104659-23-075640,MFS SERIES TRUST XII,MFS Lifetime 2025 Fund,XIK4H,DUPLICATE,NULL,Contested: ticker XIK4H maps to 10 series with no clear majority — NULLing
715324,2023-06-28,485APOS,0001104659-23-075640,MFS SERIES TRUST XII,MFS Lifetime 2035 Fund,XIK4H,DUPLICATE,NULL,Contested: ticker XIK4H maps to 10 series with no clear majority — NULLing
715333,2023-06-28,485APOS,0001104659-23-075640,MFS SERIES TRUST XII,MFS Lifetime 2045 Fund,XIK4H,DUPLICATE,NULL,Contested: ticker XIK4H maps to 10 series with no clear majority — NULLing
715342,2023-06-28,485APOS,0001104659-23-075640,MFS SERIES TRUST XII,MFS Lifetime 2055 Fund,XIK4H,DUPLICATE,NULL,Contested: ticker XIK4H maps to 10 series with no clear majority — NULLing
715351,2023-06-28,485APOS,0001104659-23-075640,MFS SERIES TRUST XII,MFS Lifetime 2060 Fund,XIK4H,DUPLICATE,NULL,Contested: ticker XIK4H maps to 10 series with no clear majority — NULLing
715364,2023-06-28,485APOS,0001104659-23-075640,MFS SERIES TRUST XII,MFS Lifetime 2065 Fund,XIK4H,DUPLICATE,NULL,Contested: ticker XIK4H maps to 10 series with no clear majority — NULLing
708501,2026-06-03,497K,0001104659-26-069859,"HARTFORD MUTUAL FUNDS II, INC",Hartford Schroders Diversified Opportunities Fund,HFIGX,DUPLICATE,NULL,Contested: ticker HFIGX maps to 2 series with no clear majority — NULLing
708502,2026-06-03,497K,0001104659-26-069859,"HARTFORD MUTUAL FUNDS II, INC",Hartford Schroders Diversified Opportunities Fund,HFSGX,DUPLICATE,NULL,Contested: ticker HFSGX maps to 2 series with no clear majority — NULLing
716356,2026-06-18,497,0001104659-26-075835,VALUE LINE ASSET ALLOCATION FUND INC,"VALUE LINE MID CAP FOCUSED FUND, INC.",FILER,DUPLICATE,NULL,Contested: ticker FILER maps to 5 series with no clear majority — NULLing
716358,2026-06-18,497,0001104659-26-075835,VALUE LINE ASSET ALLOCATION FUND INC,VALUE LINE CAPITAL APPRECIATION FUND INC,FILER,DUPLICATE,NULL,Contested: ticker FILER maps to 5 series with no clear majority — NULLing
716360,2026-06-18,497,0001104659-26-075835,VALUE LINE ASSET ALLOCATION FUND INC,"VALUE LINE LARGER COMPANIES FOCUSED FUND, INC.",FILER,DUPLICATE,NULL,Contested: ticker FILER maps to 5 series with no clear majority — NULLing
716364,2026-06-18,497,0001104659-26-075835,VALUE LINE ASSET ALLOCATION FUND INC,"Value Line Small Cap Opportunities Fund, Inc.",FILER,DUPLICATE,NULL,Contested: ticker FILER maps to 5 series with no clear majority — NULLing
716366,2026-06-18,497,0001104659-26-075835,VALUE LINE ASSET ALLOCATION FUND INC,VALUE LINE ASSET ALLOCATION FUND INC,FILER,DUPLICATE,NULL,Contested: ticker FILER maps to 5 series with no clear majority — NULLing
366699,2025-11-28,485BPOS,0001133228-25-012958,DELAWARE GROUP GOVERNMENT FUND,Macquarie Strategic Income Fund,DUGCX,DUPLICATE,NULL,Contested: ticker DUGCX maps to 3 series with no clear majority — NULLing
366692,2025-12-01,497K,0001133228-25-013051,DELAWARE GROUP GOVERNMENT FUND,Macquarie Strategic Income Fund,DUGCX,DUPLICATE,NULL,Contested: ticker DUGCX maps to 3 series with no clear majority — NULLing
360285,2026-02-26,485BPOS,0001133228-26-002318,DELAWARE GROUP ADVISER FUNDS,Nomura Diversified Income Fund,DPCFX,DUPLICATE,NULL,Contested: ticker DPCFX maps to 3 series with no clear majority — NULLing
360284,2026-02-26,485BPOS,0001133228-26-002318,DELAWARE GROUP ADVISER FUNDS,Nomura Diversified Income Fund,DPDFX,DUPLICATE,NULL,Contested: ticker DPDFX maps to 3 series with no clear majority — NULLing
360286,2026-02-26,485BPOS,0001133228-26-002318,DELAWARE GROUP ADVISER FUNDS,Nomura Diversified Income Fund,DPRFX,DUPLICATE,NULL,Contested: ticker DPRFX maps to 3 series with no clear majority — NULLing
365044,2026-02-27,497K,0001133228-26-002553,DELAWARE GROUP ADVISER FUNDS,Nomura Diversified Income Fund,DPCFX,DUPLICATE,NULL,Contested: ticker DPCFX maps to 3 series with no clear majority — NULLing
365043,2026-02-27,497K,0001133228-26-002553,DELAWARE GROUP ADVISER FUNDS,Nomura Diversified Income Fund,DPDFX,DUPLICATE,NULL,Contested: ticker DPDFX maps to 3 series with no clear majority — NULLing
365045,2026-02-27,497K,0001133228-26-002553,DELAWARE GROUP ADVISER FUNDS,Nomura Diversified Income Fund,DPRFX,DUPLICATE,NULL,Contested: ticker DPRFX maps to 3 series with no clear majority — NULLing
612616,2026-03-05,497J,0001133228-26-003013,Eaton Vance Mutual Funds Trust,Eaton Vance Diversified Currency Income Fund,EAIIX,DUPLICATE,NULL,Contested: ticker EAIIX maps to 2 series with no clear majority — NULLing
612617,2026-03-05,497J,0001133228-26-003013,Eaton Vance Mutual Funds Trust,Eaton Vance Diversified Currency Income Fund,ECIMX,DUPLICATE,NULL,Contested: ticker ECIMX maps to 2 series with no clear majority — NULLing
612618,2026-03-05,497J,0001133228-26-003013,Eaton Vance Mutual Funds Trust,Eaton Vance Diversified Currency Income Fund,EIIMX,DUPLICATE,NULL,Contested: ticker EIIMX maps to 2 series with no clear majority — NULLing
682316,2026-05-01,497K,0001133228-26-007842,Total Fund Solution,Cromwell Foresight Global Infrastructure Fund,CFGIX,DUPLICATE,NULL,Contested: ticker CFGIX maps to 2 series with no clear majority — NULLing
689407,2026-05-05,497J,0001133228-26-007964,Total Fund Solution,Cromwell Foresight Global Infrastructure Fund,CFGIX,DUPLICATE,NULL,Contested: ticker CFGIX maps to 2 series with no clear majority — NULLing
719790,2026-06-25,497,0001133228-26-009552,Eaton Vance Mutual Funds Trust,Eaton Vance Diversified Currency Income Fund,EAIIX,DUPLICATE,NULL,Contested: ticker EAIIX maps to 2 series with no clear majority — NULLing
719791,2026-06-25,497,0001133228-26-009552,Eaton Vance Mutual Funds Trust,Eaton Vance Diversified Currency Income Fund,ECIMX,DUPLICATE,NULL,Contested: ticker ECIMX maps to 2 series with no clear majority — NULLing
719792,2026-06-25,497,0001133228-26-009552,Eaton Vance Mutual Funds Trust,Eaton Vance Diversified Currency Income Fund,EIIMX,DUPLICATE,NULL,Contested: ticker EIIMX maps to 2 series with no clear majority — NULLing
364677,2023-02-23,497,0001137439-23-000316,DELAWARE GROUP ADVISER FUNDS,DELAWARE EXTENDED DURATION BOND FUND,DEEAX,DUPLICATE,NULL,Contested: ticker DEEAX maps to 3 series with no clear majority — NULLing
364678,2023-02-23,497,0001137439-23-000316,DELAWARE GROUP ADVISER FUNDS,DELAWARE EXTENDED DURATION BOND FUND,DEECX,DUPLICATE,NULL,Contested: ticker DEECX maps to 3 series with no clear majority — NULLing
364679,2023-02-23,497,0001137439-23-000316,DELAWARE GROUP ADVISER FUNDS,DELAWARE EXTENDED DURATION BOND FUND,DEERX,DUPLICATE,NULL,Contested: ticker DEERX maps to 3 series with no clear majority — NULLing
364681,2023-02-23,497,0001137439-23-000316,DELAWARE GROUP ADVISER FUNDS,DELAWARE EXTENDED DURATION BOND FUND,DEZRX,DUPLICATE,NULL,Contested: ticker DEZRX maps to 3 series with no clear majority — NULLing
364675,2023-02-23,497,0001137439-23-000316,DELAWARE GROUP ADVISER FUNDS,DELAWARE CORPORATE BOND FUND,DGCIX,DUPLICATE,NULL,Contested: ticker DGCIX maps to 3 series with no clear majority — NULLing
365035,2023-02-23,497,0001137439-23-000316,DELAWARE GROUP ADVISER FUNDS,DELAWARE DIVERSIFIED INCOME FUND,DPCFX,DUPLICATE,NULL,Contested: ticker DPCFX maps to 3 series with no clear majority — NULLing
365034,2023-02-23,497,0001137439-23-000316,DELAWARE GROUP ADVISER FUNDS,DELAWARE DIVERSIFIED INCOME FUND,DPDFX,DUPLICATE,NULL,Contested: ticker DPDFX maps to 3 series with no clear majority — NULLing
365036,2023-02-23,497,0001137439-23-000316,DELAWARE GROUP ADVISER FUNDS,DELAWARE DIVERSIFIED INCOME FUND,DPRFX,DUPLICATE,NULL,Contested: ticker DPRFX maps to 3 series with no clear majority — NULLing
364795,2023-02-23,497,0001137439-23-000316,DELAWARE GROUP ADVISER FUNDS,Delaware Global Listed Real Assets Fund,DPRSX,DUPLICATE,NULL,Contested: ticker DPRSX maps to 3 series with no clear majority — NULLing
364816,2023-02-23,497,0001137439-23-000316,DELAWARE GROUP ADVISER FUNDS,Delaware Ivy Asset Strategy Fund,IASRX,DUPLICATE,NULL,Contested: ticker IASRX maps to 3 series with no clear majority — NULLing
364817,2023-02-23,497,0001137439-23-000316,DELAWARE GROUP ADVISER FUNDS,Delaware Ivy Asset Strategy Fund,IASTX,DUPLICATE,NULL,Contested: ticker IASTX maps to 3 series with no clear majority — NULLing
364875,2023-02-23,497,0001137439-23-000316,DELAWARE GROUP ADVISER FUNDS,Delaware Ivy Balanced Fund,IBARX,DUPLICATE,NULL,Contested: ticker IBARX maps to 3 series with no clear majority — NULLing
364870,2023-02-23,497,0001137439-23-000316,DELAWARE GROUP ADVISER FUNDS,Delaware Ivy Balanced Fund,IBNAX,DUPLICATE,NULL,Contested: ticker IBNAX maps to 3 series with no clear majority — NULLing
364871,2023-02-23,497,0001137439-23-000316,DELAWARE GROUP ADVISER FUNDS,Delaware Ivy Balanced Fund,IBNCX,DUPLICATE,NULL,Contested: ticker IBNCX maps to 3 series with no clear majority — NULLing
364873,2023-02-23,497,0001137439-23-000316,DELAWARE GROUP ADVISER FUNDS,Delaware Ivy Balanced Fund,IBNYX,DUPLICATE,NULL,Contested: ticker IBNYX maps to 3 series with no clear majority — NULLing
364815,2023-02-23,497,0001137439-23-000316,DELAWARE GROUP ADVISER FUNDS,Delaware Ivy Asset Strategy Fund,IVAEX,DUPLICATE,NULL,Contested: ticker IVAEX maps to 3 series with no clear majority — NULLing
364874,2023-02-23,497,0001137439-23-000316,DELAWARE GROUP ADVISER FUNDS,Delaware Ivy Balanced Fund,IYBFX,DUPLICATE,NULL,Contested: ticker IYBFX maps to 3 series with no clear majority — NULLing
364872,2023-02-23,497,0001137439-23-000316,DELAWARE GROUP ADVISER FUNDS,Delaware Ivy Balanced Fund,IYBIX,DUPLICATE,NULL,Contested: ticker IYBIX maps to 3 series with no clear majority — NULLing
364812,2023-02-23,497,0001137439-23-000316,DELAWARE GROUP ADVISER FUNDS,Delaware Ivy Asset Strategy Fund,WASAX,DUPLICATE,NULL,Contested: ticker WASAX maps to 3 series with no clear majority — NULLing
364813,2023-02-23,497,0001137439-23-000316,DELAWARE GROUP ADVISER FUNDS,Delaware Ivy Asset Strategy Fund,WASCX,DUPLICATE,NULL,Contested: ticker WASCX maps to 3 series with no clear majority — NULLing
364814,2023-02-23,497,0001137439-23-000316,DELAWARE GROUP ADVISER FUNDS,Delaware Ivy Asset Strategy Fund,WASYX,DUPLICATE,NULL,Contested: ticker WASYX maps to 3 series with no clear majority — NULLing
456866,2023-02-23,497K,0001137439-23-000323,IVY FUNDS,Delaware Ivy Asset Strategy Fund,IVAEX,DUPLICATE,NULL,Contested: ticker IVAEX maps to 3 series with no clear majority — NULLing
456862,2023-02-23,497K,0001137439-23-000324,IVY FUNDS,Delaware Ivy Balanced Fund,IBARX,DUPLICATE,NULL,Contested: ticker IBARX maps to 3 series with no clear majority — NULLing
456857,2023-02-23,497K,0001137439-23-000324,IVY FUNDS,Delaware Ivy Balanced Fund,IBNAX,DUPLICATE,NULL,Contested: ticker IBNAX maps to 3 series with no clear majority — NULLing
456858,2023-02-23,497K,0001137439-23-000324,IVY FUNDS,Delaware Ivy Balanced Fund,IBNCX,DUPLICATE,NULL,Contested: ticker IBNCX maps to 3 series with no clear majority — NULLing
456860,2023-02-23,497K,0001137439-23-000324,IVY FUNDS,Delaware Ivy Balanced Fund,IBNYX,DUPLICATE,NULL,Contested: ticker IBNYX maps to 3 series with no clear majority — NULLing
364659,2023-02-23,497K,0001137439-23-000325,DELAWARE GROUP ADVISER FUNDS,DELAWARE DIVERSIFIED INCOME FUND,DPCFX,DUPLICATE,NULL,Contested: ticker DPCFX maps to 3 series with no clear majority — NULLing
364658,2023-02-23,497K,0001137439-23-000325,DELAWARE GROUP ADVISER FUNDS,DELAWARE DIVERSIFIED INCOME FUND,DPDFX,DUPLICATE,NULL,Contested: ticker DPDFX maps to 3 series with no clear majority — NULLing
364660,2023-02-23,497K,0001137439-23-000325,DELAWARE GROUP ADVISER FUNDS,DELAWARE DIVERSIFIED INCOME FUND,DPRFX,DUPLICATE,NULL,Contested: ticker DPRFX maps to 3 series with no clear majority — NULLing
366816,2023-02-23,497K,0001137439-23-000373,DELAWARE GROUP GOVERNMENT FUND,Delaware Strategic Income Fund,DUGCX,DUPLICATE,NULL,Contested: ticker DUGCX maps to 3 series with no clear majority — NULLing
456722,2023-02-23,497K,0001137439-23-000374,IVY FUNDS,Delaware Ivy Smid Cap Core Fund,IVVIX,DUPLICATE,NULL,Contested: ticker IVVIX maps to 3 series with no clear majority — NULLing
456720,2023-02-23,497K,0001137439-23-000374,IVY FUNDS,Delaware Ivy Smid Cap Core Fund,IYSAX,DUPLICATE,NULL,Contested: ticker IYSAX maps to 3 series with no clear majority — NULLing
456721,2023-02-23,497K,0001137439-23-000374,IVY FUNDS,Delaware Ivy Smid Cap Core Fund,IYSCX,DUPLICATE,NULL,Contested: ticker IYSCX maps to 3 series with no clear majority — NULLing
456723,2023-02-23,497K,0001137439-23-000374,IVY FUNDS,Delaware Ivy Smid Cap Core Fund,IYSMX,DUPLICATE,NULL,Contested: ticker IYSMX maps to 3 series with no clear majority — NULLing
456719,2023-02-23,497K,0001137439-23-000374,IVY FUNDS,Delaware Ivy Smid Cap Core Fund,IYSYX,DUPLICATE,NULL,Contested: ticker IYSYX maps to 3 series with no clear majority — NULLing
364649,2023-02-28,497J,0001137439-23-000437,DELAWARE GROUP ADVISER FUNDS,DELAWARE DIVERSIFIED INCOME FUND,DPCFX,DUPLICATE,NULL,Contested: ticker DPCFX maps to 3 series with no clear majority — NULLing
364648,2023-02-28,497J,0001137439-23-000437,DELAWARE GROUP ADVISER FUNDS,DELAWARE DIVERSIFIED INCOME FUND,DPDFX,DUPLICATE,NULL,Contested: ticker DPDFX maps to 3 series with no clear majority — NULLing
364650,2023-02-28,497J,0001137439-23-000437,DELAWARE GROUP ADVISER FUNDS,DELAWARE DIVERSIFIED INCOME FUND,DPRFX,DUPLICATE,NULL,Contested: ticker DPRFX maps to 3 series with no clear majority — NULLing
366813,2023-05-03,497,0001137439-23-000619,DELAWARE GROUP GOVERNMENT FUND,Delaware Strategic Income Fund,DUGCX,DUPLICATE,NULL,Contested: ticker DUGCX maps to 3 series with no clear majority — NULLing
456579,2023-05-31,497,0001137439-23-000716,IVY FUNDS,Delaware Ivy Asset Strategy Fund,IVAEX,DUPLICATE,NULL,Contested: ticker IVAEX maps to 3 series with no clear majority — NULLing
456594,2023-05-31,497,0001137439-23-000716,IVY FUNDS,Delaware Ivy Smid Cap Core Fund,IVVIX,DUPLICATE,NULL,Contested: ticker IVVIX maps to 3 series with no clear majority — NULLing
364601,2023-05-31,497,0001137439-23-000717,DELAWARE GROUP ADVISER FUNDS,DELAWARE CORPORATE BOND FUND,DGCIX,DUPLICATE,NULL,Contested: ticker DGCIX maps to 3 series with no clear majority — NULLing
364632,2023-05-31,497,0001137439-23-000717,DELAWARE GROUP ADVISER FUNDS,Delaware Global Listed Real Assets Fund,DPRSX,DUPLICATE,NULL,Contested: ticker DPRSX maps to 3 series with no clear majority — NULLing
456449,2023-07-05,497,0001137439-23-000873,IVY FUNDS,Delaware Ivy Asset Strategy Fund,IVAEX,DUPLICATE,NULL,Contested: ticker IVAEX maps to 3 series with no clear majority — NULLing
456431,2023-07-05,497K,0001137439-23-000879,IVY FUNDS,Delaware Ivy Asset Strategy Fund,IVAEX,DUPLICATE,NULL,Contested: ticker IVAEX maps to 3 series with no clear majority — NULLing
456020,2023-08-03,497J,0001137439-23-000931,IVY FUNDS,Delaware Ivy Balanced Fund,IBARX,DUPLICATE,NULL,Contested: ticker IBARX maps to 3 series with no clear majority — NULLing
456015,2023-08-03,497J,0001137439-23-000931,IVY FUNDS,Delaware Ivy Balanced Fund,IBNAX,DUPLICATE,NULL,Contested: ticker IBNAX maps to 3 series with no clear majority — NULLing
456016,2023-08-03,497J,0001137439-23-000931,IVY FUNDS,Delaware Ivy Balanced Fund,IBNCX,DUPLICATE,NULL,Contested: ticker IBNCX maps to 3 series with no clear majority — NULLing
456018,2023-08-03,497J,0001137439-23-000931,IVY FUNDS,Delaware Ivy Balanced Fund,IBNYX,DUPLICATE,NULL,Contested: ticker IBNYX maps to 3 series with no clear majority — NULLing
455960,2023-08-03,497J,0001137439-23-000931,IVY FUNDS,Delaware Ivy Asset Strategy Fund,IVAEX,DUPLICATE,NULL,Contested: ticker IVAEX maps to 3 series with no clear majority — NULLing
456048,2023-08-03,497J,0001137439-23-000931,IVY FUNDS,Delaware Ivy Smid Cap Core Fund,IVVIX,DUPLICATE,NULL,Contested: ticker IVVIX maps to 3 series with no clear majority — NULLing
456046,2023-08-03,497J,0001137439-23-000931,IVY FUNDS,Delaware Ivy Smid Cap Core Fund,IYSAX,DUPLICATE,NULL,Contested: ticker IYSAX maps to 3 series with no clear majority — NULLing
456047,2023-08-03,497J,0001137439-23-000931,IVY FUNDS,Delaware Ivy Smid Cap Core Fund,IYSCX,DUPLICATE,NULL,Contested: ticker IYSCX maps to 3 series with no clear majority — NULLing
456049,2023-08-03,497J,0001137439-23-000931,IVY FUNDS,Delaware Ivy Smid Cap Core Fund,IYSMX,DUPLICATE,NULL,Contested: ticker IYSMX maps to 3 series with no clear majority — NULLing
456045,2023-08-03,497J,0001137439-23-000931,IVY FUNDS,Delaware Ivy Smid Cap Core Fund,IYSYX,DUPLICATE,NULL,Contested: ticker IYSYX maps to 3 series with no clear majority — NULLing
364291,2023-09-28,497,0001137439-23-001166,DELAWARE GROUP ADVISER FUNDS,DELAWARE EXTENDED DURATION BOND FUND,DEEAX,DUPLICATE,NULL,Contested: ticker DEEAX maps to 3 series with no clear majority — NULLing
364292,2023-09-28,497,0001137439-23-001166,DELAWARE GROUP ADVISER FUNDS,DELAWARE EXTENDED DURATION BOND FUND,DEECX,DUPLICATE,NULL,Contested: ticker DEECX maps to 3 series with no clear majority — NULLing
364293,2023-09-28,497,0001137439-23-001166,DELAWARE GROUP ADVISER FUNDS,DELAWARE EXTENDED DURATION BOND FUND,DEERX,DUPLICATE,NULL,Contested: ticker DEERX maps to 3 series with no clear majority — NULLing
364295,2023-09-28,497,0001137439-23-001166,DELAWARE GROUP ADVISER FUNDS,DELAWARE EXTENDED DURATION BOND FUND,DEZRX,DUPLICATE,NULL,Contested: ticker DEZRX maps to 3 series with no clear majority — NULLing
364289,2023-09-28,497,0001137439-23-001166,DELAWARE GROUP ADVISER FUNDS,DELAWARE CORPORATE BOND FUND,DGCIX,DUPLICATE,NULL,Contested: ticker DGCIX maps to 3 series with no clear majority — NULLing
364595,2023-09-28,497,0001137439-23-001166,DELAWARE GROUP ADVISER FUNDS,DELAWARE DIVERSIFIED INCOME FUND,DPCFX,DUPLICATE,NULL,Contested: ticker DPCFX maps to 3 series with no clear majority — NULLing
364594,2023-09-28,497,0001137439-23-001166,DELAWARE GROUP ADVISER FUNDS,DELAWARE DIVERSIFIED INCOME FUND,DPDFX,DUPLICATE,NULL,Contested: ticker DPDFX maps to 3 series with no clear majority — NULLing
364596,2023-09-28,497,0001137439-23-001166,DELAWARE GROUP ADVISER FUNDS,DELAWARE DIVERSIFIED INCOME FUND,DPRFX,DUPLICATE,NULL,Contested: ticker DPRFX maps to 3 series with no clear majority — NULLing
364397,2023-09-28,497,0001137439-23-001166,DELAWARE GROUP ADVISER FUNDS,Delaware Global Listed Real Assets Fund,DPRSX,DUPLICATE,NULL,Contested: ticker DPRSX maps to 3 series with no clear majority — NULLing
364413,2023-09-28,497,0001137439-23-001166,DELAWARE GROUP ADVISER FUNDS,Delaware Ivy Asset Strategy Fund,IASRX,DUPLICATE,NULL,Contested: ticker IASRX maps to 3 series with no clear majority — NULLing
364414,2023-09-28,497,0001137439-23-001166,DELAWARE GROUP ADVISER FUNDS,Delaware Ivy Asset Strategy Fund,IASTX,DUPLICATE,NULL,Contested: ticker IASTX maps to 3 series with no clear majority — NULLing
364462,2023-09-28,497,0001137439-23-001166,DELAWARE GROUP ADVISER FUNDS,Delaware Ivy Balanced Fund,IBARX,DUPLICATE,NULL,Contested: ticker IBARX maps to 3 series with no clear majority — NULLing
364457,2023-09-28,497,0001137439-23-001166,DELAWARE GROUP ADVISER FUNDS,Delaware Ivy Balanced Fund,IBNAX,DUPLICATE,NULL,Contested: ticker IBNAX maps to 3 series with no clear majority — NULLing
364458,2023-09-28,497,0001137439-23-001166,DELAWARE GROUP ADVISER FUNDS,Delaware Ivy Balanced Fund,IBNCX,DUPLICATE,NULL,Contested: ticker IBNCX maps to 3 series with no clear majority — NULLing
364460,2023-09-28,497,0001137439-23-001166,DELAWARE GROUP ADVISER FUNDS,Delaware Ivy Balanced Fund,IBNYX,DUPLICATE,NULL,Contested: ticker IBNYX maps to 3 series with no clear majority — NULLing
364412,2023-09-28,497,0001137439-23-001166,DELAWARE GROUP ADVISER FUNDS,Delaware Ivy Asset Strategy Fund,IVAEX,DUPLICATE,NULL,Contested: ticker IVAEX maps to 3 series with no clear majority — NULLing
364461,2023-09-28,497,0001137439-23-001166,DELAWARE GROUP ADVISER FUNDS,Delaware Ivy Balanced Fund,IYBFX,DUPLICATE,NULL,Contested: ticker IYBFX maps to 3 series with no clear majority — NULLing
364459,2023-09-28,497,0001137439-23-001166,DELAWARE GROUP ADVISER FUNDS,Delaware Ivy Balanced Fund,IYBIX,DUPLICATE,NULL,Contested: ticker IYBIX maps to 3 series with no clear majority — NULLing
364409,2023-09-28,497,0001137439-23-001166,DELAWARE GROUP ADVISER FUNDS,Delaware Ivy Asset Strategy Fund,WASAX,DUPLICATE,NULL,Contested: ticker WASAX maps to 3 series with no clear majority — NULLing
364410,2023-09-28,497,0001137439-23-001166,DELAWARE GROUP ADVISER FUNDS,Delaware Ivy Asset Strategy Fund,WASCX,DUPLICATE,NULL,Contested: ticker WASCX maps to 3 series with no clear majority — NULLing
364411,2023-09-28,497,0001137439-23-001166,DELAWARE GROUP ADVISER FUNDS,Delaware Ivy Asset Strategy Fund,WASYX,DUPLICATE,NULL,Contested: ticker WASYX maps to 3 series with no clear majority — NULLing
366790,2023-12-04,497J,0001137439-23-001449,DELAWARE GROUP GOVERNMENT FUND,Delaware Strategic Income Fund,DUGCX,DUPLICATE,NULL,Contested: ticker DUGCX maps to 3 series with no clear majority — NULLing
364013,2023-12-29,497,0001137439-23-001482,DELAWARE GROUP ADVISER FUNDS,DELAWARE EXTENDED DURATION BOND FUND,DEEAX,DUPLICATE,NULL,Contested: ticker DEEAX maps to 3 series with no clear majority — NULLing
364014,2023-12-29,497,0001137439-23-001482,DELAWARE GROUP ADVISER FUNDS,DELAWARE EXTENDED DURATION BOND FUND,DEECX,DUPLICATE,NULL,Contested: ticker DEECX maps to 3 series with no clear majority — NULLing
364015,2023-12-29,497,0001137439-23-001482,DELAWARE GROUP ADVISER FUNDS,DELAWARE EXTENDED DURATION BOND FUND,DEERX,DUPLICATE,NULL,Contested: ticker DEERX maps to 3 series with no clear majority — NULLing
364017,2023-12-29,497,0001137439-23-001482,DELAWARE GROUP ADVISER FUNDS,DELAWARE EXTENDED DURATION BOND FUND,DEZRX,DUPLICATE,NULL,Contested: ticker DEZRX maps to 3 series with no clear majority — NULLing
364011,2023-12-29,497,0001137439-23-001482,DELAWARE GROUP ADVISER FUNDS,DELAWARE CORPORATE BOND FUND,DGCIX,DUPLICATE,NULL,Contested: ticker DGCIX maps to 3 series with no clear majority — NULLing
364277,2023-12-29,497,0001137439-23-001482,DELAWARE GROUP ADVISER FUNDS,DELAWARE DIVERSIFIED INCOME FUND,DPCFX,DUPLICATE,NULL,Contested: ticker DPCFX maps to 3 series with no clear majority — NULLing
364276,2023-12-29,497,0001137439-23-001482,DELAWARE GROUP ADVISER FUNDS,DELAWARE DIVERSIFIED INCOME FUND,DPDFX,DUPLICATE,NULL,Contested: ticker DPDFX maps to 3 series with no clear majority — NULLing
364278,2023-12-29,497,0001137439-23-001482,DELAWARE GROUP ADVISER FUNDS,DELAWARE DIVERSIFIED INCOME FUND,DPRFX,DUPLICATE,NULL,Contested: ticker DPRFX maps to 3 series with no clear majority — NULLing
364098,2023-12-29,497,0001137439-23-001482,DELAWARE GROUP ADVISER FUNDS,Delaware Global Listed Real Assets Fund,DPRSX,DUPLICATE,NULL,Contested: ticker DPRSX maps to 3 series with no clear majority — NULLing
364114,2023-12-29,497,0001137439-23-001482,DELAWARE GROUP ADVISER FUNDS,Delaware Ivy Asset Strategy Fund,IASRX,DUPLICATE,NULL,Contested: ticker IASRX maps to 3 series with no clear majority — NULLing
364115,2023-12-29,497,0001137439-23-001482,DELAWARE GROUP ADVISER FUNDS,Delaware Ivy Asset Strategy Fund,IASTX,DUPLICATE,NULL,Contested: ticker IASTX maps to 3 series with no clear majority — NULLing
364163,2023-12-29,497,0001137439-23-001482,DELAWARE GROUP ADVISER FUNDS,Delaware Ivy Balanced Fund,IBARX,DUPLICATE,NULL,Contested: ticker IBARX maps to 3 series with no clear majority — NULLing
364158,2023-12-29,497,0001137439-23-001482,DELAWARE GROUP ADVISER FUNDS,Delaware Ivy Balanced Fund,IBNAX,DUPLICATE,NULL,Contested: ticker IBNAX maps to 3 series with no clear majority — NULLing
364159,2023-12-29,497,0001137439-23-001482,DELAWARE GROUP ADVISER FUNDS,Delaware Ivy Balanced Fund,IBNCX,DUPLICATE,NULL,Contested: ticker IBNCX maps to 3 series with no clear majority — NULLing
364161,2023-12-29,497,0001137439-23-001482,DELAWARE GROUP ADVISER FUNDS,Delaware Ivy Balanced Fund,IBNYX,DUPLICATE,NULL,Contested: ticker IBNYX maps to 3 series with no clear majority — NULLing
364113,2023-12-29,497,0001137439-23-001482,DELAWARE GROUP ADVISER FUNDS,Delaware Ivy Asset Strategy Fund,IVAEX,DUPLICATE,NULL,Contested: ticker IVAEX maps to 3 series with no clear majority — NULLing
364162,2023-12-29,497,0001137439-23-001482,DELAWARE GROUP ADVISER FUNDS,Delaware Ivy Balanced Fund,IYBFX,DUPLICATE,NULL,Contested: ticker IYBFX maps to 3 series with no clear majority — NULLing
364160,2023-12-29,497,0001137439-23-001482,DELAWARE GROUP ADVISER FUNDS,Delaware Ivy Balanced Fund,IYBIX,DUPLICATE,NULL,Contested: ticker IYBIX maps to 3 series with no clear majority — NULLing
364110,2023-12-29,497,0001137439-23-001482,DELAWARE GROUP ADVISER FUNDS,Delaware Ivy Asset Strategy Fund,WASAX,DUPLICATE,NULL,Contested: ticker WASAX maps to 3 series with no clear majority — NULLing
364111,2023-12-29,497,0001137439-23-001482,DELAWARE GROUP ADVISER FUNDS,Delaware Ivy Asset Strategy Fund,WASCX,DUPLICATE,NULL,Contested: ticker WASCX maps to 3 series with no clear majority — NULLing
364112,2023-12-29,497,0001137439-23-001482,DELAWARE GROUP ADVISER FUNDS,Delaware Ivy Asset Strategy Fund,WASYX,DUPLICATE,NULL,Contested: ticker WASYX maps to 3 series with no clear majority — NULLing
363757,2024-01-17,497,0001137439-24-000420,DELAWARE GROUP ADVISER FUNDS,DELAWARE EXTENDED DURATION BOND FUND,DEEAX,DUPLICATE,NULL,Contested: ticker DEEAX maps to 3 series with no clear majority — NULLing
363758,2024-01-17,497,0001137439-24-000420,DELAWARE GROUP ADVISER FUNDS,DELAWARE EXTENDED DURATION BOND FUND,DEECX,DUPLICATE,NULL,Contested: ticker DEECX maps to 3 series with no clear majority — NULLing
363759,2024-01-17,497,0001137439-24-000420,DELAWARE GROUP ADVISER FUNDS,DELAWARE EXTENDED DURATION BOND FUND,DEERX,DUPLICATE,NULL,Contested: ticker DEERX maps to 3 series with no clear majority — NULLing
363761,2024-01-17,497,0001137439-24-000420,DELAWARE GROUP ADVISER FUNDS,DELAWARE EXTENDED DURATION BOND FUND,DEZRX,DUPLICATE,NULL,Contested: ticker DEZRX maps to 3 series with no clear majority — NULLing
363755,2024-01-17,497,0001137439-24-000420,DELAWARE GROUP ADVISER FUNDS,DELAWARE CORPORATE BOND FUND,DGCIX,DUPLICATE,NULL,Contested: ticker DGCIX maps to 3 series with no clear majority — NULLing
363999,2024-01-17,497,0001137439-24-000420,DELAWARE GROUP ADVISER FUNDS,DELAWARE DIVERSIFIED INCOME FUND,DPCFX,DUPLICATE,NULL,Contested: ticker DPCFX maps to 3 series with no clear majority — NULLing
363998,2024-01-17,497,0001137439-24-000420,DELAWARE GROUP ADVISER FUNDS,DELAWARE DIVERSIFIED INCOME FUND,DPDFX,DUPLICATE,NULL,Contested: ticker DPDFX maps to 3 series with no clear majority — NULLing
364000,2024-01-17,497,0001137439-24-000420,DELAWARE GROUP ADVISER FUNDS,DELAWARE DIVERSIFIED INCOME FUND,DPRFX,DUPLICATE,NULL,Contested: ticker DPRFX maps to 3 series with no clear majority — NULLing
363871,2024-01-17,497,0001137439-24-000420,DELAWARE GROUP ADVISER FUNDS,Delaware Global Listed Real Assets Fund,DPRSX,DUPLICATE,NULL,Contested: ticker DPRSX maps to 3 series with no clear majority — NULLing
363882,2024-01-17,497,0001137439-24-000420,DELAWARE GROUP ADVISER FUNDS,Delaware Ivy Asset Strategy Fund,IASRX,DUPLICATE,NULL,Contested: ticker IASRX maps to 3 series with no clear majority — NULLing
363883,2024-01-17,497,0001137439-24-000420,DELAWARE GROUP ADVISER FUNDS,Delaware Ivy Asset Strategy Fund,IASTX,DUPLICATE,NULL,Contested: ticker IASTX maps to 3 series with no clear majority — NULLing
363925,2024-01-17,497,0001137439-24-000420,DELAWARE GROUP ADVISER FUNDS,Delaware Ivy Balanced Fund,IBARX,DUPLICATE,NULL,Contested: ticker IBARX maps to 3 series with no clear majority — NULLing
363920,2024-01-17,497,0001137439-24-000420,DELAWARE GROUP ADVISER FUNDS,Delaware Ivy Balanced Fund,IBNAX,DUPLICATE,NULL,Contested: ticker IBNAX maps to 3 series with no clear majority — NULLing
363921,2024-01-17,497,0001137439-24-000420,DELAWARE GROUP ADVISER FUNDS,Delaware Ivy Balanced Fund,IBNCX,DUPLICATE,NULL,Contested: ticker IBNCX maps to 3 series with no clear majority — NULLing
363923,2024-01-17,497,0001137439-24-000420,DELAWARE GROUP ADVISER FUNDS,Delaware Ivy Balanced Fund,IBNYX,DUPLICATE,NULL,Contested: ticker IBNYX maps to 3 series with no clear majority — NULLing
363881,2024-01-17,497,0001137439-24-000420,DELAWARE GROUP ADVISER FUNDS,Delaware Ivy Asset Strategy Fund,IVAEX,DUPLICATE,NULL,Contested: ticker IVAEX maps to 3 series with no clear majority — NULLing
363924,2024-01-17,497,0001137439-24-000420,DELAWARE GROUP ADVISER FUNDS,Delaware Ivy Balanced Fund,IYBFX,DUPLICATE,NULL,Contested: ticker IYBFX maps to 3 series with no clear majority — NULLing
363922,2024-01-17,497,0001137439-24-000420,DELAWARE GROUP ADVISER FUNDS,Delaware Ivy Balanced Fund,IYBIX,DUPLICATE,NULL,Contested: ticker IYBIX maps to 3 series with no clear majority — NULLing
363878,2024-01-17,497,0001137439-24-000420,DELAWARE GROUP ADVISER FUNDS,Delaware Ivy Asset Strategy Fund,WASAX,DUPLICATE,NULL,Contested: ticker WASAX maps to 3 series with no clear majority — NULLing
363879,2024-01-17,497,0001137439-24-000420,DELAWARE GROUP ADVISER FUNDS,Delaware Ivy Asset Strategy Fund,WASCX,DUPLICATE,NULL,Contested: ticker WASCX maps to 3 series with no clear majority — NULLing
363880,2024-01-17,497,0001137439-24-000420,DELAWARE GROUP ADVISER FUNDS,Delaware Ivy Asset Strategy Fund,WASYX,DUPLICATE,NULL,Contested: ticker WASYX maps to 3 series with no clear majority — NULLing
363743,2024-01-17,497K,0001137439-24-000421,DELAWARE GROUP ADVISER FUNDS,DELAWARE DIVERSIFIED INCOME FUND,DPCFX,DUPLICATE,NULL,Contested: ticker DPCFX maps to 3 series with no clear majority — NULLing
363742,2024-01-17,497K,0001137439-24-000421,DELAWARE GROUP ADVISER FUNDS,DELAWARE DIVERSIFIED INCOME FUND,DPDFX,DUPLICATE,NULL,Contested: ticker DPDFX maps to 3 series with no clear majority — NULLing
363744,2024-01-17,497K,0001137439-24-000421,DELAWARE GROUP ADVISER FUNDS,DELAWARE DIVERSIFIED INCOME FUND,DPRFX,DUPLICATE,NULL,Contested: ticker DPRFX maps to 3 series with no clear majority — NULLing
455555,2024-01-17,497K,0001137439-24-000430,IVY FUNDS,Delaware Ivy Asset Strategy Fund,IVAEX,DUPLICATE,NULL,Contested: ticker IVAEX maps to 3 series with no clear majority — NULLing
455551,2024-01-17,497K,0001137439-24-000431,IVY FUNDS,Delaware Ivy Balanced Fund,IBARX,DUPLICATE,NULL,Contested: ticker IBARX maps to 3 series with no clear majority — NULLing
455546,2024-01-17,497K,0001137439-24-000431,IVY FUNDS,Delaware Ivy Balanced Fund,IBNAX,DUPLICATE,NULL,Contested: ticker IBNAX maps to 3 series with no clear majority — NULLing
455547,2024-01-17,497K,0001137439-24-000431,IVY FUNDS,Delaware Ivy Balanced Fund,IBNCX,DUPLICATE,NULL,Contested: ticker IBNCX maps to 3 series with no clear majority — NULLing
455549,2024-01-17,497K,0001137439-24-000431,IVY FUNDS,Delaware Ivy Balanced Fund,IBNYX,DUPLICATE,NULL,Contested: ticker IBNYX maps to 3 series with no clear majority — NULLing
455474,2024-01-17,497K,0001137439-24-000449,IVY FUNDS,Delaware Ivy Smid Cap Core Fund,IVVIX,DUPLICATE,NULL,Contested: ticker IVVIX maps to 3 series with no clear majority — NULLing
455472,2024-01-17,497K,0001137439-24-000449,IVY FUNDS,Delaware Ivy Smid Cap Core Fund,IYSAX,DUPLICATE,NULL,Contested: ticker IYSAX maps to 3 series with no clear majority — NULLing
455473,2024-01-17,497K,0001137439-24-000449,IVY FUNDS,Delaware Ivy Smid Cap Core Fund,IYSCX,DUPLICATE,NULL,Contested: ticker IYSCX maps to 3 series with no clear majority — NULLing
455475,2024-01-17,497K,0001137439-24-000449,IVY FUNDS,Delaware Ivy Smid Cap Core Fund,IYSMX,DUPLICATE,NULL,Contested: ticker IYSMX maps to 3 series with no clear majority — NULLing
455471,2024-01-17,497K,0001137439-24-000449,IVY FUNDS,Delaware Ivy Smid Cap Core Fund,IYSYX,DUPLICATE,NULL,Contested: ticker IYSYX maps to 3 series with no clear majority — NULLing
366783,2024-01-17,497K,0001137439-24-000470,DELAWARE GROUP GOVERNMENT FUND,Delaware Strategic Income Fund,DUGCX,DUPLICATE,NULL,Contested: ticker DUGCX maps to 3 series with no clear majority — NULLing
455386,2024-02-20,497,0001137439-24-000584,IVY FUNDS,Delaware Ivy Balanced Fund,IBARX,DUPLICATE,NULL,Contested: ticker IBARX maps to 3 series with no clear majority — NULLing
455381,2024-02-20,497,0001137439-24-000584,IVY FUNDS,Delaware Ivy Balanced Fund,IBNAX,DUPLICATE,NULL,Contested: ticker IBNAX maps to 3 series with no clear majority — NULLing
455382,2024-02-20,497,0001137439-24-000584,IVY FUNDS,Delaware Ivy Balanced Fund,IBNCX,DUPLICATE,NULL,Contested: ticker IBNCX maps to 3 series with no clear majority — NULLing
455384,2024-02-20,497,0001137439-24-000584,IVY FUNDS,Delaware Ivy Balanced Fund,IBNYX,DUPLICATE,NULL,Contested: ticker IBNYX maps to 3 series with no clear majority — NULLing
455378,2024-02-20,497,0001137439-24-000584,IVY FUNDS,Delaware Ivy Asset Strategy Fund,IVAEX,DUPLICATE,NULL,Contested: ticker IVAEX maps to 3 series with no clear majority — NULLing
455367,2024-02-20,497K,0001137439-24-000590,IVY FUNDS,Delaware Ivy Asset Strategy Fund,IVAEX,DUPLICATE,NULL,Contested: ticker IVAEX maps to 3 series with no clear majority — NULLing
455363,2024-02-20,497K,0001137439-24-000592,IVY FUNDS,Delaware Ivy Balanced Fund,IBARX,DUPLICATE,NULL,Contested: ticker IBARX maps to 3 series with no clear majority — NULLing
455358,2024-02-20,497K,0001137439-24-000592,IVY FUNDS,Delaware Ivy Balanced Fund,IBNAX,DUPLICATE,NULL,Contested: ticker IBNAX maps to 3 series with no clear majority — NULLing
455359,2024-02-20,497K,0001137439-24-000592,IVY FUNDS,Delaware Ivy Balanced Fund,IBNCX,DUPLICATE,NULL,Contested: ticker IBNCX maps to 3 series with no clear majority — NULLing
455361,2024-02-20,497K,0001137439-24-000592,IVY FUNDS,Delaware Ivy Balanced Fund,IBNYX,DUPLICATE,NULL,Contested: ticker IBNYX maps to 3 series with no clear majority — NULLing
363738,2024-02-21,497,0001137439-24-000607,DELAWARE GROUP ADVISER FUNDS,DELAWARE DIVERSIFIED INCOME FUND,DPCFX,DUPLICATE,NULL,Contested: ticker DPCFX maps to 3 series with no clear majority — NULLing
363737,2024-02-21,497,0001137439-24-000607,DELAWARE GROUP ADVISER FUNDS,DELAWARE DIVERSIFIED INCOME FUND,DPDFX,DUPLICATE,NULL,Contested: ticker DPDFX maps to 3 series with no clear majority — NULLing
363739,2024-02-21,497,0001137439-24-000607,DELAWARE GROUP ADVISER FUNDS,DELAWARE DIVERSIFIED INCOME FUND,DPRFX,DUPLICATE,NULL,Contested: ticker DPRFX maps to 3 series with no clear majority — NULLing
363733,2024-02-21,497K,0001137439-24-000610,DELAWARE GROUP ADVISER FUNDS,DELAWARE DIVERSIFIED INCOME FUND,DPCFX,DUPLICATE,NULL,Contested: ticker DPCFX maps to 3 series with no clear majority — NULLing
363732,2024-02-21,497K,0001137439-24-000610,DELAWARE GROUP ADVISER FUNDS,DELAWARE DIVERSIFIED INCOME FUND,DPDFX,DUPLICATE,NULL,Contested: ticker DPDFX maps to 3 series with no clear majority — NULLing
363734,2024-02-21,497K,0001137439-24-000610,DELAWARE GROUP ADVISER FUNDS,DELAWARE DIVERSIFIED INCOME FUND,DPRFX,DUPLICATE,NULL,Contested: ticker DPRFX maps to 3 series with no clear majority — NULLing
363713,2024-03-06,497,0001137439-24-000702,DELAWARE GROUP ADVISER FUNDS,DELAWARE DIVERSIFIED INCOME FUND,DPCFX,DUPLICATE,NULL,Contested: ticker DPCFX maps to 3 series with no clear majority — NULLing
363712,2024-03-06,497,0001137439-24-000702,DELAWARE GROUP ADVISER FUNDS,DELAWARE DIVERSIFIED INCOME FUND,DPDFX,DUPLICATE,NULL,Contested: ticker DPDFX maps to 3 series with no clear majority — NULLing
363714,2024-03-06,497,0001137439-24-000702,DELAWARE GROUP ADVISER FUNDS,DELAWARE DIVERSIFIED INCOME FUND,DPRFX,DUPLICATE,NULL,Contested: ticker DPRFX maps to 3 series with no clear majority — NULLing
363708,2024-03-28,497,0001137439-24-000817,DELAWARE GROUP ADVISER FUNDS,DELAWARE DIVERSIFIED INCOME FUND,DPCFX,DUPLICATE,NULL,Contested: ticker DPCFX maps to 3 series with no clear majority — NULLing
363707,2024-03-28,497,0001137439-24-000817,DELAWARE GROUP ADVISER FUNDS,DELAWARE DIVERSIFIED INCOME FUND,DPDFX,DUPLICATE,NULL,Contested: ticker DPDFX maps to 3 series with no clear majority — NULLing
363709,2024-03-28,497,0001137439-24-000817,DELAWARE GROUP ADVISER FUNDS,DELAWARE DIVERSIFIED INCOME FUND,DPRFX,DUPLICATE,NULL,Contested: ticker DPRFX maps to 3 series with no clear majority — NULLing
363428,2024-03-29,497,0001137439-24-000821,DELAWARE GROUP ADVISER FUNDS,DELAWARE EXTENDED DURATION BOND FUND,DEEAX,DUPLICATE,NULL,Contested: ticker DEEAX maps to 3 series with no clear majority — NULLing
363429,2024-03-29,497,0001137439-24-000821,DELAWARE GROUP ADVISER FUNDS,DELAWARE EXTENDED DURATION BOND FUND,DEECX,DUPLICATE,NULL,Contested: ticker DEECX maps to 3 series with no clear majority — NULLing
363430,2024-03-29,497,0001137439-24-000821,DELAWARE GROUP ADVISER FUNDS,DELAWARE EXTENDED DURATION BOND FUND,DEERX,DUPLICATE,NULL,Contested: ticker DEERX maps to 3 series with no clear majority — NULLing
363432,2024-03-29,497,0001137439-24-000821,DELAWARE GROUP ADVISER FUNDS,DELAWARE EXTENDED DURATION BOND FUND,DEZRX,DUPLICATE,NULL,Contested: ticker DEZRX maps to 3 series with no clear majority — NULLing
363426,2024-03-29,497,0001137439-24-000821,DELAWARE GROUP ADVISER FUNDS,DELAWARE CORPORATE BOND FUND,DGCIX,DUPLICATE,NULL,Contested: ticker DGCIX maps to 3 series with no clear majority — NULLing
363703,2024-03-29,497,0001137439-24-000821,DELAWARE GROUP ADVISER FUNDS,DELAWARE DIVERSIFIED INCOME FUND,DPCFX,DUPLICATE,NULL,Contested: ticker DPCFX maps to 3 series with no clear majority — NULLing
363702,2024-03-29,497,0001137439-24-000821,DELAWARE GROUP ADVISER FUNDS,DELAWARE DIVERSIFIED INCOME FUND,DPDFX,DUPLICATE,NULL,Contested: ticker DPDFX maps to 3 series with no clear majority — NULLing
363704,2024-03-29,497,0001137439-24-000821,DELAWARE GROUP ADVISER FUNDS,DELAWARE DIVERSIFIED INCOME FUND,DPRFX,DUPLICATE,NULL,Contested: ticker DPRFX maps to 3 series with no clear majority — NULLing
363519,2024-03-29,497,0001137439-24-000821,DELAWARE GROUP ADVISER FUNDS,Delaware Global Listed Real Assets Fund,DPRSX,DUPLICATE,NULL,Contested: ticker DPRSX maps to 3 series with no clear majority — NULLing
363525,2024-03-29,497,0001137439-24-000821,DELAWARE GROUP ADVISER FUNDS,Delaware Ivy Asset Strategy Fund,IASRX,DUPLICATE,NULL,Contested: ticker IASRX maps to 3 series with no clear majority — NULLing
363526,2024-03-29,497,0001137439-24-000821,DELAWARE GROUP ADVISER FUNDS,Delaware Ivy Asset Strategy Fund,IASTX,DUPLICATE,NULL,Contested: ticker IASTX maps to 3 series with no clear majority — NULLing
363574,2024-03-29,497,0001137439-24-000821,DELAWARE GROUP ADVISER FUNDS,Delaware Ivy Balanced Fund,IBARX,DUPLICATE,NULL,Contested: ticker IBARX maps to 3 series with no clear majority — NULLing
363569,2024-03-29,497,0001137439-24-000821,DELAWARE GROUP ADVISER FUNDS,Delaware Ivy Balanced Fund,IBNAX,DUPLICATE,NULL,Contested: ticker IBNAX maps to 3 series with no clear majority — NULLing
363570,2024-03-29,497,0001137439-24-000821,DELAWARE GROUP ADVISER FUNDS,Delaware Ivy Balanced Fund,IBNCX,DUPLICATE,NULL,Contested: ticker IBNCX maps to 3 series with no clear majority — NULLing
363572,2024-03-29,497,0001137439-24-000821,DELAWARE GROUP ADVISER FUNDS,Delaware Ivy Balanced Fund,IBNYX,DUPLICATE,NULL,Contested: ticker IBNYX maps to 3 series with no clear majority — NULLing
363524,2024-03-29,497,0001137439-24-000821,DELAWARE GROUP ADVISER FUNDS,Delaware Ivy Asset Strategy Fund,IVAEX,DUPLICATE,NULL,Contested: ticker IVAEX maps to 3 series with no clear majority — NULLing
363573,2024-03-29,497,0001137439-24-000821,DELAWARE GROUP ADVISER FUNDS,Delaware Ivy Balanced Fund,IYBFX,DUPLICATE,NULL,Contested: ticker IYBFX maps to 3 series with no clear majority — NULLing
363571,2024-03-29,497,0001137439-24-000821,DELAWARE GROUP ADVISER FUNDS,Delaware Ivy Balanced Fund,IYBIX,DUPLICATE,NULL,Contested: ticker IYBIX maps to 3 series with no clear majority — NULLing
363521,2024-03-29,497,0001137439-24-000821,DELAWARE GROUP ADVISER FUNDS,Delaware Ivy Asset Strategy Fund,WASAX,DUPLICATE,NULL,Contested: ticker WASAX maps to 3 series with no clear majority — NULLing
363522,2024-03-29,497,0001137439-24-000821,DELAWARE GROUP ADVISER FUNDS,Delaware Ivy Asset Strategy Fund,WASCX,DUPLICATE,NULL,Contested: ticker WASCX maps to 3 series with no clear majority — NULLing
363523,2024-03-29,497,0001137439-24-000821,DELAWARE GROUP ADVISER FUNDS,Delaware Ivy Asset Strategy Fund,WASYX,DUPLICATE,NULL,Contested: ticker WASYX maps to 3 series with no clear majority — NULLing
366780,2024-04-09,485BPOS,0001137439-24-000852,DELAWARE GROUP GOVERNMENT FUND,Delaware Strategic Income Fund,DUGCX,DUPLICATE,NULL,Contested: ticker DUGCX maps to 3 series with no clear majority — NULLing
363419,2024-04-22,497,0001137439-24-000894,DELAWARE GROUP ADVISER FUNDS,DELAWARE DIVERSIFIED INCOME FUND,DPCFX,DUPLICATE,NULL,Contested: ticker DPCFX maps to 3 series with no clear majority — NULLing
363418,2024-04-22,497,0001137439-24-000894,DELAWARE GROUP ADVISER FUNDS,DELAWARE DIVERSIFIED INCOME FUND,DPDFX,DUPLICATE,NULL,Contested: ticker DPDFX maps to 3 series with no clear majority — NULLing
363420,2024-04-22,497,0001137439-24-000894,DELAWARE GROUP ADVISER FUNDS,DELAWARE DIVERSIFIED INCOME FUND,DPRFX,DUPLICATE,NULL,Contested: ticker DPRFX maps to 3 series with no clear majority — NULLing
363414,2024-05-01,497,0001137439-24-000954,DELAWARE GROUP ADVISER FUNDS,DELAWARE DIVERSIFIED INCOME FUND,DPCFX,DUPLICATE,NULL,Contested: ticker DPCFX maps to 3 series with no clear majority — NULLing
363413,2024-05-01,497,0001137439-24-000954,DELAWARE GROUP ADVISER FUNDS,DELAWARE DIVERSIFIED INCOME FUND,DPDFX,DUPLICATE,NULL,Contested: ticker DPDFX maps to 3 series with no clear majority — NULLing
363415,2024-05-01,497,0001137439-24-000954,DELAWARE GROUP ADVISER FUNDS,DELAWARE DIVERSIFIED INCOME FUND,DPRFX,DUPLICATE,NULL,Contested: ticker DPRFX maps to 3 series with no clear majority — NULLing
363409,2024-05-01,497K,0001137439-24-000956,DELAWARE GROUP ADVISER FUNDS,DELAWARE DIVERSIFIED INCOME FUND,DPCFX,DUPLICATE,NULL,Contested: ticker DPCFX maps to 3 series with no clear majority — NULLing
363408,2024-05-01,497K,0001137439-24-000956,DELAWARE GROUP ADVISER FUNDS,DELAWARE DIVERSIFIED INCOME FUND,DPDFX,DUPLICATE,NULL,Contested: ticker DPDFX maps to 3 series with no clear majority — NULLing
363410,2024-05-01,497K,0001137439-24-000956,DELAWARE GROUP ADVISER FUNDS,DELAWARE DIVERSIFIED INCOME FUND,DPRFX,DUPLICATE,NULL,Contested: ticker DPRFX maps to 3 series with no clear majority — NULLing
366776,2024-05-06,497,0001137439-24-001001,DELAWARE GROUP GOVERNMENT FUND,Delaware Strategic Income Fund,DUGCX,DUPLICATE,NULL,Contested: ticker DUGCX maps to 3 series with no clear majority — NULLing
363404,2024-05-06,497,0001137439-24-001005,DELAWARE GROUP ADVISER FUNDS,DELAWARE DIVERSIFIED INCOME FUND,DPCFX,DUPLICATE,NULL,Contested: ticker DPCFX maps to 3 series with no clear majority — NULLing
363403,2024-05-06,497,0001137439-24-001005,DELAWARE GROUP ADVISER FUNDS,DELAWARE DIVERSIFIED INCOME FUND,DPDFX,DUPLICATE,NULL,Contested: ticker DPDFX maps to 3 series with no clear majority — NULLing
363405,2024-05-06,497,0001137439-24-001005,DELAWARE GROUP ADVISER FUNDS,DELAWARE DIVERSIFIED INCOME FUND,DPRFX,DUPLICATE,NULL,Contested: ticker DPRFX maps to 3 series with no clear majority — NULLing
363399,2024-05-06,497K,0001137439-24-001015,DELAWARE GROUP ADVISER FUNDS,DELAWARE DIVERSIFIED INCOME FUND,DPCFX,DUPLICATE,NULL,Contested: ticker DPCFX maps to 3 series with no clear majority — NULLing
363398,2024-05-06,497K,0001137439-24-001015,DELAWARE GROUP ADVISER FUNDS,DELAWARE DIVERSIFIED INCOME FUND,DPDFX,DUPLICATE,NULL,Contested: ticker DPDFX maps to 3 series with no clear majority — NULLing
363400,2024-05-06,497K,0001137439-24-001015,DELAWARE GROUP ADVISER FUNDS,DELAWARE DIVERSIFIED INCOME FUND,DPRFX,DUPLICATE,NULL,Contested: ticker DPRFX maps to 3 series with no clear majority — NULLing
366772,2024-05-06,497K,0001137439-24-001017,DELAWARE GROUP GOVERNMENT FUND,Delaware Strategic Income Fund,DUGCX,DUPLICATE,NULL,Contested: ticker DUGCX maps to 3 series with no clear majority — NULLing
363393,2024-07-12,497,0001137439-24-001162,DELAWARE GROUP ADVISER FUNDS,DELAWARE DIVERSIFIED INCOME FUND,DPCFX,DUPLICATE,NULL,Contested: ticker DPCFX maps to 3 series with no clear majority — NULLing
363392,2024-07-12,497,0001137439-24-001162,DELAWARE GROUP ADVISER FUNDS,DELAWARE DIVERSIFIED INCOME FUND,DPDFX,DUPLICATE,NULL,Contested: ticker DPDFX maps to 3 series with no clear majority — NULLing
363394,2024-07-12,497,0001137439-24-001162,DELAWARE GROUP ADVISER FUNDS,DELAWARE DIVERSIFIED INCOME FUND,DPRFX,DUPLICATE,NULL,Contested: ticker DPRFX maps to 3 series with no clear majority — NULLing
363366,2024-07-26,497K,0001137439-24-001178,DELAWARE GROUP ADVISER FUNDS,DELAWARE DIVERSIFIED INCOME FUND,DPCFX,DUPLICATE,NULL,Contested: ticker DPCFX maps to 3 series with no clear majority — NULLing
363365,2024-07-26,497K,0001137439-24-001178,DELAWARE GROUP ADVISER FUNDS,DELAWARE DIVERSIFIED INCOME FUND,DPDFX,DUPLICATE,NULL,Contested: ticker DPDFX maps to 3 series with no clear majority — NULLing
363367,2024-07-26,497K,0001137439-24-001178,DELAWARE GROUP ADVISER FUNDS,DELAWARE DIVERSIFIED INCOME FUND,DPRFX,DUPLICATE,NULL,Contested: ticker DPRFX maps to 3 series with no clear majority — NULLing
454931,2024-08-02,497J,0001137439-24-001208,IVY FUNDS,Delaware Ivy Balanced Fund,IBARX,DUPLICATE,NULL,Contested: ticker IBARX maps to 3 series with no clear majority — NULLing
454926,2024-08-02,497J,0001137439-24-001208,IVY FUNDS,Delaware Ivy Balanced Fund,IBNAX,DUPLICATE,NULL,Contested: ticker IBNAX maps to 3 series with no clear majority — NULLing
454927,2024-08-02,497J,0001137439-24-001208,IVY FUNDS,Delaware Ivy Balanced Fund,IBNCX,DUPLICATE,NULL,Contested: ticker IBNCX maps to 3 series with no clear majority — NULLing
454929,2024-08-02,497J,0001137439-24-001208,IVY FUNDS,Delaware Ivy Balanced Fund,IBNYX,DUPLICATE,NULL,Contested: ticker IBNYX maps to 3 series with no clear majority — NULLing
454881,2024-08-02,497J,0001137439-24-001208,IVY FUNDS,Delaware Ivy Asset Strategy Fund,IVAEX,DUPLICATE,NULL,Contested: ticker IVAEX maps to 3 series with no clear majority — NULLing
454953,2024-08-02,497J,0001137439-24-001208,IVY FUNDS,Delaware Ivy Smid Cap Core Fund,IVVIX,DUPLICATE,NULL,Contested: ticker IVVIX maps to 3 series with no clear majority — NULLing
454951,2024-08-02,497J,0001137439-24-001208,IVY FUNDS,Delaware Ivy Smid Cap Core Fund,IYSAX,DUPLICATE,NULL,Contested: ticker IYSAX maps to 3 series with no clear majority — NULLing
454952,2024-08-02,497J,0001137439-24-001208,IVY FUNDS,Delaware Ivy Smid Cap Core Fund,IYSCX,DUPLICATE,NULL,Contested: ticker IYSCX maps to 3 series with no clear majority — NULLing
454954,2024-08-02,497J,0001137439-24-001208,IVY FUNDS,Delaware Ivy Smid Cap Core Fund,IYSMX,DUPLICATE,NULL,Contested: ticker IYSMX maps to 3 series with no clear majority — NULLing
454950,2024-08-02,497J,0001137439-24-001208,IVY FUNDS,Delaware Ivy Smid Cap Core Fund,IYSYX,DUPLICATE,NULL,Contested: ticker IYSYX maps to 3 series with no clear majority — NULLing
363153,2024-08-30,497,0001137439-24-001338,DELAWARE GROUP ADVISER FUNDS,DELAWARE EXTENDED DURATION BOND FUND,DEEAX,DUPLICATE,NULL,Contested: ticker DEEAX maps to 3 series with no clear majority — NULLing
363154,2024-08-30,497,0001137439-24-001338,DELAWARE GROUP ADVISER FUNDS,DELAWARE EXTENDED DURATION BOND FUND,DEECX,DUPLICATE,NULL,Contested: ticker DEECX maps to 3 series with no clear majority — NULLing
363155,2024-08-30,497,0001137439-24-001338,DELAWARE GROUP ADVISER FUNDS,DELAWARE EXTENDED DURATION BOND FUND,DEERX,DUPLICATE,NULL,Contested: ticker DEERX maps to 3 series with no clear majority — NULLing
363157,2024-08-30,497,0001137439-24-001338,DELAWARE GROUP ADVISER FUNDS,DELAWARE EXTENDED DURATION BOND FUND,DEZRX,DUPLICATE,NULL,Contested: ticker DEZRX maps to 3 series with no clear majority — NULLing
363151,2024-08-30,497,0001137439-24-001338,DELAWARE GROUP ADVISER FUNDS,DELAWARE CORPORATE BOND FUND,DGCIX,DUPLICATE,NULL,Contested: ticker DGCIX maps to 3 series with no clear majority — NULLing
363360,2024-08-30,497,0001137439-24-001338,DELAWARE GROUP ADVISER FUNDS,DELAWARE DIVERSIFIED INCOME FUND,DPCFX,DUPLICATE,NULL,Contested: ticker DPCFX maps to 3 series with no clear majority — NULLing
363359,2024-08-30,497,0001137439-24-001338,DELAWARE GROUP ADVISER FUNDS,DELAWARE DIVERSIFIED INCOME FUND,DPDFX,DUPLICATE,NULL,Contested: ticker DPDFX maps to 3 series with no clear majority — NULLing
363361,2024-08-30,497,0001137439-24-001338,DELAWARE GROUP ADVISER FUNDS,DELAWARE DIVERSIFIED INCOME FUND,DPRFX,DUPLICATE,NULL,Contested: ticker DPRFX maps to 3 series with no clear majority — NULLing
363226,2024-08-30,497,0001137439-24-001338,DELAWARE GROUP ADVISER FUNDS,Delaware Global Listed Real Assets Fund,DPRSX,DUPLICATE,NULL,Contested: ticker DPRSX maps to 3 series with no clear majority — NULLing
363237,2024-08-30,497,0001137439-24-001338,DELAWARE GROUP ADVISER FUNDS,Delaware Ivy Asset Strategy Fund,IASRX,DUPLICATE,NULL,Contested: ticker IASRX maps to 3 series with no clear majority — NULLing
363238,2024-08-30,497,0001137439-24-001338,DELAWARE GROUP ADVISER FUNDS,Delaware Ivy Asset Strategy Fund,IASTX,DUPLICATE,NULL,Contested: ticker IASTX maps to 3 series with no clear majority — NULLing
363286,2024-08-30,497,0001137439-24-001338,DELAWARE GROUP ADVISER FUNDS,Delaware Ivy Balanced Fund,IBARX,DUPLICATE,NULL,Contested: ticker IBARX maps to 3 series with no clear majority — NULLing
363281,2024-08-30,497,0001137439-24-001338,DELAWARE GROUP ADVISER FUNDS,Delaware Ivy Balanced Fund,IBNAX,DUPLICATE,NULL,Contested: ticker IBNAX maps to 3 series with no clear majority — NULLing
363282,2024-08-30,497,0001137439-24-001338,DELAWARE GROUP ADVISER FUNDS,Delaware Ivy Balanced Fund,IBNCX,DUPLICATE,NULL,Contested: ticker IBNCX maps to 3 series with no clear majority — NULLing
363284,2024-08-30,497,0001137439-24-001338,DELAWARE GROUP ADVISER FUNDS,Delaware Ivy Balanced Fund,IBNYX,DUPLICATE,NULL,Contested: ticker IBNYX maps to 3 series with no clear majority — NULLing
363236,2024-08-30,497,0001137439-24-001338,DELAWARE GROUP ADVISER FUNDS,Delaware Ivy Asset Strategy Fund,IVAEX,DUPLICATE,NULL,Contested: ticker IVAEX maps to 3 series with no clear majority — NULLing
363285,2024-08-30,497,0001137439-24-001338,DELAWARE GROUP ADVISER FUNDS,Delaware Ivy Balanced Fund,IYBFX,DUPLICATE,NULL,Contested: ticker IYBFX maps to 3 series with no clear majority — NULLing
363283,2024-08-30,497,0001137439-24-001338,DELAWARE GROUP ADVISER FUNDS,Delaware Ivy Balanced Fund,IYBIX,DUPLICATE,NULL,Contested: ticker IYBIX maps to 3 series with no clear majority — NULLing
363233,2024-08-30,497,0001137439-24-001338,DELAWARE GROUP ADVISER FUNDS,Delaware Ivy Asset Strategy Fund,WASAX,DUPLICATE,NULL,Contested: ticker WASAX maps to 3 series with no clear majority — NULLing
363234,2024-08-30,497,0001137439-24-001338,DELAWARE GROUP ADVISER FUNDS,Delaware Ivy Asset Strategy Fund,WASCX,DUPLICATE,NULL,Contested: ticker WASCX maps to 3 series with no clear majority — NULLing
363235,2024-08-30,497,0001137439-24-001338,DELAWARE GROUP ADVISER FUNDS,Delaware Ivy Asset Strategy Fund,WASYX,DUPLICATE,NULL,Contested: ticker WASYX maps to 3 series with no clear majority — NULLing
362887,2024-09-19,497,0001137439-24-001375,DELAWARE GROUP ADVISER FUNDS,DELAWARE EXTENDED DURATION BOND FUND,DEEAX,DUPLICATE,NULL,Contested: ticker DEEAX maps to 3 series with no clear majority — NULLing
362888,2024-09-19,497,0001137439-24-001375,DELAWARE GROUP ADVISER FUNDS,DELAWARE EXTENDED DURATION BOND FUND,DEECX,DUPLICATE,NULL,Contested: ticker DEECX maps to 3 series with no clear majority — NULLing
362889,2024-09-19,497,0001137439-24-001375,DELAWARE GROUP ADVISER FUNDS,DELAWARE EXTENDED DURATION BOND FUND,DEERX,DUPLICATE,NULL,Contested: ticker DEERX maps to 3 series with no clear majority — NULLing
362891,2024-09-19,497,0001137439-24-001375,DELAWARE GROUP ADVISER FUNDS,DELAWARE EXTENDED DURATION BOND FUND,DEZRX,DUPLICATE,NULL,Contested: ticker DEZRX maps to 3 series with no clear majority — NULLing
362885,2024-09-19,497,0001137439-24-001375,DELAWARE GROUP ADVISER FUNDS,DELAWARE CORPORATE BOND FUND,DGCIX,DUPLICATE,NULL,Contested: ticker DGCIX maps to 3 series with no clear majority — NULLing
363139,2024-09-19,497,0001137439-24-001375,DELAWARE GROUP ADVISER FUNDS,DELAWARE DIVERSIFIED INCOME FUND,DPCFX,DUPLICATE,NULL,Contested: ticker DPCFX maps to 3 series with no clear majority — NULLing
363138,2024-09-19,497,0001137439-24-001375,DELAWARE GROUP ADVISER FUNDS,DELAWARE DIVERSIFIED INCOME FUND,DPDFX,DUPLICATE,NULL,Contested: ticker DPDFX maps to 3 series with no clear majority — NULLing
363140,2024-09-19,497,0001137439-24-001375,DELAWARE GROUP ADVISER FUNDS,DELAWARE DIVERSIFIED INCOME FUND,DPRFX,DUPLICATE,NULL,Contested: ticker DPRFX maps to 3 series with no clear majority — NULLing
363005,2024-09-19,497,0001137439-24-001375,DELAWARE GROUP ADVISER FUNDS,Delaware Global Listed Real Assets Fund,DPRSX,DUPLICATE,NULL,Contested: ticker DPRSX maps to 3 series with no clear majority — NULLing
363016,2024-09-19,497,0001137439-24-001375,DELAWARE GROUP ADVISER FUNDS,Delaware Ivy Asset Strategy Fund,IASRX,DUPLICATE,NULL,Contested: ticker IASRX maps to 3 series with no clear majority — NULLing
363017,2024-09-19,497,0001137439-24-001375,DELAWARE GROUP ADVISER FUNDS,Delaware Ivy Asset Strategy Fund,IASTX,DUPLICATE,NULL,Contested: ticker IASTX maps to 3 series with no clear majority — NULLing
363065,2024-09-19,497,0001137439-24-001375,DELAWARE GROUP ADVISER FUNDS,Delaware Ivy Balanced Fund,IBARX,DUPLICATE,NULL,Contested: ticker IBARX maps to 3 series with no clear majority — NULLing
363060,2024-09-19,497,0001137439-24-001375,DELAWARE GROUP ADVISER FUNDS,Delaware Ivy Balanced Fund,IBNAX,DUPLICATE,NULL,Contested: ticker IBNAX maps to 3 series with no clear majority — NULLing
363061,2024-09-19,497,0001137439-24-001375,DELAWARE GROUP ADVISER FUNDS,Delaware Ivy Balanced Fund,IBNCX,DUPLICATE,NULL,Contested: ticker IBNCX maps to 3 series with no clear majority — NULLing
363063,2024-09-19,497,0001137439-24-001375,DELAWARE GROUP ADVISER FUNDS,Delaware Ivy Balanced Fund,IBNYX,DUPLICATE,NULL,Contested: ticker IBNYX maps to 3 series with no clear majority — NULLing
363015,2024-09-19,497,0001137439-24-001375,DELAWARE GROUP ADVISER FUNDS,Delaware Ivy Asset Strategy Fund,IVAEX,DUPLICATE,NULL,Contested: ticker IVAEX maps to 3 series with no clear majority — NULLing
363064,2024-09-19,497,0001137439-24-001375,DELAWARE GROUP ADVISER FUNDS,Delaware Ivy Balanced Fund,IYBFX,DUPLICATE,NULL,Contested: ticker IYBFX maps to 3 series with no clear majority — NULLing
363062,2024-09-19,497,0001137439-24-001375,DELAWARE GROUP ADVISER FUNDS,Delaware Ivy Balanced Fund,IYBIX,DUPLICATE,NULL,Contested: ticker IYBIX maps to 3 series with no clear majority — NULLing
363012,2024-09-19,497,0001137439-24-001375,DELAWARE GROUP ADVISER FUNDS,Delaware Ivy Asset Strategy Fund,WASAX,DUPLICATE,NULL,Contested: ticker WASAX maps to 3 series with no clear majority — NULLing
363013,2024-09-19,497,0001137439-24-001375,DELAWARE GROUP ADVISER FUNDS,Delaware Ivy Asset Strategy Fund,WASCX,DUPLICATE,NULL,Contested: ticker WASCX maps to 3 series with no clear majority — NULLing
363014,2024-09-19,497,0001137439-24-001375,DELAWARE GROUP ADVISER FUNDS,Delaware Ivy Asset Strategy Fund,WASYX,DUPLICATE,NULL,Contested: ticker WASYX maps to 3 series with no clear majority — NULLing
362621,2024-09-19,497,0001137439-24-001376,DELAWARE GROUP ADVISER FUNDS,DELAWARE EXTENDED DURATION BOND FUND,DEEAX,DUPLICATE,NULL,Contested: ticker DEEAX maps to 3 series with no clear majority — NULLing
362622,2024-09-19,497,0001137439-24-001376,DELAWARE GROUP ADVISER FUNDS,DELAWARE EXTENDED DURATION BOND FUND,DEECX,DUPLICATE,NULL,Contested: ticker DEECX maps to 3 series with no clear majority — NULLing
362623,2024-09-19,497,0001137439-24-001376,DELAWARE GROUP ADVISER FUNDS,DELAWARE EXTENDED DURATION BOND FUND,DEERX,DUPLICATE,NULL,Contested: ticker DEERX maps to 3 series with no clear majority — NULLing
362625,2024-09-19,497,0001137439-24-001376,DELAWARE GROUP ADVISER FUNDS,DELAWARE EXTENDED DURATION BOND FUND,DEZRX,DUPLICATE,NULL,Contested: ticker DEZRX maps to 3 series with no clear majority — NULLing
362619,2024-09-19,497,0001137439-24-001376,DELAWARE GROUP ADVISER FUNDS,DELAWARE CORPORATE BOND FUND,DGCIX,DUPLICATE,NULL,Contested: ticker DGCIX maps to 3 series with no clear majority — NULLing
362873,2024-09-19,497,0001137439-24-001376,DELAWARE GROUP ADVISER FUNDS,DELAWARE DIVERSIFIED INCOME FUND,DPCFX,DUPLICATE,NULL,Contested: ticker DPCFX maps to 3 series with no clear majority — NULLing
362872,2024-09-19,497,0001137439-24-001376,DELAWARE GROUP ADVISER FUNDS,DELAWARE DIVERSIFIED INCOME FUND,DPDFX,DUPLICATE,NULL,Contested: ticker DPDFX maps to 3 series with no clear majority — NULLing
362874,2024-09-19,497,0001137439-24-001376,DELAWARE GROUP ADVISER FUNDS,DELAWARE DIVERSIFIED INCOME FUND,DPRFX,DUPLICATE,NULL,Contested: ticker DPRFX maps to 3 series with no clear majority — NULLing
362739,2024-09-19,497,0001137439-24-001376,DELAWARE GROUP ADVISER FUNDS,Delaware Global Listed Real Assets Fund,DPRSX,DUPLICATE,NULL,Contested: ticker DPRSX maps to 3 series with no clear majority — NULLing
362750,2024-09-19,497,0001137439-24-001376,DELAWARE GROUP ADVISER FUNDS,Delaware Ivy Asset Strategy Fund,IASRX,DUPLICATE,NULL,Contested: ticker IASRX maps to 3 series with no clear majority — NULLing
362751,2024-09-19,497,0001137439-24-001376,DELAWARE GROUP ADVISER FUNDS,Delaware Ivy Asset Strategy Fund,IASTX,DUPLICATE,NULL,Contested: ticker IASTX maps to 3 series with no clear majority — NULLing
362799,2024-09-19,497,0001137439-24-001376,DELAWARE GROUP ADVISER FUNDS,Delaware Ivy Balanced Fund,IBARX,DUPLICATE,NULL,Contested: ticker IBARX maps to 3 series with no clear majority — NULLing
362794,2024-09-19,497,0001137439-24-001376,DELAWARE GROUP ADVISER FUNDS,Delaware Ivy Balanced Fund,IBNAX,DUPLICATE,NULL,Contested: ticker IBNAX maps to 3 series with no clear majority — NULLing
362795,2024-09-19,497,0001137439-24-001376,DELAWARE GROUP ADVISER FUNDS,Delaware Ivy Balanced Fund,IBNCX,DUPLICATE,NULL,Contested: ticker IBNCX maps to 3 series with no clear majority — NULLing
362797,2024-09-19,497,0001137439-24-001376,DELAWARE GROUP ADVISER FUNDS,Delaware Ivy Balanced Fund,IBNYX,DUPLICATE,NULL,Contested: ticker IBNYX maps to 3 series with no clear majority — NULLing
362749,2024-09-19,497,0001137439-24-001376,DELAWARE GROUP ADVISER FUNDS,Delaware Ivy Asset Strategy Fund,IVAEX,DUPLICATE,NULL,Contested: ticker IVAEX maps to 3 series with no clear majority — NULLing
362798,2024-09-19,497,0001137439-24-001376,DELAWARE GROUP ADVISER FUNDS,Delaware Ivy Balanced Fund,IYBFX,DUPLICATE,NULL,Contested: ticker IYBFX maps to 3 series with no clear majority — NULLing
362796,2024-09-19,497,0001137439-24-001376,DELAWARE GROUP ADVISER FUNDS,Delaware Ivy Balanced Fund,IYBIX,DUPLICATE,NULL,Contested: ticker IYBIX maps to 3 series with no clear majority — NULLing
362746,2024-09-19,497,0001137439-24-001376,DELAWARE GROUP ADVISER FUNDS,Delaware Ivy Asset Strategy Fund,WASAX,DUPLICATE,NULL,Contested: ticker WASAX maps to 3 series with no clear majority — NULLing
362747,2024-09-19,497,0001137439-24-001376,DELAWARE GROUP ADVISER FUNDS,Delaware Ivy Asset Strategy Fund,WASCX,DUPLICATE,NULL,Contested: ticker WASCX maps to 3 series with no clear majority — NULLing
362748,2024-09-19,497,0001137439-24-001376,DELAWARE GROUP ADVISER FUNDS,Delaware Ivy Asset Strategy Fund,WASYX,DUPLICATE,NULL,Contested: ticker WASYX maps to 3 series with no clear majority — NULLing
366749,2024-12-04,497J,0001137439-24-001540,DELAWARE GROUP GOVERNMENT FUND,Delaware Strategic Income Fund,DUGCX,DUPLICATE,NULL,Contested: ticker DUGCX maps to 3 series with no clear majority — NULLing
362434,2024-12-30,497,0001137439-24-001615,DELAWARE GROUP ADVISER FUNDS,Macquarie Extended Duration Bond Fund,DEEAX,DUPLICATE,NULL,Contested: ticker DEEAX maps to 3 series with no clear majority — NULLing
362435,2024-12-30,497,0001137439-24-001615,DELAWARE GROUP ADVISER FUNDS,Macquarie Extended Duration Bond Fund,DEECX,DUPLICATE,NULL,Contested: ticker DEECX maps to 3 series with no clear majority — NULLing
362436,2024-12-30,497,0001137439-24-001615,DELAWARE GROUP ADVISER FUNDS,Macquarie Extended Duration Bond Fund,DEERX,DUPLICATE,NULL,Contested: ticker DEERX maps to 3 series with no clear majority — NULLing
362438,2024-12-30,497,0001137439-24-001615,DELAWARE GROUP ADVISER FUNDS,Macquarie Extended Duration Bond Fund,DEZRX,DUPLICATE,NULL,Contested: ticker DEZRX maps to 3 series with no clear majority — NULLing
362432,2024-12-30,497,0001137439-24-001615,DELAWARE GROUP ADVISER FUNDS,Macquarie Corporate Bond Fund,DGCIX,DUPLICATE,NULL,Contested: ticker DGCIX maps to 3 series with no clear majority — NULLing
362607,2024-12-30,497,0001137439-24-001615,DELAWARE GROUP ADVISER FUNDS,Macquarie Diversified Income Fund,DPCFX,DUPLICATE,NULL,Contested: ticker DPCFX maps to 3 series with no clear majority — NULLing
362606,2024-12-30,497,0001137439-24-001615,DELAWARE GROUP ADVISER FUNDS,Macquarie Diversified Income Fund,DPDFX,DUPLICATE,NULL,Contested: ticker DPDFX maps to 3 series with no clear majority — NULLing
362608,2024-12-30,497,0001137439-24-001615,DELAWARE GROUP ADVISER FUNDS,Macquarie Diversified Income Fund,DPRFX,DUPLICATE,NULL,Contested: ticker DPRFX maps to 3 series with no clear majority — NULLing
362488,2024-12-30,497,0001137439-24-001615,DELAWARE GROUP ADVISER FUNDS,Macquarie Global Listed Real Assets Fund,DPRSX,DUPLICATE,NULL,Contested: ticker DPRSX maps to 3 series with no clear majority — NULLing
362499,2024-12-30,497,0001137439-24-001615,DELAWARE GROUP ADVISER FUNDS,Macquarie Asset Strategy Fund,IASRX,DUPLICATE,NULL,Contested: ticker IASRX maps to 3 series with no clear majority — NULLing
362500,2024-12-30,497,0001137439-24-001615,DELAWARE GROUP ADVISER FUNDS,Macquarie Asset Strategy Fund,IASTX,DUPLICATE,NULL,Contested: ticker IASTX maps to 3 series with no clear majority — NULLing
362548,2024-12-30,497,0001137439-24-001615,DELAWARE GROUP ADVISER FUNDS,Macquarie Balanced Fund,IBARX,DUPLICATE,NULL,Contested: ticker IBARX maps to 3 series with no clear majority — NULLing
362543,2024-12-30,497,0001137439-24-001615,DELAWARE GROUP ADVISER FUNDS,Macquarie Balanced Fund,IBNAX,DUPLICATE,NULL,Contested: ticker IBNAX maps to 3 series with no clear majority — NULLing
362544,2024-12-30,497,0001137439-24-001615,DELAWARE GROUP ADVISER FUNDS,Macquarie Balanced Fund,IBNCX,DUPLICATE,NULL,Contested: ticker IBNCX maps to 3 series with no clear majority — NULLing
362546,2024-12-30,497,0001137439-24-001615,DELAWARE GROUP ADVISER FUNDS,Macquarie Balanced Fund,IBNYX,DUPLICATE,NULL,Contested: ticker IBNYX maps to 3 series with no clear majority — NULLing
362498,2024-12-30,497,0001137439-24-001615,DELAWARE GROUP ADVISER FUNDS,Macquarie Asset Strategy Fund,IVAEX,DUPLICATE,NULL,Contested: ticker IVAEX maps to 3 series with no clear majority — NULLing
362547,2024-12-30,497,0001137439-24-001615,DELAWARE GROUP ADVISER FUNDS,Macquarie Balanced Fund,IYBFX,DUPLICATE,NULL,Contested: ticker IYBFX maps to 3 series with no clear majority — NULLing
362545,2024-12-30,497,0001137439-24-001615,DELAWARE GROUP ADVISER FUNDS,Macquarie Balanced Fund,IYBIX,DUPLICATE,NULL,Contested: ticker IYBIX maps to 3 series with no clear majority — NULLing
362495,2024-12-30,497,0001137439-24-001615,DELAWARE GROUP ADVISER FUNDS,Macquarie Asset Strategy Fund,WASAX,DUPLICATE,NULL,Contested: ticker WASAX maps to 3 series with no clear majority — NULLing
362496,2024-12-30,497,0001137439-24-001615,DELAWARE GROUP ADVISER FUNDS,Macquarie Asset Strategy Fund,WASCX,DUPLICATE,NULL,Contested: ticker WASCX maps to 3 series with no clear majority — NULLing
362497,2024-12-30,497,0001137439-24-001615,DELAWARE GROUP ADVISER FUNDS,Macquarie Asset Strategy Fund,WASYX,DUPLICATE,NULL,Contested: ticker WASYX maps to 3 series with no clear majority — NULLing
362410,2025-03-04,497J,0001137439-25-000162,DELAWARE GROUP ADVISER FUNDS,Macquarie Diversified Income Fund,DPCFX,DUPLICATE,NULL,Contested: ticker DPCFX maps to 3 series with no clear majority — NULLing
362409,2025-03-04,497J,0001137439-25-000162,DELAWARE GROUP ADVISER FUNDS,Macquarie Diversified Income Fund,DPDFX,DUPLICATE,NULL,Contested: ticker DPDFX maps to 3 series with no clear majority — NULLing
362411,2025-03-04,497J,0001137439-25-000162,DELAWARE GROUP ADVISER FUNDS,Macquarie Diversified Income Fund,DPRFX,DUPLICATE,NULL,Contested: ticker DPRFX maps to 3 series with no clear majority — NULLing
454690,2025-03-31,497,0001137439-25-000262,IVY FUNDS,Macquarie Smid Cap Core Fund,IVVIX,DUPLICATE,NULL,Contested: ticker IVVIX maps to 3 series with no clear majority — NULLing
454688,2025-03-31,497,0001137439-25-000262,IVY FUNDS,Macquarie Smid Cap Core Fund,IYSAX,DUPLICATE,NULL,Contested: ticker IYSAX maps to 3 series with no clear majority — NULLing
454689,2025-03-31,497,0001137439-25-000262,IVY FUNDS,Macquarie Smid Cap Core Fund,IYSCX,DUPLICATE,NULL,Contested: ticker IYSCX maps to 3 series with no clear majority — NULLing
454691,2025-03-31,497,0001137439-25-000262,IVY FUNDS,Macquarie Smid Cap Core Fund,IYSMX,DUPLICATE,NULL,Contested: ticker IYSMX maps to 3 series with no clear majority — NULLing
454687,2025-03-31,497,0001137439-25-000262,IVY FUNDS,Macquarie Smid Cap Core Fund,IYSYX,DUPLICATE,NULL,Contested: ticker IYSYX maps to 3 series with no clear majority — NULLing
454685,2025-03-31,497K,0001137439-25-000263,IVY FUNDS,Macquarie Smid Cap Core Fund,IVVIX,DUPLICATE,NULL,Contested: ticker IVVIX maps to 3 series with no clear majority — NULLing
454683,2025-03-31,497K,0001137439-25-000263,IVY FUNDS,Macquarie Smid Cap Core Fund,IYSAX,DUPLICATE,NULL,Contested: ticker IYSAX maps to 3 series with no clear majority — NULLing
454684,2025-03-31,497K,0001137439-25-000263,IVY FUNDS,Macquarie Smid Cap Core Fund,IYSCX,DUPLICATE,NULL,Contested: ticker IYSCX maps to 3 series with no clear majority — NULLing
454686,2025-03-31,497K,0001137439-25-000263,IVY FUNDS,Macquarie Smid Cap Core Fund,IYSMX,DUPLICATE,NULL,Contested: ticker IYSMX maps to 3 series with no clear majority — NULLing
454682,2025-03-31,497K,0001137439-25-000263,IVY FUNDS,Macquarie Smid Cap Core Fund,IYSYX,DUPLICATE,NULL,Contested: ticker IYSYX maps to 3 series with no clear majority — NULLing
362219,2025-03-31,497,0001137439-25-000265,DELAWARE GROUP ADVISER FUNDS,Macquarie Extended Duration Bond Fund,DEEAX,DUPLICATE,NULL,Contested: ticker DEEAX maps to 3 series with no clear majority — NULLing
362220,2025-03-31,497,0001137439-25-000265,DELAWARE GROUP ADVISER FUNDS,Macquarie Extended Duration Bond Fund,DEECX,DUPLICATE,NULL,Contested: ticker DEECX maps to 3 series with no clear majority — NULLing
362221,2025-03-31,497,0001137439-25-000265,DELAWARE GROUP ADVISER FUNDS,Macquarie Extended Duration Bond Fund,DEERX,DUPLICATE,NULL,Contested: ticker DEERX maps to 3 series with no clear majority — NULLing
362223,2025-03-31,497,0001137439-25-000265,DELAWARE GROUP ADVISER FUNDS,Macquarie Extended Duration Bond Fund,DEZRX,DUPLICATE,NULL,Contested: ticker DEZRX maps to 3 series with no clear majority — NULLing
362217,2025-03-31,497,0001137439-25-000265,DELAWARE GROUP ADVISER FUNDS,Macquarie Corporate Bond Fund,DGCIX,DUPLICATE,NULL,Contested: ticker DGCIX maps to 3 series with no clear majority — NULLing
362405,2025-03-31,497,0001137439-25-000265,DELAWARE GROUP ADVISER FUNDS,Macquarie Diversified Income Fund,DPCFX,DUPLICATE,NULL,Contested: ticker DPCFX maps to 3 series with no clear majority — NULLing
362404,2025-03-31,497,0001137439-25-000265,DELAWARE GROUP ADVISER FUNDS,Macquarie Diversified Income Fund,DPDFX,DUPLICATE,NULL,Contested: ticker DPDFX maps to 3 series with no clear majority — NULLing
362406,2025-03-31,497,0001137439-25-000265,DELAWARE GROUP ADVISER FUNDS,Macquarie Diversified Income Fund,DPRFX,DUPLICATE,NULL,Contested: ticker DPRFX maps to 3 series with no clear majority — NULLing
362276,2025-03-31,497,0001137439-25-000265,DELAWARE GROUP ADVISER FUNDS,Macquarie Global Listed Real Assets Fund,DPRSX,DUPLICATE,NULL,Contested: ticker DPRSX maps to 3 series with no clear majority — NULLing
362282,2025-03-31,497,0001137439-25-000265,DELAWARE GROUP ADVISER FUNDS,Macquarie Asset Strategy Fund,IASRX,DUPLICATE,NULL,Contested: ticker IASRX maps to 3 series with no clear majority — NULLing
362283,2025-03-31,497,0001137439-25-000265,DELAWARE GROUP ADVISER FUNDS,Macquarie Asset Strategy Fund,IASTX,DUPLICATE,NULL,Contested: ticker IASTX maps to 3 series with no clear majority — NULLing
362331,2025-03-31,497,0001137439-25-000265,DELAWARE GROUP ADVISER FUNDS,Macquarie Balanced Fund,IBARX,DUPLICATE,NULL,Contested: ticker IBARX maps to 3 series with no clear majority — NULLing
362326,2025-03-31,497,0001137439-25-000265,DELAWARE GROUP ADVISER FUNDS,Macquarie Balanced Fund,IBNAX,DUPLICATE,NULL,Contested: ticker IBNAX maps to 3 series with no clear majority — NULLing
362327,2025-03-31,497,0001137439-25-000265,DELAWARE GROUP ADVISER FUNDS,Macquarie Balanced Fund,IBNCX,DUPLICATE,NULL,Contested: ticker IBNCX maps to 3 series with no clear majority — NULLing
362329,2025-03-31,497,0001137439-25-000265,DELAWARE GROUP ADVISER FUNDS,Macquarie Balanced Fund,IBNYX,DUPLICATE,NULL,Contested: ticker IBNYX maps to 3 series with no clear majority — NULLing
362281,2025-03-31,497,0001137439-25-000265,DELAWARE GROUP ADVISER FUNDS,Macquarie Asset Strategy Fund,IVAEX,DUPLICATE,NULL,Contested: ticker IVAEX maps to 3 series with no clear majority — NULLing
362330,2025-03-31,497,0001137439-25-000265,DELAWARE GROUP ADVISER FUNDS,Macquarie Balanced Fund,IYBFX,DUPLICATE,NULL,Contested: ticker IYBFX maps to 3 series with no clear majority — NULLing
362328,2025-03-31,497,0001137439-25-000265,DELAWARE GROUP ADVISER FUNDS,Macquarie Balanced Fund,IYBIX,DUPLICATE,NULL,Contested: ticker IYBIX maps to 3 series with no clear majority — NULLing
362278,2025-03-31,497,0001137439-25-000265,DELAWARE GROUP ADVISER FUNDS,Macquarie Asset Strategy Fund,WASAX,DUPLICATE,NULL,Contested: ticker WASAX maps to 3 series with no clear majority — NULLing
362279,2025-03-31,497,0001137439-25-000265,DELAWARE GROUP ADVISER FUNDS,Macquarie Asset Strategy Fund,WASCX,DUPLICATE,NULL,Contested: ticker WASCX maps to 3 series with no clear majority — NULLing
362280,2025-03-31,497,0001137439-25-000265,DELAWARE GROUP ADVISER FUNDS,Macquarie Asset Strategy Fund,WASYX,DUPLICATE,NULL,Contested: ticker WASYX maps to 3 series with no clear majority — NULLing
361963,2025-04-21,497,0001137439-25-000305,DELAWARE GROUP ADVISER FUNDS,Macquarie Extended Duration Bond Fund,DEEAX,DUPLICATE,NULL,Contested: ticker DEEAX maps to 3 series with no clear majority — NULLing
361964,2025-04-21,497,0001137439-25-000305,DELAWARE GROUP ADVISER FUNDS,Macquarie Extended Duration Bond Fund,DEECX,DUPLICATE,NULL,Contested: ticker DEECX maps to 3 series with no clear majority — NULLing
361965,2025-04-21,497,0001137439-25-000305,DELAWARE GROUP ADVISER FUNDS,Macquarie Extended Duration Bond Fund,DEERX,DUPLICATE,NULL,Contested: ticker DEERX maps to 3 series with no clear majority — NULLing
361967,2025-04-21,497,0001137439-25-000305,DELAWARE GROUP ADVISER FUNDS,Macquarie Extended Duration Bond Fund,DEZRX,DUPLICATE,NULL,Contested: ticker DEZRX maps to 3 series with no clear majority — NULLing
361961,2025-04-21,497,0001137439-25-000305,DELAWARE GROUP ADVISER FUNDS,Macquarie Corporate Bond Fund,DGCIX,DUPLICATE,NULL,Contested: ticker DGCIX maps to 3 series with no clear majority — NULLing
362210,2025-04-21,497,0001137439-25-000305,DELAWARE GROUP ADVISER FUNDS,Macquarie Diversified Income Fund,DPCFX,DUPLICATE,NULL,Contested: ticker DPCFX maps to 3 series with no clear majority — NULLing
362209,2025-04-21,497,0001137439-25-000305,DELAWARE GROUP ADVISER FUNDS,Macquarie Diversified Income Fund,DPDFX,DUPLICATE,NULL,Contested: ticker DPDFX maps to 3 series with no clear majority — NULLing
362211,2025-04-21,497,0001137439-25-000305,DELAWARE GROUP ADVISER FUNDS,Macquarie Diversified Income Fund,DPRFX,DUPLICATE,NULL,Contested: ticker DPRFX maps to 3 series with no clear majority — NULLing
362081,2025-04-21,497,0001137439-25-000305,DELAWARE GROUP ADVISER FUNDS,Macquarie Global Listed Real Assets Fund,DPRSX,DUPLICATE,NULL,Contested: ticker DPRSX maps to 3 series with no clear majority — NULLing
362092,2025-04-21,497,0001137439-25-000305,DELAWARE GROUP ADVISER FUNDS,Macquarie Asset Strategy Fund,IASRX,DUPLICATE,NULL,Contested: ticker IASRX maps to 3 series with no clear majority — NULLing
362093,2025-04-21,497,0001137439-25-000305,DELAWARE GROUP ADVISER FUNDS,Macquarie Asset Strategy Fund,IASTX,DUPLICATE,NULL,Contested: ticker IASTX maps to 3 series with no clear majority — NULLing
362141,2025-04-21,497,0001137439-25-000305,DELAWARE GROUP ADVISER FUNDS,Macquarie Balanced Fund,IBARX,DUPLICATE,NULL,Contested: ticker IBARX maps to 3 series with no clear majority — NULLing
362136,2025-04-21,497,0001137439-25-000305,DELAWARE GROUP ADVISER FUNDS,Macquarie Balanced Fund,IBNAX,DUPLICATE,NULL,Contested: ticker IBNAX maps to 3 series with no clear majority — NULLing
362137,2025-04-21,497,0001137439-25-000305,DELAWARE GROUP ADVISER FUNDS,Macquarie Balanced Fund,IBNCX,DUPLICATE,NULL,Contested: ticker IBNCX maps to 3 series with no clear majority — NULLing
362139,2025-04-21,497,0001137439-25-000305,DELAWARE GROUP ADVISER FUNDS,Macquarie Balanced Fund,IBNYX,DUPLICATE,NULL,Contested: ticker IBNYX maps to 3 series with no clear majority — NULLing
362091,2025-04-21,497,0001137439-25-000305,DELAWARE GROUP ADVISER FUNDS,Macquarie Asset Strategy Fund,IVAEX,DUPLICATE,NULL,Contested: ticker IVAEX maps to 3 series with no clear majority — NULLing
362140,2025-04-21,497,0001137439-25-000305,DELAWARE GROUP ADVISER FUNDS,Macquarie Balanced Fund,IYBFX,DUPLICATE,NULL,Contested: ticker IYBFX maps to 3 series with no clear majority — NULLing
362138,2025-04-21,497,0001137439-25-000305,DELAWARE GROUP ADVISER FUNDS,Macquarie Balanced Fund,IYBIX,DUPLICATE,NULL,Contested: ticker IYBIX maps to 3 series with no clear majority — NULLing
362088,2025-04-21,497,0001137439-25-000305,DELAWARE GROUP ADVISER FUNDS,Macquarie Asset Strategy Fund,WASAX,DUPLICATE,NULL,Contested: ticker WASAX maps to 3 series with no clear majority — NULLing
362089,2025-04-21,497,0001137439-25-000305,DELAWARE GROUP ADVISER FUNDS,Macquarie Asset Strategy Fund,WASCX,DUPLICATE,NULL,Contested: ticker WASCX maps to 3 series with no clear majority — NULLing
362090,2025-04-21,497,0001137439-25-000305,DELAWARE GROUP ADVISER FUNDS,Macquarie Asset Strategy Fund,WASYX,DUPLICATE,NULL,Contested: ticker WASYX maps to 3 series with no clear majority — NULLing
361949,2025-04-21,497K,0001137439-25-000309,DELAWARE GROUP ADVISER FUNDS,Macquarie Diversified Income Fund,DPCFX,DUPLICATE,NULL,Contested: ticker DPCFX maps to 3 series with no clear majority — NULLing
361948,2025-04-21,497K,0001137439-25-000309,DELAWARE GROUP ADVISER FUNDS,Macquarie Diversified Income Fund,DPDFX,DUPLICATE,NULL,Contested: ticker DPDFX maps to 3 series with no clear majority — NULLing
361950,2025-04-21,497K,0001137439-25-000309,DELAWARE GROUP ADVISER FUNDS,Macquarie Diversified Income Fund,DPRFX,DUPLICATE,NULL,Contested: ticker DPRFX maps to 3 series with no clear majority — NULLing
366745,2025-04-21,497K,0001137439-25-000311,DELAWARE GROUP GOVERNMENT FUND,Macquarie Strategic Income Fund,DUGCX,DUPLICATE,NULL,Contested: ticker DUGCX maps to 3 series with no clear majority — NULLing
454679,2025-04-21,497K,0001137439-25-000318,IVY FUNDS,Macquarie Asset Strategy Fund,IVAEX,DUPLICATE,NULL,Contested: ticker IVAEX maps to 3 series with no clear majority — NULLing
454633,2025-04-21,497K,0001137439-25-000339,IVY FUNDS,Macquarie Balanced Fund,IBARX,DUPLICATE,NULL,Contested: ticker IBARX maps to 3 series with no clear majority — NULLing
454628,2025-04-21,497K,0001137439-25-000339,IVY FUNDS,Macquarie Balanced Fund,IBNAX,DUPLICATE,NULL,Contested: ticker IBNAX maps to 3 series with no clear majority — NULLing
454629,2025-04-21,497K,0001137439-25-000339,IVY FUNDS,Macquarie Balanced Fund,IBNCX,DUPLICATE,NULL,Contested: ticker IBNCX maps to 3 series with no clear majority — NULLing
454631,2025-04-21,497K,0001137439-25-000339,IVY FUNDS,Macquarie Balanced Fund,IBNYX,DUPLICATE,NULL,Contested: ticker IBNYX maps to 3 series with no clear majority — NULLing
454607,2025-04-21,497K,0001137439-25-000347,IVY FUNDS,Macquarie Smid Cap Core Fund,IVVIX,DUPLICATE,NULL,Contested: ticker IVVIX maps to 3 series with no clear majority — NULLing
454605,2025-04-21,497K,0001137439-25-000347,IVY FUNDS,Macquarie Smid Cap Core Fund,IYSAX,DUPLICATE,NULL,Contested: ticker IYSAX maps to 3 series with no clear majority — NULLing
454606,2025-04-21,497K,0001137439-25-000347,IVY FUNDS,Macquarie Smid Cap Core Fund,IYSCX,DUPLICATE,NULL,Contested: ticker IYSCX maps to 3 series with no clear majority — NULLing
454608,2025-04-21,497K,0001137439-25-000347,IVY FUNDS,Macquarie Smid Cap Core Fund,IYSMX,DUPLICATE,NULL,Contested: ticker IYSMX maps to 3 series with no clear majority — NULLing
454604,2025-04-21,497K,0001137439-25-000347,IVY FUNDS,Macquarie Smid Cap Core Fund,IYSYX,DUPLICATE,NULL,Contested: ticker IYSYX maps to 3 series with no clear majority — NULLing
361700,2025-06-18,497,0001137439-25-000742,DELAWARE GROUP ADVISER FUNDS,Macquarie Extended Duration Bond Fund,DEEAX,DUPLICATE,NULL,Contested: ticker DEEAX maps to 3 series with no clear majority — NULLing
361701,2025-06-18,497,0001137439-25-000742,DELAWARE GROUP ADVISER FUNDS,Macquarie Extended Duration Bond Fund,DEECX,DUPLICATE,NULL,Contested: ticker DEECX maps to 3 series with no clear majority — NULLing
361702,2025-06-18,497,0001137439-25-000742,DELAWARE GROUP ADVISER FUNDS,Macquarie Extended Duration Bond Fund,DEERX,DUPLICATE,NULL,Contested: ticker DEERX maps to 3 series with no clear majority — NULLing
361704,2025-06-18,497,0001137439-25-000742,DELAWARE GROUP ADVISER FUNDS,Macquarie Extended Duration Bond Fund,DEZRX,DUPLICATE,NULL,Contested: ticker DEZRX maps to 3 series with no clear majority — NULLing
361698,2025-06-18,497,0001137439-25-000742,DELAWARE GROUP ADVISER FUNDS,Macquarie Corporate Bond Fund,DGCIX,DUPLICATE,NULL,Contested: ticker DGCIX maps to 3 series with no clear majority — NULLing
361944,2025-06-18,497,0001137439-25-000742,DELAWARE GROUP ADVISER FUNDS,Macquarie Diversified Income Fund,DPCFX,DUPLICATE,NULL,Contested: ticker DPCFX maps to 3 series with no clear majority — NULLing
361943,2025-06-18,497,0001137439-25-000742,DELAWARE GROUP ADVISER FUNDS,Macquarie Diversified Income Fund,DPDFX,DUPLICATE,NULL,Contested: ticker DPDFX maps to 3 series with no clear majority — NULLing
361945,2025-06-18,497,0001137439-25-000742,DELAWARE GROUP ADVISER FUNDS,Macquarie Diversified Income Fund,DPRFX,DUPLICATE,NULL,Contested: ticker DPRFX maps to 3 series with no clear majority — NULLing
361815,2025-06-18,497,0001137439-25-000742,DELAWARE GROUP ADVISER FUNDS,Macquarie Global Listed Real Assets Fund,DPRSX,DUPLICATE,NULL,Contested: ticker DPRSX maps to 3 series with no clear majority — NULLing
361826,2025-06-18,497,0001137439-25-000742,DELAWARE GROUP ADVISER FUNDS,Macquarie Asset Strategy Fund,IASRX,DUPLICATE,NULL,Contested: ticker IASRX maps to 3 series with no clear majority — NULLing
361827,2025-06-18,497,0001137439-25-000742,DELAWARE GROUP ADVISER FUNDS,Macquarie Asset Strategy Fund,IASTX,DUPLICATE,NULL,Contested: ticker IASTX maps to 3 series with no clear majority — NULLing
361875,2025-06-18,497,0001137439-25-000742,DELAWARE GROUP ADVISER FUNDS,Macquarie Balanced Fund,IBARX,DUPLICATE,NULL,Contested: ticker IBARX maps to 3 series with no clear majority — NULLing
361870,2025-06-18,497,0001137439-25-000742,DELAWARE GROUP ADVISER FUNDS,Macquarie Balanced Fund,IBNAX,DUPLICATE,NULL,Contested: ticker IBNAX maps to 3 series with no clear majority — NULLing
361871,2025-06-18,497,0001137439-25-000742,DELAWARE GROUP ADVISER FUNDS,Macquarie Balanced Fund,IBNCX,DUPLICATE,NULL,Contested: ticker IBNCX maps to 3 series with no clear majority — NULLing
361873,2025-06-18,497,0001137439-25-000742,DELAWARE GROUP ADVISER FUNDS,Macquarie Balanced Fund,IBNYX,DUPLICATE,NULL,Contested: ticker IBNYX maps to 3 series with no clear majority — NULLing
361825,2025-06-18,497,0001137439-25-000742,DELAWARE GROUP ADVISER FUNDS,Macquarie Asset Strategy Fund,IVAEX,DUPLICATE,NULL,Contested: ticker IVAEX maps to 3 series with no clear majority — NULLing
361874,2025-06-18,497,0001137439-25-000742,DELAWARE GROUP ADVISER FUNDS,Macquarie Balanced Fund,IYBFX,DUPLICATE,NULL,Contested: ticker IYBFX maps to 3 series with no clear majority — NULLing
361872,2025-06-18,497,0001137439-25-000742,DELAWARE GROUP ADVISER FUNDS,Macquarie Balanced Fund,IYBIX,DUPLICATE,NULL,Contested: ticker IYBIX maps to 3 series with no clear majority — NULLing
361822,2025-06-18,497,0001137439-25-000742,DELAWARE GROUP ADVISER FUNDS,Macquarie Asset Strategy Fund,WASAX,DUPLICATE,NULL,Contested: ticker WASAX maps to 3 series with no clear majority — NULLing
361823,2025-06-18,497,0001137439-25-000742,DELAWARE GROUP ADVISER FUNDS,Macquarie Asset Strategy Fund,WASCX,DUPLICATE,NULL,Contested: ticker WASCX maps to 3 series with no clear majority — NULLing
361824,2025-06-18,497,0001137439-25-000742,DELAWARE GROUP ADVISER FUNDS,Macquarie Asset Strategy Fund,WASYX,DUPLICATE,NULL,Contested: ticker WASYX maps to 3 series with no clear majority — NULLing
361686,2025-06-18,497K,0001137439-25-000745,DELAWARE GROUP ADVISER FUNDS,Macquarie Diversified Income Fund,DPCFX,DUPLICATE,NULL,Contested: ticker DPCFX maps to 3 series with no clear majority — NULLing
361685,2025-06-18,497K,0001137439-25-000745,DELAWARE GROUP ADVISER FUNDS,Macquarie Diversified Income Fund,DPDFX,DUPLICATE,NULL,Contested: ticker DPDFX maps to 3 series with no clear majority — NULLing
361687,2025-06-18,497K,0001137439-25-000745,DELAWARE GROUP ADVISER FUNDS,Macquarie Diversified Income Fund,DPRFX,DUPLICATE,NULL,Contested: ticker DPRFX maps to 3 series with no clear majority — NULLing
366738,2025-06-18,497K,0001137439-25-000747,DELAWARE GROUP GOVERNMENT FUND,Macquarie Strategic Income Fund,DUGCX,DUPLICATE,NULL,Contested: ticker DUGCX maps to 3 series with no clear majority — NULLing
454528,2025-06-18,497K,0001137439-25-000751,IVY FUNDS,Macquarie Asset Strategy Fund,IVAEX,DUPLICATE,NULL,Contested: ticker IVAEX maps to 3 series with no clear majority — NULLing
454482,2025-06-18,497K,0001137439-25-000767,IVY FUNDS,Macquarie Balanced Fund,IBARX,DUPLICATE,NULL,Contested: ticker IBARX maps to 3 series with no clear majority — NULLing
454477,2025-06-18,497K,0001137439-25-000767,IVY FUNDS,Macquarie Balanced Fund,IBNAX,DUPLICATE,NULL,Contested: ticker IBNAX maps to 3 series with no clear majority — NULLing
454478,2025-06-18,497K,0001137439-25-000767,IVY FUNDS,Macquarie Balanced Fund,IBNCX,DUPLICATE,NULL,Contested: ticker IBNCX maps to 3 series with no clear majority — NULLing
454480,2025-06-18,497K,0001137439-25-000767,IVY FUNDS,Macquarie Balanced Fund,IBNYX,DUPLICATE,NULL,Contested: ticker IBNYX maps to 3 series with no clear majority — NULLing
454456,2025-06-18,497K,0001137439-25-000773,IVY FUNDS,Macquarie Smid Cap Core Fund,IVVIX,DUPLICATE,NULL,Contested: ticker IVVIX maps to 3 series with no clear majority — NULLing
454454,2025-06-18,497K,0001137439-25-000773,IVY FUNDS,Macquarie Smid Cap Core Fund,IYSAX,DUPLICATE,NULL,Contested: ticker IYSAX maps to 3 series with no clear majority — NULLing
454455,2025-06-18,497K,0001137439-25-000773,IVY FUNDS,Macquarie Smid Cap Core Fund,IYSCX,DUPLICATE,NULL,Contested: ticker IYSCX maps to 3 series with no clear majority — NULLing
454457,2025-06-18,497K,0001137439-25-000773,IVY FUNDS,Macquarie Smid Cap Core Fund,IYSMX,DUPLICATE,NULL,Contested: ticker IYSMX maps to 3 series with no clear majority — NULLing
454453,2025-06-18,497K,0001137439-25-000773,IVY FUNDS,Macquarie Smid Cap Core Fund,IYSYX,DUPLICATE,NULL,Contested: ticker IYSYX maps to 3 series with no clear majority — NULLing
454414,2025-06-27,497,0001137439-25-000861,IVY FUNDS,Macquarie Asset Strategy Fund,IVAEX,DUPLICATE,NULL,Contested: ticker IVAEX maps to 3 series with no clear majority — NULLing
361499,2025-09-10,497,0001137439-25-001154,DELAWARE GROUP ADVISER FUNDS,Macquarie Extended Duration Bond Fund,DEEAX,DUPLICATE,NULL,Contested: ticker DEEAX maps to 3 series with no clear majority — NULLing
361500,2025-09-10,497,0001137439-25-001154,DELAWARE GROUP ADVISER FUNDS,Macquarie Extended Duration Bond Fund,DEECX,DUPLICATE,NULL,Contested: ticker DEECX maps to 3 series with no clear majority — NULLing
361501,2025-09-10,497,0001137439-25-001154,DELAWARE GROUP ADVISER FUNDS,Macquarie Extended Duration Bond Fund,DEERX,DUPLICATE,NULL,Contested: ticker DEERX maps to 3 series with no clear majority — NULLing
361503,2025-09-10,497,0001137439-25-001154,DELAWARE GROUP ADVISER FUNDS,Macquarie Extended Duration Bond Fund,DEZRX,DUPLICATE,NULL,Contested: ticker DEZRX maps to 3 series with no clear majority — NULLing
361497,2025-09-10,497,0001137439-25-001154,DELAWARE GROUP ADVISER FUNDS,Macquarie Corporate Bond Fund,DGCIX,DUPLICATE,NULL,Contested: ticker DGCIX maps to 3 series with no clear majority — NULLing
361681,2025-09-10,497,0001137439-25-001154,DELAWARE GROUP ADVISER FUNDS,Macquarie Diversified Income Fund,DPCFX,DUPLICATE,NULL,Contested: ticker DPCFX maps to 3 series with no clear majority — NULLing
361680,2025-09-10,497,0001137439-25-001154,DELAWARE GROUP ADVISER FUNDS,Macquarie Diversified Income Fund,DPDFX,DUPLICATE,NULL,Contested: ticker DPDFX maps to 3 series with no clear majority — NULLing
361682,2025-09-10,497,0001137439-25-001154,DELAWARE GROUP ADVISER FUNDS,Macquarie Diversified Income Fund,DPRFX,DUPLICATE,NULL,Contested: ticker DPRFX maps to 3 series with no clear majority — NULLing
361575,2025-09-10,497,0001137439-25-001154,DELAWARE GROUP ADVISER FUNDS,Macquarie Asset Strategy Fund,IASRX,DUPLICATE,NULL,Contested: ticker IASRX maps to 3 series with no clear majority — NULLing
361576,2025-09-10,497,0001137439-25-001154,DELAWARE GROUP ADVISER FUNDS,Macquarie Asset Strategy Fund,IASTX,DUPLICATE,NULL,Contested: ticker IASTX maps to 3 series with no clear majority — NULLing
361618,2025-09-10,497,0001137439-25-001154,DELAWARE GROUP ADVISER FUNDS,Macquarie Balanced Fund,IBARX,DUPLICATE,NULL,Contested: ticker IBARX maps to 3 series with no clear majority — NULLing
361613,2025-09-10,497,0001137439-25-001154,DELAWARE GROUP ADVISER FUNDS,Macquarie Balanced Fund,IBNAX,DUPLICATE,NULL,Contested: ticker IBNAX maps to 3 series with no clear majority — NULLing
361614,2025-09-10,497,0001137439-25-001154,DELAWARE GROUP ADVISER FUNDS,Macquarie Balanced Fund,IBNCX,DUPLICATE,NULL,Contested: ticker IBNCX maps to 3 series with no clear majority — NULLing
361616,2025-09-10,497,0001137439-25-001154,DELAWARE GROUP ADVISER FUNDS,Macquarie Balanced Fund,IBNYX,DUPLICATE,NULL,Contested: ticker IBNYX maps to 3 series with no clear majority — NULLing
361574,2025-09-10,497,0001137439-25-001154,DELAWARE GROUP ADVISER FUNDS,Macquarie Asset Strategy Fund,IVAEX,DUPLICATE,NULL,Contested: ticker IVAEX maps to 3 series with no clear majority — NULLing
361617,2025-09-10,497,0001137439-25-001154,DELAWARE GROUP ADVISER FUNDS,Macquarie Balanced Fund,IYBFX,DUPLICATE,NULL,Contested: ticker IYBFX maps to 3 series with no clear majority — NULLing
361615,2025-09-10,497,0001137439-25-001154,DELAWARE GROUP ADVISER FUNDS,Macquarie Balanced Fund,IYBIX,DUPLICATE,NULL,Contested: ticker IYBIX maps to 3 series with no clear majority — NULLing
361571,2025-09-10,497,0001137439-25-001154,DELAWARE GROUP ADVISER FUNDS,Macquarie Asset Strategy Fund,WASAX,DUPLICATE,NULL,Contested: ticker WASAX maps to 3 series with no clear majority — NULLing
361572,2025-09-10,497,0001137439-25-001154,DELAWARE GROUP ADVISER FUNDS,Macquarie Asset Strategy Fund,WASCX,DUPLICATE,NULL,Contested: ticker WASCX maps to 3 series with no clear majority — NULLing
361573,2025-09-10,497,0001137439-25-001154,DELAWARE GROUP ADVISER FUNDS,Macquarie Asset Strategy Fund,WASYX,DUPLICATE,NULL,Contested: ticker WASYX maps to 3 series with no clear majority — NULLing
361485,2025-09-10,497K,0001137439-25-001157,DELAWARE GROUP ADVISER FUNDS,Macquarie Diversified Income Fund,DPCFX,DUPLICATE,NULL,Contested: ticker DPCFX maps to 3 series with no clear majority — NULLing
361484,2025-09-10,497K,0001137439-25-001157,DELAWARE GROUP ADVISER FUNDS,Macquarie Diversified Income Fund,DPDFX,DUPLICATE,NULL,Contested: ticker DPDFX maps to 3 series with no clear majority — NULLing
361486,2025-09-10,497K,0001137439-25-001157,DELAWARE GROUP ADVISER FUNDS,Macquarie Diversified Income Fund,DPRFX,DUPLICATE,NULL,Contested: ticker DPRFX maps to 3 series with no clear majority — NULLing
366731,2025-09-10,497K,0001137439-25-001159,DELAWARE GROUP GOVERNMENT FUND,Macquarie Strategic Income Fund,DUGCX,DUPLICATE,NULL,Contested: ticker DUGCX maps to 3 series with no clear majority — NULLing
454064,2025-09-10,497K,0001137439-25-001165,IVY FUNDS,Macquarie Asset Strategy Fund,IVAEX,DUPLICATE,NULL,Contested: ticker IVAEX maps to 3 series with no clear majority — NULLing
454024,2025-09-10,497K,0001137439-25-001178,IVY FUNDS,Macquarie Balanced Fund,IBARX,DUPLICATE,NULL,Contested: ticker IBARX maps to 3 series with no clear majority — NULLing
454019,2025-09-10,497K,0001137439-25-001178,IVY FUNDS,Macquarie Balanced Fund,IBNAX,DUPLICATE,NULL,Contested: ticker IBNAX maps to 3 series with no clear majority — NULLing
454020,2025-09-10,497K,0001137439-25-001178,IVY FUNDS,Macquarie Balanced Fund,IBNCX,DUPLICATE,NULL,Contested: ticker IBNCX maps to 3 series with no clear majority — NULLing
454022,2025-09-10,497K,0001137439-25-001178,IVY FUNDS,Macquarie Balanced Fund,IBNYX,DUPLICATE,NULL,Contested: ticker IBNYX maps to 3 series with no clear majority — NULLing
453998,2025-09-10,497K,0001137439-25-001185,IVY FUNDS,Macquarie Smid Cap Core Fund,IVVIX,DUPLICATE,NULL,Contested: ticker IVVIX maps to 3 series with no clear majority — NULLing
453996,2025-09-10,497K,0001137439-25-001185,IVY FUNDS,Macquarie Smid Cap Core Fund,IYSAX,DUPLICATE,NULL,Contested: ticker IYSAX maps to 3 series with no clear majority — NULLing
453997,2025-09-10,497K,0001137439-25-001185,IVY FUNDS,Macquarie Smid Cap Core Fund,IYSCX,DUPLICATE,NULL,Contested: ticker IYSCX maps to 3 series with no clear majority — NULLing
453999,2025-09-10,497K,0001137439-25-001185,IVY FUNDS,Macquarie Smid Cap Core Fund,IYSMX,DUPLICATE,NULL,Contested: ticker IYSMX maps to 3 series with no clear majority — NULLing
453995,2025-09-10,497K,0001137439-25-001185,IVY FUNDS,Macquarie Smid Cap Core Fund,IYSYX,DUPLICATE,NULL,Contested: ticker IYSYX maps to 3 series with no clear majority — NULLing
364654,2023-02-27,485BPOS,0001145443-23-000078,DELAWARE GROUP ADVISER FUNDS,DELAWARE DIVERSIFIED INCOME FUND,DPCFX,DUPLICATE,NULL,Contested: ticker DPCFX maps to 3 series with no clear majority — NULLing
364653,2023-02-27,485BPOS,0001145443-23-000078,DELAWARE GROUP ADVISER FUNDS,DELAWARE DIVERSIFIED INCOME FUND,DPDFX,DUPLICATE,NULL,Contested: ticker DPDFX maps to 3 series with no clear majority — NULLing
364655,2023-02-27,485BPOS,0001145443-23-000078,DELAWARE GROUP ADVISER FUNDS,DELAWARE DIVERSIFIED INCOME FUND,DPRFX,DUPLICATE,NULL,Contested: ticker DPRFX maps to 3 series with no clear majority — NULLing
456334,2023-07-28,485BPOS,0001145443-23-000137,IVY FUNDS,Delaware Ivy Balanced Fund,IBARX,DUPLICATE,NULL,Contested: ticker IBARX maps to 3 series with no clear majority — NULLing
456329,2023-07-28,485BPOS,0001145443-23-000137,IVY FUNDS,Delaware Ivy Balanced Fund,IBNAX,DUPLICATE,NULL,Contested: ticker IBNAX maps to 3 series with no clear majority — NULLing
456330,2023-07-28,485BPOS,0001145443-23-000137,IVY FUNDS,Delaware Ivy Balanced Fund,IBNCX,DUPLICATE,NULL,Contested: ticker IBNCX maps to 3 series with no clear majority — NULLing
456332,2023-07-28,485BPOS,0001145443-23-000137,IVY FUNDS,Delaware Ivy Balanced Fund,IBNYX,DUPLICATE,NULL,Contested: ticker IBNYX maps to 3 series with no clear majority — NULLing
456274,2023-07-28,485BPOS,0001145443-23-000137,IVY FUNDS,Delaware Ivy Asset Strategy Fund,IVAEX,DUPLICATE,NULL,Contested: ticker IVAEX maps to 3 series with no clear majority — NULLing
456362,2023-07-28,485BPOS,0001145443-23-000137,IVY FUNDS,Delaware Ivy Smid Cap Core Fund,IVVIX,DUPLICATE,NULL,Contested: ticker IVVIX maps to 3 series with no clear majority — NULLing
456360,2023-07-28,485BPOS,0001145443-23-000137,IVY FUNDS,Delaware Ivy Smid Cap Core Fund,IYSAX,DUPLICATE,NULL,Contested: ticker IYSAX maps to 3 series with no clear majority — NULLing
456361,2023-07-28,485BPOS,0001145443-23-000137,IVY FUNDS,Delaware Ivy Smid Cap Core Fund,IYSCX,DUPLICATE,NULL,Contested: ticker IYSCX maps to 3 series with no clear majority — NULLing
456363,2023-07-28,485BPOS,0001145443-23-000137,IVY FUNDS,Delaware Ivy Smid Cap Core Fund,IYSMX,DUPLICATE,NULL,Contested: ticker IYSMX maps to 3 series with no clear majority — NULLing
456359,2023-07-28,485BPOS,0001145443-23-000137,IVY FUNDS,Delaware Ivy Smid Cap Core Fund,IYSYX,DUPLICATE,NULL,Contested: ticker IYSYX maps to 3 series with no clear majority — NULLing
366804,2023-11-30,485BPOS,0001145443-23-000180,DELAWARE GROUP GOVERNMENT FUND,Delaware Strategic Income Fund,DUGCX,DUPLICATE,NULL,Contested: ticker DUGCX maps to 3 series with no clear majority — NULLing
363728,2024-02-27,485BPOS,0001145443-24-000034,DELAWARE GROUP ADVISER FUNDS,DELAWARE DIVERSIFIED INCOME FUND,DPCFX,DUPLICATE,NULL,Contested: ticker DPCFX maps to 3 series with no clear majority — NULLing
363727,2024-02-27,485BPOS,0001145443-24-000034,DELAWARE GROUP ADVISER FUNDS,DELAWARE DIVERSIFIED INCOME FUND,DPDFX,DUPLICATE,NULL,Contested: ticker DPDFX maps to 3 series with no clear majority — NULLing
363729,2024-02-27,485BPOS,0001145443-24-000034,DELAWARE GROUP ADVISER FUNDS,DELAWARE DIVERSIFIED INCOME FUND,DPRFX,DUPLICATE,NULL,Contested: ticker DPRFX maps to 3 series with no clear majority — NULLing
455135,2024-07-29,485BPOS,0001145443-24-000111,IVY FUNDS,Delaware Ivy Balanced Fund,IBARX,DUPLICATE,NULL,Contested: ticker IBARX maps to 3 series with no clear majority — NULLing
455130,2024-07-29,485BPOS,0001145443-24-000111,IVY FUNDS,Delaware Ivy Balanced Fund,IBNAX,DUPLICATE,NULL,Contested: ticker IBNAX maps to 3 series with no clear majority — NULLing
455131,2024-07-29,485BPOS,0001145443-24-000111,IVY FUNDS,Delaware Ivy Balanced Fund,IBNCX,DUPLICATE,NULL,Contested: ticker IBNCX maps to 3 series with no clear majority — NULLing
455133,2024-07-29,485BPOS,0001145443-24-000111,IVY FUNDS,Delaware Ivy Balanced Fund,IBNYX,DUPLICATE,NULL,Contested: ticker IBNYX maps to 3 series with no clear majority — NULLing
455085,2024-07-29,485BPOS,0001145443-24-000111,IVY FUNDS,Delaware Ivy Asset Strategy Fund,IVAEX,DUPLICATE,NULL,Contested: ticker IVAEX maps to 3 series with no clear majority — NULLing
455157,2024-07-29,485BPOS,0001145443-24-000111,IVY FUNDS,Delaware Ivy Smid Cap Core Fund,IVVIX,DUPLICATE,NULL,Contested: ticker IVVIX maps to 3 series with no clear majority — NULLing
455155,2024-07-29,485BPOS,0001145443-24-000111,IVY FUNDS,Delaware Ivy Smid Cap Core Fund,IYSAX,DUPLICATE,NULL,Contested: ticker IYSAX maps to 3 series with no clear majority — NULLing
455156,2024-07-29,485BPOS,0001145443-24-000111,IVY FUNDS,Delaware Ivy Smid Cap Core Fund,IYSCX,DUPLICATE,NULL,Contested: ticker IYSCX maps to 3 series with no clear majority — NULLing
455158,2024-07-29,485BPOS,0001145443-24-000111,IVY FUNDS,Delaware Ivy Smid Cap Core Fund,IYSMX,DUPLICATE,NULL,Contested: ticker IYSMX maps to 3 series with no clear majority — NULLing
455154,2024-07-29,485BPOS,0001145443-24-000111,IVY FUNDS,Delaware Ivy Smid Cap Core Fund,IYSYX,DUPLICATE,NULL,Contested: ticker IYSYX maps to 3 series with no clear majority — NULLing
366763,2024-11-29,485BPOS,0001145443-24-000163,DELAWARE GROUP GOVERNMENT FUND,Delaware Strategic Income Fund,DUGCX,DUPLICATE,NULL,Contested: ticker DUGCX maps to 3 series with no clear majority — NULLing
362420,2025-02-25,485BPOS,0001145443-25-000067,DELAWARE GROUP ADVISER FUNDS,Macquarie Diversified Income Fund,DPCFX,DUPLICATE,NULL,Contested: ticker DPCFX maps to 3 series with no clear majority — NULLing
362419,2025-02-25,485BPOS,0001145443-25-000067,DELAWARE GROUP ADVISER FUNDS,Macquarie Diversified Income Fund,DPDFX,DUPLICATE,NULL,Contested: ticker DPDFX maps to 3 series with no clear majority — NULLing
362421,2025-02-25,485BPOS,0001145443-25-000067,DELAWARE GROUP ADVISER FUNDS,Macquarie Diversified Income Fund,DPRFX,DUPLICATE,NULL,Contested: ticker DPRFX maps to 3 series with no clear majority — NULLing
454348,2025-07-29,485BPOS,0001145443-25-000219,IVY FUNDS,Macquarie Balanced Fund,IBARX,DUPLICATE,NULL,Contested: ticker IBARX maps to 3 series with no clear majority — NULLing
454343,2025-07-29,485BPOS,0001145443-25-000219,IVY FUNDS,Macquarie Balanced Fund,IBNAX,DUPLICATE,NULL,Contested: ticker IBNAX maps to 3 series with no clear majority — NULLing
454344,2025-07-29,485BPOS,0001145443-25-000219,IVY FUNDS,Macquarie Balanced Fund,IBNCX,DUPLICATE,NULL,Contested: ticker IBNCX maps to 3 series with no clear majority — NULLing
454346,2025-07-29,485BPOS,0001145443-25-000219,IVY FUNDS,Macquarie Balanced Fund,IBNYX,DUPLICATE,NULL,Contested: ticker IBNYX maps to 3 series with no clear majority — NULLing
454298,2025-07-29,485BPOS,0001145443-25-000219,IVY FUNDS,Macquarie Asset Strategy Fund,IVAEX,DUPLICATE,NULL,Contested: ticker IVAEX maps to 3 series with no clear majority — NULLing
454370,2025-07-29,485BPOS,0001145443-25-000219,IVY FUNDS,Macquarie Smid Cap Core Fund,IVVIX,DUPLICATE,NULL,Contested: ticker IVVIX maps to 3 series with no clear majority — NULLing
454368,2025-07-29,485BPOS,0001145443-25-000219,IVY FUNDS,Macquarie Smid Cap Core Fund,IYSAX,DUPLICATE,NULL,Contested: ticker IYSAX maps to 3 series with no clear majority — NULLing
454369,2025-07-29,485BPOS,0001145443-25-000219,IVY FUNDS,Macquarie Smid Cap Core Fund,IYSCX,DUPLICATE,NULL,Contested: ticker IYSCX maps to 3 series with no clear majority — NULLing
454371,2025-07-29,485BPOS,0001145443-25-000219,IVY FUNDS,Macquarie Smid Cap Core Fund,IYSMX,DUPLICATE,NULL,Contested: ticker IYSMX maps to 3 series with no clear majority — NULLing
454367,2025-07-29,485BPOS,0001145443-25-000219,IVY FUNDS,Macquarie Smid Cap Core Fund,IYSYX,DUPLICATE,NULL,Contested: ticker IYSYX maps to 3 series with no clear majority — NULLing
714584,2026-06-16,497,0001162044-26-000531,MANOR INVESTMENT FUNDS INC,Manor Fund,MNRMX,DUPLICATE,KEEP,Canonical owner of MNRMX (13 of 15 extractions)
714585,2026-06-16,497,0001162044-26-000531,MANOR INVESTMENT FUNDS INC,Growth Fund,MNRMX,DUPLICATE,NULL,"Bleed: ticker MNRMX canonically belongs to 'Manor Fund', not this series"
714586,2026-06-16,497,0001162044-26-000531,MANOR INVESTMENT FUNDS INC,Bond Fund,MNRMX,DUPLICATE,NULL,"Bleed: ticker MNRMX canonically belongs to 'Manor Fund', not this series"
573616,2015-01-20,497,0001193125-15-014736,AB CORPORATE SHARES,National Portfolio,ALTHX,DUPLICATE,NULL,Contested: ticker ALTHX maps to 21 series with no clear majority — NULLing
573507,2015-01-20,497,0001193125-15-014736,AB CORPORATE SHARES,AllianceBernstein Tax-Aware Fixed Income Portfolio,ATCCX,DUPLICATE,NULL,Contested: ticker ATCCX maps to 9 series with no clear majority — NULLing
192094,2017-01-30,485BPOS,0001193125-17-023853,Timothy Plan,Timothy Aggressive Growth Fund,TIAGX,DUPLICATE,NULL,Contested: ticker TIAGX maps to 3 series with no clear majority — NULLing
192093,2017-01-30,485BPOS,0001193125-17-023853,Timothy Plan,Timothy Fixed Income Fund,TPFIX,DUPLICATE,NULL,Contested: ticker TPFIX maps to 2 series with no clear majority — NULLing
192091,2017-01-30,485BPOS,0001193125-17-023853,Timothy Plan,Timothy Small-Cap Value Fund,TPVIX,DUPLICATE,NULL,Contested: ticker TPVIX maps to 2 series with no clear majority — NULLing
192057,2017-02-03,497J,0001193125-17-030638,Timothy Plan,Timothy Aggressive Growth Fund,TIAGX,DUPLICATE,NULL,Contested: ticker TIAGX maps to 3 series with no clear majority — NULLing
192056,2017-02-03,497J,0001193125-17-030638,Timothy Plan,Timothy Fixed Income Fund,TPFIX,DUPLICATE,NULL,Contested: ticker TPFIX maps to 2 series with no clear majority — NULLing
192054,2017-02-03,497J,0001193125-17-030638,Timothy Plan,Timothy Small-Cap Value Fund,TPVIX,DUPLICATE,NULL,Contested: ticker TPVIX maps to 2 series with no clear majority — NULLing
192046,2017-02-21,485BPOS,0001193125-17-050607,Timothy Plan,Timothy Aggressive Growth Fund,TIAGX,DUPLICATE,NULL,Contested: ticker TIAGX maps to 3 series with no clear majority — NULLing
192045,2017-02-21,485BPOS,0001193125-17-050607,Timothy Plan,Timothy Fixed Income Fund,TPFIX,DUPLICATE,NULL,Contested: ticker TPFIX maps to 2 series with no clear majority — NULLing
192043,2017-02-21,485BPOS,0001193125-17-050607,Timothy Plan,Timothy Small-Cap Value Fund,TPVIX,DUPLICATE,NULL,Contested: ticker TPVIX maps to 2 series with no clear majority — NULLing
191979,2017-08-15,497,0001193125-17-258390,Timothy Plan,Timothy Aggressive Growth Fund,TIAGX,DUPLICATE,NULL,Contested: ticker TIAGX maps to 3 series with no clear majority — NULLing
191976,2017-08-15,497,0001193125-17-258390,Timothy Plan,Timothy Fixed Income Fund,TPFIX,DUPLICATE,NULL,Contested: ticker TPFIX maps to 2 series with no clear majority — NULLing
191970,2017-08-15,497,0001193125-17-258390,Timothy Plan,Timothy Small-Cap Value Fund,TPVIX,DUPLICATE,NULL,Contested: ticker TPVIX maps to 2 series with no clear majority — NULLing
191934,2018-01-30,485BPOS,0001193125-18-025752,Timothy Plan,Timothy Aggressive Growth Fund,TIAGX,DUPLICATE,NULL,Contested: ticker TIAGX maps to 3 series with no clear majority — NULLing
191933,2018-01-30,485BPOS,0001193125-18-025752,Timothy Plan,Timothy Fixed Income Fund,TPFIX,DUPLICATE,NULL,Contested: ticker TPFIX maps to 2 series with no clear majority — NULLing
191931,2018-01-30,485BPOS,0001193125-18-025752,Timothy Plan,Timothy Small-Cap Value Fund,TPVIX,DUPLICATE,NULL,Contested: ticker TPVIX maps to 2 series with no clear majority — NULLing
191897,2018-02-05,497,0001193125-18-032230,Timothy Plan,Timothy Aggressive Growth Fund,TIAGX,DUPLICATE,NULL,Contested: ticker TIAGX maps to 3 series with no clear majority — NULLing
191896,2018-02-05,497,0001193125-18-032230,Timothy Plan,Timothy Fixed Income Fund,TPFIX,DUPLICATE,NULL,Contested: ticker TPFIX maps to 2 series with no clear majority — NULLing
191894,2018-02-05,497,0001193125-18-032230,Timothy Plan,Timothy Small-Cap Value Fund,TPVIX,DUPLICATE,NULL,Contested: ticker TPVIX maps to 2 series with no clear majority — NULLing
191886,2018-02-20,485BPOS,0001193125-18-050336,Timothy Plan,Timothy Aggressive Growth Fund,TIAGX,DUPLICATE,NULL,Contested: ticker TIAGX maps to 3 series with no clear majority — NULLing
191885,2018-02-20,485BPOS,0001193125-18-050336,Timothy Plan,Timothy Fixed Income Fund,TPFIX,DUPLICATE,NULL,Contested: ticker TPFIX maps to 2 series with no clear majority — NULLing
191883,2018-02-20,485BPOS,0001193125-18-050336,Timothy Plan,Timothy Small-Cap Value Fund,TPVIX,DUPLICATE,NULL,Contested: ticker TPVIX maps to 2 series with no clear majority — NULLing
191849,2018-02-26,497,0001193125-18-058137,Timothy Plan,Timothy Aggressive Growth Fund,TIAGX,DUPLICATE,NULL,Contested: ticker TIAGX maps to 3 series with no clear majority — NULLing
191848,2018-02-26,497,0001193125-18-058137,Timothy Plan,Timothy Fixed Income Fund,TPFIX,DUPLICATE,NULL,Contested: ticker TPFIX maps to 2 series with no clear majority — NULLing
191846,2018-02-26,497,0001193125-18-058137,Timothy Plan,Timothy Small-Cap Value Fund,TPVIX,DUPLICATE,NULL,Contested: ticker TPVIX maps to 2 series with no clear majority — NULLing
572570,2018-11-27,497,0001193125-18-334896,AB CORPORATE SHARES,Diversified Municipal Portfolio,AIDAX,DUPLICATE,NULL,Contested: ticker AIDAX maps to 8 series with no clear majority — NULLing
572493,2018-11-27,497,0001193125-18-334896,AB CORPORATE SHARES,AB National Portfolio,ALTHX,DUPLICATE,NULL,Contested: ticker ALTHX maps to 21 series with no clear majority — NULLing
572373,2018-11-27,497,0001193125-18-334896,AB CORPORATE SHARES,AB Tax-Aware Fixed Income Portfolio,ATCCX,DUPLICATE,NULL,Contested: ticker ATCCX maps to 9 series with no clear majority — NULLing
572255,2018-12-14,497,0001193125-18-349736,AB CORPORATE SHARES,Diversified Municipal Portfolio,AIDAX,DUPLICATE,NULL,Contested: ticker AIDAX maps to 8 series with no clear majority — NULLing
572218,2018-12-14,497,0001193125-18-349736,AB CORPORATE SHARES,AB National Portfolio,ALTHX,DUPLICATE,NULL,Contested: ticker ALTHX maps to 21 series with no clear majority — NULLing
571994,2018-12-28,497,0001193125-18-360516,AB CORPORATE SHARES,AB National Portfolio,ALTHX,DUPLICATE,NULL,Contested: ticker ALTHX maps to 21 series with no clear majority — NULLing
571823,2018-12-28,497,0001193125-18-360516,AB CORPORATE SHARES,AB Tax-Aware Fixed Income Portfolio,ATCCX,DUPLICATE,NULL,Contested: ticker ATCCX maps to 9 series with no clear majority — NULLing
191750,2019-01-31,485BPOS,0001193125-19-024153,Timothy Plan,Timothy Aggressive Growth Fund,TIAGX,DUPLICATE,NULL,Contested: ticker TIAGX maps to 3 series with no clear majority — NULLing
191749,2019-01-31,485BPOS,0001193125-19-024153,Timothy Plan,Timothy Fixed Income Fund,TPFIX,DUPLICATE,NULL,Contested: ticker TPFIX maps to 2 series with no clear majority — NULLing
191747,2019-01-31,485BPOS,0001193125-19-024153,Timothy Plan,Timothy Small-Cap Value Fund,TPVIX,DUPLICATE,NULL,Contested: ticker TPVIX maps to 2 series with no clear majority — NULLing
191713,2019-02-05,497J,0001193125-19-028052,Timothy Plan,Timothy Aggressive Growth Fund,TIAGX,DUPLICATE,NULL,Contested: ticker TIAGX maps to 3 series with no clear majority — NULLing
191712,2019-02-05,497J,0001193125-19-028052,Timothy Plan,Timothy Fixed Income Fund,TPFIX,DUPLICATE,NULL,Contested: ticker TPFIX maps to 2 series with no clear majority — NULLing
191710,2019-02-05,497J,0001193125-19-028052,Timothy Plan,Timothy Small-Cap Value Fund,TPVIX,DUPLICATE,NULL,Contested: ticker TPVIX maps to 2 series with no clear majority — NULLing
191650,2019-02-22,485BPOS,0001193125-19-048431,Timothy Plan,Timothy Aggressive Growth Fund,TIAGX,DUPLICATE,NULL,Contested: ticker TIAGX maps to 3 series with no clear majority — NULLing
191649,2019-02-22,485BPOS,0001193125-19-048431,Timothy Plan,Timothy Fixed Income Fund,TPFIX,DUPLICATE,NULL,Contested: ticker TPFIX maps to 2 series with no clear majority — NULLing
191647,2019-02-22,485BPOS,0001193125-19-048431,Timothy Plan,Timothy Small-Cap Value Fund,TPVIX,DUPLICATE,NULL,Contested: ticker TPVIX maps to 2 series with no clear majority — NULLing
571297,2019-03-28,497,0001193125-19-090599,AB CORPORATE SHARES,Diversified Municipal Portfolio,AIDAX,DUPLICATE,NULL,Contested: ticker AIDAX maps to 8 series with no clear majority — NULLing
571213,2019-03-28,497,0001193125-19-090599,AB CORPORATE SHARES,AB National Portfolio,ALTHX,DUPLICATE,NULL,Contested: ticker ALTHX maps to 21 series with no clear majority — NULLing
571035,2019-03-28,497,0001193125-19-090599,AB CORPORATE SHARES,AB Tax-Aware Fixed Income Portfolio,ATCCX,DUPLICATE,NULL,Contested: ticker ATCCX maps to 9 series with no clear majority — NULLing
191639,2019-04-15,497,0001193125-19-106623,Timothy Plan,Timothy Aggressive Growth Fund,TIAGX,DUPLICATE,NULL,Contested: ticker TIAGX maps to 3 series with no clear majority — NULLing
191638,2019-04-15,497,0001193125-19-106623,Timothy Plan,Timothy Fixed Income Fund,TPFIX,DUPLICATE,NULL,Contested: ticker TPFIX maps to 2 series with no clear majority — NULLing
191636,2019-04-15,497,0001193125-19-106623,Timothy Plan,Timothy Small-Cap Value Fund,TPVIX,DUPLICATE,NULL,Contested: ticker TPVIX maps to 2 series with no clear majority — NULLing
191616,2019-05-28,497,0001193125-19-158438,Timothy Plan,Timothy Aggressive Growth Fund,TIAGX,DUPLICATE,NULL,Contested: ticker TIAGX maps to 3 series with no clear majority — NULLing
191615,2019-05-28,497,0001193125-19-158438,Timothy Plan,Timothy Fixed Income Fund,TPFIX,DUPLICATE,NULL,Contested: ticker TPFIX maps to 2 series with no clear majority — NULLing
191613,2019-05-28,497,0001193125-19-158438,Timothy Plan,Timothy Small-Cap Value Fund,TPVIX,DUPLICATE,NULL,Contested: ticker TPVIX maps to 2 series with no clear majority — NULLing
191605,2019-05-29,497,0001193125-19-159419,Timothy Plan,Timothy Aggressive Growth Fund,TIAGX,DUPLICATE,NULL,Contested: ticker TIAGX maps to 3 series with no clear majority — NULLing
191604,2019-05-29,497,0001193125-19-159419,Timothy Plan,Timothy Fixed Income Fund,TPFIX,DUPLICATE,NULL,Contested: ticker TPFIX maps to 2 series with no clear majority — NULLing
191602,2019-05-29,497,0001193125-19-159419,Timothy Plan,Timothy Small-Cap Value Fund,TPVIX,DUPLICATE,NULL,Contested: ticker TPVIX maps to 2 series with no clear majority — NULLing
570831,2019-06-10,497,0001193125-19-169122,AB CORPORATE SHARES,Diversified Municipal Portfolio,AIDAX,DUPLICATE,NULL,Contested: ticker AIDAX maps to 8 series with no clear majority — NULLing
570753,2019-06-10,497,0001193125-19-169122,AB CORPORATE SHARES,AB National Portfolio,ALTHX,DUPLICATE,NULL,Contested: ticker ALTHX maps to 21 series with no clear majority — NULLing
570575,2019-06-10,497,0001193125-19-169122,AB CORPORATE SHARES,AB Tax-Aware Fixed Income Portfolio,ATCCX,DUPLICATE,NULL,Contested: ticker ATCCX maps to 9 series with no clear majority — NULLing
570347,2019-11-13,497,0001193125-19-291198,AB CORPORATE SHARES,Diversified Municipal Portfolio,AIDAX,DUPLICATE,NULL,Contested: ticker AIDAX maps to 8 series with no clear majority — NULLing
570269,2019-11-13,497,0001193125-19-291198,AB CORPORATE SHARES,AB National Portfolio,ALTHX,DUPLICATE,NULL,Contested: ticker ALTHX maps to 21 series with no clear majority — NULLing
570091,2019-11-13,497,0001193125-19-291198,AB CORPORATE SHARES,AB Tax-Aware Fixed Income Portfolio,ATCCX,DUPLICATE,NULL,Contested: ticker ATCCX maps to 9 series with no clear majority — NULLing
191532,2020-01-29,485BPOS,0001193125-20-018103,Timothy Plan,Timothy Aggressive Growth Fund,TIAGX,DUPLICATE,NULL,Contested: ticker TIAGX maps to 3 series with no clear majority — NULLing
191531,2020-01-29,485BPOS,0001193125-20-018103,Timothy Plan,Timothy Fixed Income Fund,TPFIX,DUPLICATE,NULL,Contested: ticker TPFIX maps to 2 series with no clear majority — NULLing
191529,2020-01-29,485BPOS,0001193125-20-018103,Timothy Plan,Timothy Small-Cap Value Fund,TPVIX,DUPLICATE,NULL,Contested: ticker TPVIX maps to 2 series with no clear majority — NULLing
191498,2020-02-03,497,0001193125-20-022689,Timothy Plan,Timothy Aggressive Growth Fund,TIAGX,DUPLICATE,NULL,Contested: ticker TIAGX maps to 3 series with no clear majority — NULLing
191497,2020-02-03,497,0001193125-20-022689,Timothy Plan,Timothy Fixed Income Fund,TPFIX,DUPLICATE,NULL,Contested: ticker TPFIX maps to 2 series with no clear majority — NULLing
191495,2020-02-03,497,0001193125-20-022689,Timothy Plan,Timothy Small-Cap Value Fund,TPVIX,DUPLICATE,NULL,Contested: ticker TPVIX maps to 2 series with no clear majority — NULLing
191488,2020-02-07,497,0001193125-20-027452,Timothy Plan,Timothy Aggressive Growth Fund,TIAGX,DUPLICATE,NULL,Contested: ticker TIAGX maps to 3 series with no clear majority — NULLing
191487,2020-02-07,497,0001193125-20-027452,Timothy Plan,Timothy Fixed Income Fund,TPFIX,DUPLICATE,NULL,Contested: ticker TPFIX maps to 2 series with no clear majority — NULLing
191485,2020-02-07,497,0001193125-20-027452,Timothy Plan,Timothy Small-Cap Value Fund,TPVIX,DUPLICATE,NULL,Contested: ticker TPVIX maps to 2 series with no clear majority — NULLing
191429,2020-04-30,497,0001193125-20-128252,Timothy Plan,Timothy Aggressive Growth Fund,TIAGX,DUPLICATE,NULL,Contested: ticker TIAGX maps to 3 series with no clear majority — NULLing
191426,2020-04-30,497,0001193125-20-128252,Timothy Plan,Timothy Fixed Income Fund,TPFIX,DUPLICATE,NULL,Contested: ticker TPFIX maps to 2 series with no clear majority — NULLing
191420,2020-04-30,497,0001193125-20-128252,Timothy Plan,Timothy Small-Cap Value Fund,TPVIX,DUPLICATE,NULL,Contested: ticker TPVIX maps to 2 series with no clear majority — NULLing
191403,2020-05-14,497,0001193125-20-142500,Timothy Plan,Timothy Aggressive Growth Fund,TIAGX,DUPLICATE,NULL,Contested: ticker TIAGX maps to 3 series with no clear majority — NULLing
191402,2020-05-14,497,0001193125-20-142500,Timothy Plan,Timothy Fixed Income Fund,TPFIX,DUPLICATE,NULL,Contested: ticker TPFIX maps to 2 series with no clear majority — NULLing
191400,2020-05-14,497,0001193125-20-142500,Timothy Plan,Timothy Small-Cap Value Fund,TPVIX,DUPLICATE,NULL,Contested: ticker TPVIX maps to 2 series with no clear majority — NULLing
191365,2021-01-28,485BPOS,0001193125-21-020499,Timothy Plan,Timothy Aggressive Growth Fund,TIAGX,DUPLICATE,NULL,Contested: ticker TIAGX maps to 3 series with no clear majority — NULLing
191364,2021-01-28,485BPOS,0001193125-21-020499,Timothy Plan,Timothy Fixed Income Fund,TPFIX,DUPLICATE,NULL,Contested: ticker TPFIX maps to 2 series with no clear majority — NULLing
191362,2021-01-28,485BPOS,0001193125-21-020499,Timothy Plan,Timothy Small-Cap Value Fund,TPVIX,DUPLICATE,NULL,Contested: ticker TPVIX maps to 2 series with no clear majority — NULLing
191331,2021-02-01,497J,0001193125-21-024345,Timothy Plan,Timothy Aggressive Growth Fund,TIAGX,DUPLICATE,NULL,Contested: ticker TIAGX maps to 3 series with no clear majority — NULLing
191330,2021-02-01,497J,0001193125-21-024345,Timothy Plan,Timothy Fixed Income Fund,TPFIX,DUPLICATE,NULL,Contested: ticker TPFIX maps to 2 series with no clear majority — NULLing
191328,2021-02-01,497J,0001193125-21-024345,Timothy Plan,Timothy Small-Cap Value Fund,TPVIX,DUPLICATE,NULL,Contested: ticker TPVIX maps to 2 series with no clear majority — NULLing
150052,2022-01-13,497,0001193125-22-008734,iShares U.S. ETF Trust,iShares USD Bond Factor ETF,USBF,DUPLICATE,NULL,Contested: ticker USBF maps to 2 series with no clear majority — NULLing
191195,2022-01-28,485BPOS,0001193125-22-021516,Timothy Plan,Timothy Aggressive Growth Fund,TIAGX,DUPLICATE,NULL,Contested: ticker TIAGX maps to 3 series with no clear majority — NULLing
191194,2022-01-28,485BPOS,0001193125-22-021516,Timothy Plan,Timothy Fixed Income Fund,TPFIX,DUPLICATE,NULL,Contested: ticker TPFIX maps to 2 series with no clear majority — NULLing
191192,2022-01-28,485BPOS,0001193125-22-021516,Timothy Plan,Timothy Small-Cap Value Fund,TPVIX,DUPLICATE,NULL,Contested: ticker TPVIX maps to 2 series with no clear majority — NULLing
191161,2022-02-02,497J,0001193125-22-025344,Timothy Plan,Timothy Aggressive Growth Fund,TIAGX,DUPLICATE,NULL,Contested: ticker TIAGX maps to 3 series with no clear majority — NULLing
191160,2022-02-02,497J,0001193125-22-025344,Timothy Plan,Timothy Fixed Income Fund,TPFIX,DUPLICATE,NULL,Contested: ticker TPFIX maps to 2 series with no clear majority — NULLing
191158,2022-02-02,497J,0001193125-22-025344,Timothy Plan,Timothy Small-Cap Value Fund,TPVIX,DUPLICATE,NULL,Contested: ticker TPVIX maps to 2 series with no clear majority — NULLing
149496,2022-03-07,497,0001193125-22-066392,iShares U.S. ETF Trust,iShares USD Bond Factor ETF,USBF,DUPLICATE,NULL,Contested: ticker USBF maps to 2 series with no clear majority — NULLing
149132,2022-03-07,497,0001193125-22-066536,iShares U.S. ETF Trust,iShares USD Bond Factor ETF,USBF,DUPLICATE,NULL,Contested: ticker USBF maps to 2 series with no clear majority — NULLing
191127,2022-03-08,497,0001193125-22-068975,Timothy Plan,Timothy Aggressive Growth Fund,TIAGX,DUPLICATE,NULL,Contested: ticker TIAGX maps to 3 series with no clear majority — NULLing
191126,2022-03-08,497,0001193125-22-068975,Timothy Plan,Timothy Fixed Income Fund,TPFIX,DUPLICATE,NULL,Contested: ticker TPFIX maps to 2 series with no clear majority — NULLing
191124,2022-03-08,497,0001193125-22-068975,Timothy Plan,Timothy Small-Cap Value Fund,TPVIX,DUPLICATE,NULL,Contested: ticker TPVIX maps to 2 series with no clear majority — NULLing
148924,2022-03-18,497,0001193125-22-079581,iShares U.S. ETF Trust,iShares USD Bond Factor ETF,USBF,DUPLICATE,NULL,Contested: ticker USBF maps to 2 series with no clear majority — NULLing
191113,2022-03-23,497K,0001193125-22-082497,Timothy Plan,Timothy Small-Cap Value Fund,TPVIX,DUPLICATE,NULL,Contested: ticker TPVIX maps to 2 series with no clear majority — NULLing
191106,2022-03-23,497K,0001193125-22-082502,Timothy Plan,Timothy Aggressive Growth Fund,TIAGX,DUPLICATE,NULL,Contested: ticker TIAGX maps to 3 series with no clear majority — NULLing
191105,2022-03-23,497K,0001193125-22-082504,Timothy Plan,Timothy Fixed Income Fund,TPFIX,DUPLICATE,NULL,Contested: ticker TPFIX maps to 2 series with no clear majority — NULLing
148374,2022-07-18,497,0001193125-22-195169,iShares U.S. ETF Trust,iShares USD Bond Factor ETF,USBF,DUPLICATE,NULL,Contested: ticker USBF maps to 2 series with no clear majority — NULLing
191022,2022-08-24,497,0001193125-22-228499,Timothy Plan,Timothy Plan Aggressive Growth Fund,TIAGX,DUPLICATE,NULL,Contested: ticker TIAGX maps to 3 series with no clear majority — NULLing
191021,2022-08-24,497,0001193125-22-228499,Timothy Plan,Timothy Plan Fixed Income Fund,TPFIX,DUPLICATE,NULL,Contested: ticker TPFIX maps to 2 series with no clear majority — NULLing
191019,2022-08-24,497,0001193125-22-228499,Timothy Plan,Timothy Plan Small Cap Value Fund,TPVIX,DUPLICATE,NULL,Contested: ticker TPVIX maps to 2 series with no clear majority — NULLing
191013,2022-08-26,497,0001193125-22-231189,Timothy Plan,Timothy Plan Aggressive Growth Fund,TIAGX,DUPLICATE,NULL,Contested: ticker TIAGX maps to 3 series with no clear majority — NULLing
191012,2022-08-26,497,0001193125-22-231189,Timothy Plan,Timothy Plan Fixed Income Fund,TPFIX,DUPLICATE,NULL,Contested: ticker TPFIX maps to 2 series with no clear majority — NULLing
191010,2022-08-26,497,0001193125-22-231189,Timothy Plan,Timothy Plan Small Cap Value Fund,TPVIX,DUPLICATE,NULL,Contested: ticker TPVIX maps to 2 series with no clear majority — NULLing
190989,2022-09-08,497K,0001193125-22-240972,Timothy Plan,Timothy Plan Fixed Income Fund,TPFIX,DUPLICATE,NULL,Contested: ticker TPFIX maps to 2 series with no clear majority — NULLing
190988,2022-09-08,497K,0001193125-22-240973,Timothy Plan,Timothy Plan Aggressive Growth Fund,TIAGX,DUPLICATE,NULL,Contested: ticker TIAGX maps to 3 series with no clear majority — NULLing
190986,2022-09-08,497K,0001193125-22-240975,Timothy Plan,Timothy Plan Small Cap Value Fund,TPVIX,DUPLICATE,NULL,Contested: ticker TPVIX maps to 2 series with no clear majority — NULLing
504714,2023-02-02,497,0001193125-23-022665,LITMAN GREGORY FUNDS TRUST,iMGP SBH Focused Small Value Fund,PFSVX,DUPLICATE,NULL,Contested: ticker PFSVX maps to 2 series with no clear majority — NULLing
504701,2023-03-09,497,0001193125-23-066245,LITMAN GREGORY FUNDS TRUST,iMGP SBH Focused Small Value Fund,PFSVX,DUPLICATE,NULL,Contested: ticker PFSVX maps to 2 series with no clear majority — NULLing
504689,2023-04-28,485BPOS,0001193125-23-127415,LITMAN GREGORY FUNDS TRUST,iMGP SBH Focused Small Value Fund,PFSVX,DUPLICATE,NULL,Contested: ticker PFSVX maps to 2 series with no clear majority — NULLing
504679,2023-05-01,497K,0001193125-23-128029,LITMAN GREGORY FUNDS TRUST,iMGP SBH Focused Small Value Fund,PFSVX,DUPLICATE,NULL,Contested: ticker PFSVX maps to 2 series with no clear majority — NULLing
504667,2023-05-03,497J,0001193125-23-134229,LITMAN GREGORY FUNDS TRUST,iMGP SBH Focused Small Value Fund,PFSVX,DUPLICATE,NULL,Contested: ticker PFSVX maps to 2 series with no clear majority — NULLing
504650,2023-07-21,497,0001193125-23-191467,LITMAN GREGORY FUNDS TRUST,iMGP SBH Focused Small Value Fund,PFSVX,DUPLICATE,NULL,Contested: ticker PFSVX maps to 2 series with no clear majority — NULLing
504638,2023-09-21,497,0001193125-23-239514,LITMAN GREGORY FUNDS TRUST,iMGP SBH Focused Small Value Fund,PFSVX,DUPLICATE,NULL,Contested: ticker PFSVX maps to 2 series with no clear majority — NULLing
504625,2023-09-22,497,0001193125-23-240639,LITMAN GREGORY FUNDS TRUST,iMGP SBH Focused Small Value Fund,PFSVX,DUPLICATE,NULL,Contested: ticker PFSVX maps to 2 series with no clear majority — NULLing
465915,2023-11-01,497J,0001193125-23-268041,JANUS INVESTMENT FUND,Janus Henderson Responsible International Dividend Fund,HDIVX,DUPLICATE,NULL,Contested: ticker HDIVX maps to 2 series with no clear majority — NULLing
465917,2023-11-01,497J,0001193125-23-268041,JANUS INVESTMENT FUND,Janus Henderson Responsible International Dividend Fund,HDQVX,DUPLICATE,NULL,Contested: ticker HDQVX maps to 2 series with no clear majority — NULLing
465916,2023-11-01,497J,0001193125-23-268041,JANUS INVESTMENT FUND,Janus Henderson Responsible International Dividend Fund,HDRVX,DUPLICATE,NULL,Contested: ticker HDRVX maps to 2 series with no clear majority — NULLing
465918,2023-11-01,497J,0001193125-23-268041,JANUS INVESTMENT FUND,Janus Henderson Responsible International Dividend Fund,HDTVX,DUPLICATE,NULL,Contested: ticker HDTVX maps to 2 series with no clear majority — NULLing
147593,2023-12-11,497,0001193125-23-292601,iShares U.S. ETF Trust,iShares USD Bond Factor ETF,USBF,DUPLICATE,NULL,Contested: ticker USBF maps to 2 series with no clear majority — NULLing
504597,2024-02-29,485APOS,0001193125-24-052850,LITMAN GREGORY FUNDS TRUST,iMGP SBH Focused Small Value Fund,PFSVX,DUPLICATE,NULL,Contested: ticker PFSVX maps to 2 series with no clear majority — NULLing
504596,2024-02-29,497,0001193125-24-052881,LITMAN GREGORY FUNDS TRUST,iMGP SBH Focused Small Value Fund,PFSVX,DUPLICATE,NULL,Contested: ticker PFSVX maps to 2 series with no clear majority — NULLing
645014,2024-03-01,497J,0001193125-24-054483,"HARTFORD MUTUAL FUNDS II, INC",Hartford Schroders Diversified Growth Fund,HFIGX,DUPLICATE,NULL,Contested: ticker HFIGX maps to 2 series with no clear majority — NULLing
645015,2024-03-01,497J,0001193125-24-054483,"HARTFORD MUTUAL FUNDS II, INC",Hartford Schroders Diversified Growth Fund,HFSGX,DUPLICATE,NULL,Contested: ticker HFSGX maps to 2 series with no clear majority — NULLing
504577,2024-04-29,485BPOS,0001193125-24-122678,LITMAN GREGORY FUNDS TRUST,iMGP SBH Focused Small Value Fund,PFSVX,DUPLICATE,NULL,Contested: ticker PFSVX maps to 2 series with no clear majority — NULLing
504561,2024-04-30,497K,0001193125-24-123337,LITMAN GREGORY FUNDS TRUST,iMGP SBH Focused Small Value Fund,PFSVX,DUPLICATE,NULL,Contested: ticker PFSVX maps to 2 series with no clear majority — NULLing
504553,2024-05-03,497J,0001193125-24-130568,LITMAN GREGORY FUNDS TRUST,iMGP SBH Focused Small Value Fund,PFSVX,DUPLICATE,NULL,Contested: ticker PFSVX maps to 2 series with no clear majority — NULLing
147455,2024-05-03,497,0001193125-24-130822,iShares U.S. ETF Trust,iShares USD Systematic Bond ETF,USBF,DUPLICATE,NULL,Contested: ticker USBF maps to 2 series with no clear majority — NULLing
465121,2024-05-17,497,0001193125-24-141867,JANUS INVESTMENT FUND,Janus Henderson Responsible International Dividend Fund,HDIVX,DUPLICATE,NULL,Contested: ticker HDIVX maps to 2 series with no clear majority — NULLing
465123,2024-05-17,497,0001193125-24-141867,JANUS INVESTMENT FUND,Janus Henderson Responsible International Dividend Fund,HDQVX,DUPLICATE,NULL,Contested: ticker HDQVX maps to 2 series with no clear majority — NULLing
465122,2024-05-17,497,0001193125-24-141867,JANUS INVESTMENT FUND,Janus Henderson Responsible International Dividend Fund,HDRVX,DUPLICATE,NULL,Contested: ticker HDRVX maps to 2 series with no clear majority — NULLing
465124,2024-05-17,497,0001193125-24-141867,JANUS INVESTMENT FUND,Janus Henderson Responsible International Dividend Fund,HDTVX,DUPLICATE,NULL,Contested: ticker HDTVX maps to 2 series with no clear majority — NULLing
147362,2024-05-24,497,0001193125-24-146248,iShares U.S. ETF Trust,iShares USD Systematic Bond ETF,USBF,DUPLICATE,NULL,Contested: ticker USBF maps to 2 series with no clear majority — NULLing
147151,2024-06-07,497,0001193125-24-157424,iShares U.S. ETF Trust,iShares USD Systematic Bond ETF,USBF,DUPLICATE,NULL,Contested: ticker USBF maps to 2 series with no clear majority — NULLing
147144,2024-08-15,497,0001193125-24-201360,iShares U.S. ETF Trust,iShares USD Systematic Bond ETF,USBF,DUPLICATE,NULL,Contested: ticker USBF maps to 2 series with no clear majority — NULLing
504526,2024-09-05,497,0001193125-24-213777,LITMAN GREGORY FUNDS TRUST,iMGP SMALL COMPANY FUND,PFSVX,DUPLICATE,NULL,Contested: ticker PFSVX maps to 2 series with no clear majority — NULLing
464399,2024-11-01,497J,0001193125-24-249615,JANUS INVESTMENT FUND,Janus Henderson Responsible International Dividend Fund,HDIVX,DUPLICATE,NULL,Contested: ticker HDIVX maps to 2 series with no clear majority — NULLing
464401,2024-11-01,497J,0001193125-24-249615,JANUS INVESTMENT FUND,Janus Henderson Responsible International Dividend Fund,HDQVX,DUPLICATE,NULL,Contested: ticker HDQVX maps to 2 series with no clear majority — NULLing
464400,2024-11-01,497J,0001193125-24-249615,JANUS INVESTMENT FUND,Janus Henderson Responsible International Dividend Fund,HDRVX,DUPLICATE,NULL,Contested: ticker HDRVX maps to 2 series with no clear majority — NULLing
464402,2024-11-01,497J,0001193125-24-249615,JANUS INVESTMENT FUND,Janus Henderson Responsible International Dividend Fund,HDTVX,DUPLICATE,NULL,Contested: ticker HDTVX maps to 2 series with no clear majority — NULLing
147091,2024-12-23,497,0001193125-24-283367,iShares U.S. ETF Trust,iShares Paris-Aligned Climate MSCI World ex USA ETF,PABD,DUPLICATE,NULL,Contested: ticker PABD maps to 2 series with no clear majority — NULLing
504495,2025-01-06,497,0001193125-25-002098,LITMAN GREGORY FUNDS TRUST,iMGP SMALL COMPANY FUND,PFSVX,DUPLICATE,NULL,Contested: ticker PFSVX maps to 2 series with no clear majority — NULLing
146662,2025-01-23,497,0001193125-25-011478,iShares U.S. ETF Trust,iShares Paris-Aligned Climate MSCI World ex USA ETF,PABD,DUPLICATE,NULL,Contested: ticker PABD maps to 2 series with no clear majority — NULLing
100455,2025-02-13,485BXT,0001193125-25-025731,SSGA Active Trust,SPDR SSGA Apollo IG Public & Private Credit ETF,PRIV,DUPLICATE,NULL,Contested: ticker PRIV maps to 3 series with no clear majority — NULLing
504478,2025-02-21,497,0001193125-25-031717,LITMAN GREGORY FUNDS TRUST,iMGP SMALL COMPANY FUND,PFSVX,DUPLICATE,NULL,Contested: ticker PFSVX maps to 2 series with no clear majority — NULLing
100450,2025-02-26,485BPOS,0001193125-25-035495,SSGA Active Trust,SPDR SSGA Apollo IG Public & Private Credit ETF,PRIV,DUPLICATE,NULL,Contested: ticker PRIV maps to 3 series with no clear majority — NULLing
100449,2025-02-26,497K,0001193125-25-036426,SSGA Active Trust,SPDR SSGA Apollo IG Public & Private Credit ETF,PRIV,DUPLICATE,NULL,Contested: ticker PRIV maps to 3 series with no clear majority — NULLing
644906,2025-02-28,497J,0001193125-25-041130,"HARTFORD MUTUAL FUNDS II, INC",Hartford Schroders Diversified Growth Fund,HFIGX,DUPLICATE,NULL,Contested: ticker HFIGX maps to 2 series with no clear majority — NULLing
644907,2025-02-28,497J,0001193125-25-041130,"HARTFORD MUTUAL FUNDS II, INC",Hartford Schroders Diversified Growth Fund,HFSGX,DUPLICATE,NULL,Contested: ticker HFSGX maps to 2 series with no clear majority — NULLing
100445,2025-03-04,497,0001193125-25-044999,SSGA Active Trust,SPDR SSGA Apollo IG Public & Private Credit ETF,PRIV,DUPLICATE,NULL,Contested: ticker PRIV maps to 3 series with no clear majority — NULLing
100444,2025-03-04,497K,0001193125-25-045547,SSGA Active Trust,SPDR SSGA Apollo IG Public & Private Credit ETF,PRIV,DUPLICATE,NULL,Contested: ticker PRIV maps to 3 series with no clear majority — NULLing
100438,2025-03-07,497,0001193125-25-049597,SSGA Active Trust,SPDR SSGA Apollo IG Public & Private Credit ETF,PRIV,DUPLICATE,NULL,Contested: ticker PRIV maps to 3 series with no clear majority — NULLing
100437,2025-03-07,497K,0001193125-25-049608,SSGA Active Trust,SPDR SSGA Apollo IG Public & Private Credit ETF,PRIV,DUPLICATE,NULL,Contested: ticker PRIV maps to 3 series with no clear majority — NULLing
463731,2025-04-10,497,0001193125-25-078084,JANUS INVESTMENT FUND,Janus Henderson Responsible International Dividend Fund,HDIVX,DUPLICATE,NULL,Contested: ticker HDIVX maps to 2 series with no clear majority — NULLing
463733,2025-04-10,497,0001193125-25-078084,JANUS INVESTMENT FUND,Janus Henderson Responsible International Dividend Fund,HDQVX,DUPLICATE,NULL,Contested: ticker HDQVX maps to 2 series with no clear majority — NULLing
463732,2025-04-10,497,0001193125-25-078084,JANUS INVESTMENT FUND,Janus Henderson Responsible International Dividend Fund,HDRVX,DUPLICATE,NULL,Contested: ticker HDRVX maps to 2 series with no clear majority — NULLing
463734,2025-04-10,497,0001193125-25-078084,JANUS INVESTMENT FUND,Janus Henderson Responsible International Dividend Fund,HDTVX,DUPLICATE,NULL,Contested: ticker HDTVX maps to 2 series with no clear majority — NULLing
504459,2025-04-29,485BPOS,0001193125-25-103036,LITMAN GREGORY FUNDS TRUST,iMGP SMALL COMPANY FUND,PFSVX,DUPLICATE,NULL,Contested: ticker PFSVX maps to 2 series with no clear majority — NULLing
504453,2025-04-30,497K,0001193125-25-107064,LITMAN GREGORY FUNDS TRUST,iMGP SMALL COMPANY FUND,PFSVX,DUPLICATE,NULL,Contested: ticker PFSVX maps to 2 series with no clear majority — NULLing
504434,2025-05-02,497J,0001193125-25-111505,LITMAN GREGORY FUNDS TRUST,iMGP SMALL COMPANY FUND,PFSVX,DUPLICATE,NULL,Contested: ticker PFSVX maps to 2 series with no clear majority — NULLing
504428,2025-06-09,497,0001193125-25-137815,LITMAN GREGORY FUNDS TRUST,iMGP SMALL COMPANY FUND,PFSVX,DUPLICATE,NULL,Contested: ticker PFSVX maps to 2 series with no clear majority — NULLing
463665,2025-06-24,497,0001193125-25-144798,JANUS INVESTMENT FUND,Janus Henderson Responsible International Dividend Fund,HDIVX,DUPLICATE,NULL,Contested: ticker HDIVX maps to 2 series with no clear majority — NULLing
463667,2025-06-24,497,0001193125-25-144798,JANUS INVESTMENT FUND,Janus Henderson Responsible International Dividend Fund,HDQVX,DUPLICATE,NULL,Contested: ticker HDQVX maps to 2 series with no clear majority — NULLing
463666,2025-06-24,497,0001193125-25-144798,JANUS INVESTMENT FUND,Janus Henderson Responsible International Dividend Fund,HDRVX,DUPLICATE,NULL,Contested: ticker HDRVX maps to 2 series with no clear majority — NULLing
463668,2025-06-24,497,0001193125-25-144798,JANUS INVESTMENT FUND,Janus Henderson Responsible International Dividend Fund,HDTVX,DUPLICATE,NULL,Contested: ticker HDTVX maps to 2 series with no clear majority — NULLing
463658,2025-06-25,497J,0001193125-25-146629,JANUS INVESTMENT FUND,Janus Henderson Responsible International Dividend Fund,HDIVX,DUPLICATE,NULL,Contested: ticker HDIVX maps to 2 series with no clear majority — NULLing
463660,2025-06-25,497J,0001193125-25-146629,JANUS INVESTMENT FUND,Janus Henderson Responsible International Dividend Fund,HDQVX,DUPLICATE,NULL,Contested: ticker HDQVX maps to 2 series with no clear majority — NULLing
463659,2025-06-25,497J,0001193125-25-146629,JANUS INVESTMENT FUND,Janus Henderson Responsible International Dividend Fund,HDRVX,DUPLICATE,NULL,Contested: ticker HDRVX maps to 2 series with no clear majority — NULLing
463661,2025-06-25,497J,0001193125-25-146629,JANUS INVESTMENT FUND,Janus Henderson Responsible International Dividend Fund,HDTVX,DUPLICATE,NULL,Contested: ticker HDTVX maps to 2 series with no clear majority — NULLing
100371,2025-06-30,497,0001193125-25-152570,SSGA Active Trust,SPDR Bloomberg Enhanced Roll Yield Commodity Strategy No K-1 ETF,CERY,DUPLICATE,NULL,Contested: ticker CERY maps to 2 series with no clear majority — NULLing
100429,2025-06-30,497,0001193125-25-152570,SSGA Active Trust,SPDR SSGA IG Public & Private Credit ETF,PRIV,DUPLICATE,NULL,Contested: ticker PRIV maps to 3 series with no clear majority — NULLing
100369,2025-06-30,497,0001193125-25-152570,SSGA Active Trust,SPDR Portfolio S&P Sector Neutral Dividend ETF,SPDG,DUPLICATE,NULL,Contested: ticker SPDG maps to 2 series with no clear majority — NULLing
100370,2025-06-30,497,0001193125-25-152570,SSGA Active Trust,SPDR Portfolio Treasury ETF,SPTB,DUPLICATE,NULL,Contested: ticker SPTB maps to 2 series with no clear majority — NULLing
100396,2025-06-30,497,0001193125-25-152570,SSGA Active Trust,SPDR S&P Emerging Markets ex-China ETF,XCNY,DUPLICATE,NULL,Contested: ticker XCNY maps to 2 series with no clear majority — NULLing
598846,2025-10-02,497J,0001193125-25-228671,Voya EQUITY TRUST,Voya MI Dynamic SMID Cap Fund,VYMYX,DUPLICATE,NULL,Contested: ticker VYMYX maps to 2 series with no clear majority — NULLing
463344,2025-10-31,497J,0001193125-25-260464,JANUS INVESTMENT FUND,Janus Henderson International Dividend Fund,HDIVX,DUPLICATE,NULL,Contested: ticker HDIVX maps to 2 series with no clear majority — NULLing
463346,2025-10-31,497J,0001193125-25-260464,JANUS INVESTMENT FUND,Janus Henderson International Dividend Fund,HDQVX,DUPLICATE,NULL,Contested: ticker HDQVX maps to 2 series with no clear majority — NULLing
463345,2025-10-31,497J,0001193125-25-260464,JANUS INVESTMENT FUND,Janus Henderson International Dividend Fund,HDRVX,DUPLICATE,NULL,Contested: ticker HDRVX maps to 2 series with no clear majority — NULLing
463347,2025-10-31,497J,0001193125-25-260464,JANUS INVESTMENT FUND,Janus Henderson International Dividend Fund,HDTVX,DUPLICATE,NULL,Contested: ticker HDTVX maps to 2 series with no clear majority — NULLing
463177,2025-12-23,497,0001193125-25-329187,JANUS INVESTMENT FUND,Janus Henderson International Dividend Fund,HDIVX,DUPLICATE,NULL,Contested: ticker HDIVX maps to 2 series with no clear majority — NULLing
463179,2025-12-23,497,0001193125-25-329187,JANUS INVESTMENT FUND,Janus Henderson International Dividend Fund,HDQVX,DUPLICATE,NULL,Contested: ticker HDQVX maps to 2 series with no clear majority — NULLing
463178,2025-12-23,497,0001193125-25-329187,JANUS INVESTMENT FUND,Janus Henderson International Dividend Fund,HDRVX,DUPLICATE,NULL,Contested: ticker HDRVX maps to 2 series with no clear majority — NULLing
463180,2025-12-23,497,0001193125-25-329187,JANUS INVESTMENT FUND,Janus Henderson International Dividend Fund,HDTVX,DUPLICATE,NULL,Contested: ticker HDTVX maps to 2 series with no clear majority — NULLing
504409,2025-12-31,497,0001193125-25-337311,LITMAN GREGORY FUNDS TRUST,iMGP SMALL COMPANY FUND,PFSVX,DUPLICATE,NULL,Contested: ticker PFSVX maps to 2 series with no clear majority — NULLing
504401,2025-12-31,497K,0001193125-25-337318,LITMAN GREGORY FUNDS TRUST,iMGP SMALL COMPANY FUND,PFSVX,DUPLICATE,NULL,Contested: ticker PFSVX maps to 2 series with no clear majority — NULLing
462682,2026-01-28,497,0001193125-26-025110,JANUS INVESTMENT FUND,Janus Henderson International Dividend Fund,HDIVX,DUPLICATE,NULL,Contested: ticker HDIVX maps to 2 series with no clear majority — NULLing
462684,2026-01-28,497,0001193125-26-025110,JANUS INVESTMENT FUND,Janus Henderson International Dividend Fund,HDQVX,DUPLICATE,NULL,Contested: ticker HDQVX maps to 2 series with no clear majority — NULLing
462683,2026-01-28,497,0001193125-26-025110,JANUS INVESTMENT FUND,Janus Henderson International Dividend Fund,HDRVX,DUPLICATE,NULL,Contested: ticker HDRVX maps to 2 series with no clear majority — NULLing
462685,2026-01-28,497,0001193125-26-025110,JANUS INVESTMENT FUND,Janus Henderson International Dividend Fund,HDTVX,DUPLICATE,NULL,Contested: ticker HDTVX maps to 2 series with no clear majority — NULLing
504388,2026-02-17,497,0001193125-26-053657,LITMAN GREGORY FUNDS TRUST,iMGP SMALL COMPANY FUND,PFSVX,DUPLICATE,NULL,Contested: ticker PFSVX maps to 2 series with no clear majority — NULLing
462298,2026-02-17,497,0001193125-26-054847,JANUS INVESTMENT FUND,Janus Henderson International Dividend Fund,HDIVX,DUPLICATE,NULL,Contested: ticker HDIVX maps to 2 series with no clear majority — NULLing
462300,2026-02-17,497,0001193125-26-054847,JANUS INVESTMENT FUND,Janus Henderson International Dividend Fund,HDQVX,DUPLICATE,NULL,Contested: ticker HDQVX maps to 2 series with no clear majority — NULLing
462299,2026-02-17,497,0001193125-26-054847,JANUS INVESTMENT FUND,Janus Henderson International Dividend Fund,HDRVX,DUPLICATE,NULL,Contested: ticker HDRVX maps to 2 series with no clear majority — NULLing
462301,2026-02-17,497,0001193125-26-054847,JANUS INVESTMENT FUND,Janus Henderson International Dividend Fund,HDTVX,DUPLICATE,NULL,Contested: ticker HDTVX maps to 2 series with no clear majority — NULLing
106495,2026-02-18,497,0001193125-26-057191,SSGA Active Trust,SPDR SSGA IG Public & Private Credit ETF,PRIV,DUPLICATE,NULL,Contested: ticker PRIV maps to 3 series with no clear majority — NULLing
106494,2026-02-18,497K,0001193125-26-057203,SSGA Active Trust,SPDR SSGA IG Public & Private Credit ETF,PRIV,DUPLICATE,NULL,Contested: ticker PRIV maps to 3 series with no clear majority — NULLing
154986,2026-02-25,485BPOS,0001193125-26-072050,SSGA Active Trust,SPDR SSGA IG Public & Private Credit ETF,PRIV,DUPLICATE,NULL,Contested: ticker PRIV maps to 3 series with no clear majority — NULLing
154981,2026-02-26,497,0001193125-26-072300,SSGA Active Trust,SPDR SSGA IG Public & Private Credit ETF,PRIV,DUPLICATE,NULL,Contested: ticker PRIV maps to 3 series with no clear majority — NULLing
154980,2026-02-26,497K,0001193125-26-072311,SSGA Active Trust,SPDR SSGA IG Public & Private Credit ETF,PRIV,DUPLICATE,NULL,Contested: ticker PRIV maps to 3 series with no clear majority — NULLing
644798,2026-02-27,497J,0001193125-26-079257,"HARTFORD MUTUAL FUNDS II, INC",Hartford Schroders Diversified Opportunities Fund,HFIGX,DUPLICATE,NULL,Contested: ticker HFIGX maps to 2 series with no clear majority — NULLing
644799,2026-02-27,497J,0001193125-26-079257,"HARTFORD MUTUAL FUNDS II, INC",Hartford Schroders Diversified Opportunities Fund,HFSGX,DUPLICATE,NULL,Contested: ticker HFSGX maps to 2 series with no clear majority — NULLing
232744,2026-02-27,497K,0001193125-26-081592,SSGA Active Trust,SPDR SSGA IG Public & Private Credit ETF,PRIV,DUPLICATE,NULL,Contested: ticker PRIV maps to 3 series with no clear majority — NULLing
562384,2026-03-04,497J,0001193125-26-091044,SSGA Active Trust,SPDR SSGA IG Public & Private Credit ETF,PRIV,DUPLICATE,NULL,Contested: ticker PRIV maps to 3 series with no clear majority — NULLing
654412,2026-04-16,497,0001193125-26-159261,PIMCO FUNDS,PIMCO Global Core Asset Allocation Fund,SYM,DUPLICATE,NULL,Contested: ticker SYM maps to 8 series with no clear majority — NULLing
654411,2026-04-16,497,0001193125-26-159261,PIMCO FUNDS,PIMCO Global Core Asset Allocation Fund,SYMBO,DUPLICATE,NULL,Contested: ticker SYMBO maps to 3 series with no clear majority — NULLing
654584,2026-04-17,497K,0001193125-26-159414,PIMCO FUNDS,PIMCO Global Core Asset Allocation Fund,SYM,DUPLICATE,NULL,Contested: ticker SYM maps to 8 series with no clear majority — NULLing
654583,2026-04-17,497K,0001193125-26-159414,PIMCO FUNDS,PIMCO Global Core Asset Allocation Fund,SYMBO,DUPLICATE,NULL,Contested: ticker SYMBO maps to 3 series with no clear majority — NULLing
676668,2026-04-30,485BPOS,0001193125-26-196761,LITMAN GREGORY FUNDS TRUST,iMGP SMALL COMPANY FUND,PFSVX,DUPLICATE,NULL,Contested: ticker PFSVX maps to 2 series with no clear majority — NULLing
677302,2026-04-30,497K,0001193125-26-197031,LITMAN GREGORY FUNDS TRUST,iMGP SMALL COMPANY FUND,PFSVX,DUPLICATE,NULL,Contested: ticker PFSVX maps to 2 series with no clear majority — NULLing
690934,2026-05-05,497J,0001193125-26-206158,LITMAN GREGORY FUNDS TRUST,iMGP SMALL COMPANY FUND,PFSVX,DUPLICATE,NULL,Contested: ticker PFSVX maps to 2 series with no clear majority — NULLing
691036,2026-05-05,485BPOS,0001193125-26-206200,NORTHERN INSTITUTIONAL FUNDS,U.S. GOVERNMENT SELECT PORTFOLIO,NASXX,DUPLICATE,NULL,Contested: ticker NASXX maps to 3 series with no clear majority — NULLing
691037,2026-05-05,485BPOS,0001193125-26-206200,NORTHERN INSTITUTIONAL FUNDS,TREASURY PORTFOLIO,NASXX,DUPLICATE,NULL,Contested: ticker NASXX maps to 3 series with no clear majority — NULLing
691038,2026-05-05,485BPOS,0001193125-26-206200,NORTHERN INSTITUTIONAL FUNDS,Treasury Instruments Portfolio,NASXX,DUPLICATE,NULL,Contested: ticker NASXX maps to 3 series with no clear majority — NULLing
694899,2026-05-11,497,0001193125-26-215155,JANUS INVESTMENT FUND,Janus Henderson International Dividend Fund,HDIVX,DUPLICATE,NULL,Contested: ticker HDIVX maps to 2 series with no clear majority — NULLing
694901,2026-05-11,497,0001193125-26-215155,JANUS INVESTMENT FUND,Janus Henderson International Dividend Fund,HDQVX,DUPLICATE,NULL,Contested: ticker HDQVX maps to 2 series with no clear majority — NULLing
694900,2026-05-11,497,0001193125-26-215155,JANUS INVESTMENT FUND,Janus Henderson International Dividend Fund,HDRVX,DUPLICATE,NULL,Contested: ticker HDRVX maps to 2 series with no clear majority — NULLing
694902,2026-05-11,497,0001193125-26-215155,JANUS INVESTMENT FUND,Janus Henderson International Dividend Fund,HDTVX,DUPLICATE,NULL,Contested: ticker HDTVX maps to 2 series with no clear majority — NULLing
695273,2026-05-12,497K,0001193125-26-217279,AQR Funds,AQR International Multi-Style Fund,CLASS,DUPLICATE,NULL,Contested: ticker CLASS maps to 6 series with no clear majority — NULLing
695274,2026-05-12,497K,0001193125-26-217279,AQR Funds,AQR International Multi-Style Fund,CLASS,DUPLICATE,NULL,Contested: ticker CLASS maps to 6 series with no clear majority — NULLing
695269,2026-05-12,497K,0001193125-26-217280,AQR Funds,AQR Large Cap Defensive Style Fund,CLASS,DUPLICATE,NULL,Contested: ticker CLASS maps to 6 series with no clear majority — NULLing
695271,2026-05-12,497K,0001193125-26-217280,AQR Funds,AQR Large Cap Defensive Style Fund,CLASS,DUPLICATE,NULL,Contested: ticker CLASS maps to 6 series with no clear majority — NULLing
695266,2026-05-12,497K,0001193125-26-217281,AQR Funds,AQR Global Equity Fund,CLASS,DUPLICATE,NULL,Contested: ticker CLASS maps to 6 series with no clear majority — NULLing
695268,2026-05-12,497K,0001193125-26-217281,AQR Funds,AQR Global Equity Fund,CLASS,DUPLICATE,NULL,Contested: ticker CLASS maps to 6 series with no clear majority — NULLing
695263,2026-05-12,497K,0001193125-26-217282,AQR Funds,AQR Small Cap Multi-Style Fund,CLASS,DUPLICATE,NULL,Contested: ticker CLASS maps to 6 series with no clear majority — NULLing
695264,2026-05-12,497K,0001193125-26-217282,AQR Funds,AQR Small Cap Multi-Style Fund,CLASS,DUPLICATE,NULL,Contested: ticker CLASS maps to 6 series with no clear majority — NULLing
695265,2026-05-12,497K,0001193125-26-217282,AQR Funds,AQR Small Cap Multi-Style Fund,CLASS,DUPLICATE,NULL,Contested: ticker CLASS maps to 6 series with no clear majority — NULLing
695261,2026-05-12,497K,0001193125-26-217283,AQR Funds,AQR Emerging Multi-Style II Fund,CLASS,DUPLICATE,NULL,Contested: ticker CLASS maps to 6 series with no clear majority — NULLing
695262,2026-05-12,497K,0001193125-26-217283,AQR Funds,AQR Emerging Multi-Style II Fund,CLASS,DUPLICATE,NULL,Contested: ticker CLASS maps to 6 series with no clear majority — NULLing
695257,2026-05-12,497K,0001193125-26-217284,AQR Funds,AQR Large Cap Multi-Style Fund,CLASS,DUPLICATE,NULL,Contested: ticker CLASS maps to 6 series with no clear majority — NULLing
695258,2026-05-12,497K,0001193125-26-217284,AQR Funds,AQR Large Cap Multi-Style Fund,CLASS,DUPLICATE,NULL,Contested: ticker CLASS maps to 6 series with no clear majority — NULLing
697040,2026-05-15,497,0001193125-26-226471,PIMCO FUNDS,PIMCO GNMA and Government Securities Fund,SY,DUPLICATE,NULL,Contested: ticker SY maps to 5 series with no clear majority — NULLing
697046,2026-05-15,497,0001193125-26-226471,PIMCO FUNDS,PIMCO Investment Grade Credit Bond Fund,SY,DUPLICATE,NULL,Contested: ticker SY maps to 5 series with no clear majority — NULLing
697051,2026-05-15,497,0001193125-26-226471,PIMCO FUNDS,PIMCO Long-Term U.S. Government Fund,SY,DUPLICATE,NULL,Contested: ticker SY maps to 5 series with no clear majority — NULLing
697059,2026-05-15,497,0001193125-26-226471,PIMCO FUNDS,PIMCO Total Return Fund,SY,DUPLICATE,NULL,Contested: ticker SY maps to 5 series with no clear majority — NULLing
697079,2026-05-15,497,0001193125-26-226471,PIMCO FUNDS,PIMCO Dynamic Bond Fund,SY,DUPLICATE,NULL,Contested: ticker SY maps to 5 series with no clear majority — NULLing
697041,2026-05-15,497,0001193125-26-226471,PIMCO FUNDS,PIMCO GNMA and Government Securities Fund,SYM,DUPLICATE,NULL,Contested: ticker SYM maps to 8 series with no clear majority — NULLing
697047,2026-05-15,497,0001193125-26-226471,PIMCO FUNDS,PIMCO Investment Grade Credit Bond Fund,SYM,DUPLICATE,NULL,Contested: ticker SYM maps to 8 series with no clear majority — NULLing
697052,2026-05-15,497,0001193125-26-226471,PIMCO FUNDS,PIMCO Long-Term U.S. Government Fund,SYM,DUPLICATE,NULL,Contested: ticker SYM maps to 8 series with no clear majority — NULLing
697060,2026-05-15,497,0001193125-26-226471,PIMCO FUNDS,PIMCO Total Return Fund,SYM,DUPLICATE,NULL,Contested: ticker SYM maps to 8 series with no clear majority — NULLing
697119,2026-05-15,497,0001193125-26-226475,PIMCO FUNDS,PIMCO Low Duration Income Fund,3KIHV,DUPLICATE,NULL,Contested: ticker 3KIHV maps to 3 series with no clear majority — NULLing
697126,2026-05-15,497,0001193125-26-226475,PIMCO FUNDS,PIMCO High Yield Fund,3KIHV,DUPLICATE,NULL,Contested: ticker 3KIHV maps to 3 series with no clear majority — NULLing
697133,2026-05-15,497,0001193125-26-226475,PIMCO FUNDS,PIMCO Diversified Income Fund,3KIHV,DUPLICATE,NULL,Contested: ticker 3KIHV maps to 3 series with no clear majority — NULLing
697120,2026-05-15,497,0001193125-26-226475,PIMCO FUNDS,PIMCO Low Duration Income Fund,SYM,DUPLICATE,NULL,Contested: ticker SYM maps to 8 series with no clear majority — NULLing
697127,2026-05-15,497,0001193125-26-226475,PIMCO FUNDS,PIMCO High Yield Fund,SYM,DUPLICATE,NULL,Contested: ticker SYM maps to 8 series with no clear majority — NULLing
697134,2026-05-15,497,0001193125-26-226475,PIMCO FUNDS,PIMCO Diversified Income Fund,SYM,DUPLICATE,NULL,Contested: ticker SYM maps to 8 series with no clear majority — NULLing
697184,2026-05-15,497,0001193125-26-226479,PIMCO FUNDS,PIMCO StocksPLUS Fund,TM,DUPLICATE,NULL,Contested: ticker TM maps to 3 series with no clear majority — NULLing
697234,2026-05-15,497,0001193125-26-226483,PIMCO FUNDS,PIMCO International Bond Fund (U.S. Dollar-Hedged),TM,DUPLICATE,NULL,Contested: ticker TM maps to 3 series with no clear majority — NULLing
697277,2026-05-15,497,0001193125-26-226497,PIMCO FUNDS,PIMCO Real Return Fund,TM,DUPLICATE,NULL,Contested: ticker TM maps to 3 series with no clear majority — NULLing
697337,2026-05-15,497,0001193125-26-226508,PIMCO FUNDS,PIMCO Municipal Bond Fund,SYMBO,DUPLICATE,NULL,Contested: ticker SYMBO maps to 3 series with no clear majority — NULLing
697351,2026-05-15,497,0001193125-26-226508,PIMCO FUNDS,PIMCO Short Duration Municipal Income Fund,SYMBO,DUPLICATE,NULL,Contested: ticker SYMBO maps to 3 series with no clear majority — NULLing
699032,2026-05-19,497,0001193125-26-230228,STATE STREET INSTITUTIONAL INVESTMENT TRUST,State Street Federal Treasury Money Market Fund,AFTXX,DUPLICATE,KEEP,Canonical owner of AFTXX (6 of 8 extractions)
699033,2026-05-19,497,0001193125-26-230228,STATE STREET INSTITUTIONAL INVESTMENT TRUST,State Street Federal Treasury Plus Money Market Fund,AFTXX,DUPLICATE,NULL,"Bleed: ticker AFTXX canonically belongs to 'State Street Federal Treasury Money Mark', not this series"
699034,2026-05-19,497,0001193125-26-230228,STATE STREET INSTITUTIONAL INVESTMENT TRUST,State Street Federal Government Money Market Fund,AFTXX,DUPLICATE,NULL,"Bleed: ticker AFTXX canonically belongs to 'State Street Federal Treasury Money Mark', not this series"
704637,2026-05-29,497,0001193125-26-245632,iShares U.S. ETF Trust,iShares GSCI Commodity Dynamic Roll Strategy ETF,CMDY,DUPLICATE,NULL,"Bleed: ticker CMDY canonically belongs to 'iShares Bloomberg Roll Select Commodity ', not this series"
704638,2026-05-29,497,0001193125-26-245632,iShares U.S. ETF Trust,iShares Bloomberg Roll Select Commodity Strategy ETF,CMDY,DUPLICATE,KEEP,Canonical owner of CMDY (61 of 63 extractions)
704639,2026-05-29,497,0001193125-26-245632,iShares U.S. ETF Trust,iShares Strategic Metals ETF,CMDY,DUPLICATE,NULL,"Bleed: ticker CMDY canonically belongs to 'iShares Bloomberg Roll Select Commodity ', not this series"
709454,2026-06-03,497K,0001193125-26-255743,Voya EQUITY TRUST,Voya MI Dynamic SMID Cap Fund,VYMYX,DUPLICATE,NULL,Contested: ticker VYMYX maps to 2 series with no clear majority — NULLing
712683,2026-06-12,497,0001193125-26-269019,TRANSAMERICA FUNDS,Transamerica International Focus,SY,DUPLICATE,NULL,Contested: ticker SY maps to 33 series with no clear majority — NULLing
712688,2026-06-12,497,0001193125-26-269019,TRANSAMERICA FUNDS,Transamerica Capital Growth,SY,DUPLICATE,NULL,Contested: ticker SY maps to 33 series with no clear majority — NULLing
712694,2026-06-12,497,0001193125-26-269019,TRANSAMERICA FUNDS,Transamerica Multi-Managed Balanced,SY,DUPLICATE,NULL,Contested: ticker SY maps to 33 series with no clear majority — NULLing
712700,2026-06-12,497,0001193125-26-269019,TRANSAMERICA FUNDS,Transamerica High Yield Bond,SY,DUPLICATE,NULL,Contested: ticker SY maps to 33 series with no clear majority — NULLing
712708,2026-06-12,497,0001193125-26-269019,TRANSAMERICA FUNDS,Transamerica Bond,SY,DUPLICATE,NULL,Contested: ticker SY maps to 33 series with no clear majority — NULLing
712714,2026-06-12,497,0001193125-26-269019,TRANSAMERICA FUNDS,Transamerica Government Money Market,SY,DUPLICATE,NULL,Contested: ticker SY maps to 33 series with no clear majority — NULLing
712721,2026-06-12,497,0001193125-26-269019,TRANSAMERICA FUNDS,Transamerica Short-Term Bond,SY,DUPLICATE,NULL,Contested: ticker SY maps to 33 series with no clear majority — NULLing
712729,2026-06-12,497,0001193125-26-269019,TRANSAMERICA FUNDS,Transamerica Asset Allocation - Conservative Portfolio,SY,DUPLICATE,NULL,Contested: ticker SY maps to 33 series with no clear majority — NULLing
712734,2026-06-12,497,0001193125-26-269019,TRANSAMERICA FUNDS,Transamerica Small/Mid Cap Value,SY,DUPLICATE,NULL,Contested: ticker SY maps to 33 series with no clear majority — NULLing
712739,2026-06-12,497,0001193125-26-269019,TRANSAMERICA FUNDS,Transamerica Asset Allocation - Growth Portfolio,SY,DUPLICATE,NULL,Contested: ticker SY maps to 33 series with no clear majority — NULLing
712744,2026-06-12,497,0001193125-26-269019,TRANSAMERICA FUNDS,Transamerica Asset Allocation - Moderate Growth Portfolio,SY,DUPLICATE,NULL,Contested: ticker SY maps to 33 series with no clear majority — NULLing
712749,2026-06-12,497,0001193125-26-269019,TRANSAMERICA FUNDS,Transamerica Asset Allocation - Moderate Portfolio,SY,DUPLICATE,NULL,Contested: ticker SY maps to 33 series with no clear majority — NULLing
712754,2026-06-12,497,0001193125-26-269019,TRANSAMERICA FUNDS,Transamerica US Growth,SY,DUPLICATE,NULL,Contested: ticker SY maps to 33 series with no clear majority — NULLing
712758,2026-06-12,497,0001193125-26-269019,TRANSAMERICA FUNDS,Transamerica Large Cap Value,SY,DUPLICATE,NULL,Contested: ticker SY maps to 33 series with no clear majority — NULLing
712763,2026-06-12,497,0001193125-26-269019,TRANSAMERICA FUNDS,Transamerica International Equity,SY,DUPLICATE,NULL,Contested: ticker SY maps to 33 series with no clear majority — NULLing
712771,2026-06-12,497,0001193125-26-269019,TRANSAMERICA FUNDS,Transamerica Emerging Markets Debt,SY,DUPLICATE,NULL,Contested: ticker SY maps to 33 series with no clear majority — NULLing
712775,2026-06-12,497,0001193125-26-269019,TRANSAMERICA FUNDS,Transamerica Small Cap Value,SY,DUPLICATE,NULL,Contested: ticker SY maps to 33 series with no clear majority — NULLing
712784,2026-06-12,497,0001193125-26-269019,TRANSAMERICA FUNDS,Transamerica Small Cap Growth,SY,DUPLICATE,NULL,Contested: ticker SY maps to 33 series with no clear majority — NULLing
712792,2026-06-12,497,0001193125-26-269019,TRANSAMERICA FUNDS,Transamerica Intermediate Muni,SY,DUPLICATE,NULL,Contested: ticker SY maps to 33 series with no clear majority — NULLing
712796,2026-06-12,497,0001193125-26-269019,TRANSAMERICA FUNDS,Transamerica Sustainable Equity Income,SY,DUPLICATE,NULL,Contested: ticker SY maps to 33 series with no clear majority — NULLing
712799,2026-06-12,497,0001193125-26-269019,TRANSAMERICA FUNDS,Transamerica International Small Cap Value,SY,DUPLICATE,NULL,Contested: ticker SY maps to 33 series with no clear majority — NULLing
712804,2026-06-12,497,0001193125-26-269019,TRANSAMERICA FUNDS,Transamerica Energy Infrastructure,SY,DUPLICATE,NULL,Contested: ticker SY maps to 33 series with no clear majority — NULLing
712808,2026-06-12,497,0001193125-26-269019,TRANSAMERICA FUNDS,Transamerica High Yield Muni,SY,DUPLICATE,NULL,Contested: ticker SY maps to 33 series with no clear majority — NULLing
712812,2026-06-12,497,0001193125-26-269019,TRANSAMERICA FUNDS,Transamerica Floating Rate,SY,DUPLICATE,NULL,Contested: ticker SY maps to 33 series with no clear majority — NULLing
712816,2026-06-12,497,0001193125-26-269019,TRANSAMERICA FUNDS,Transamerica Mid Cap Growth,SY,DUPLICATE,NULL,Contested: ticker SY maps to 33 series with no clear majority — NULLing
712823,2026-06-12,497,0001193125-26-269019,TRANSAMERICA FUNDS,Transamerica Inflation Opportunities,SY,DUPLICATE,NULL,Contested: ticker SY maps to 33 series with no clear majority — NULLing
712835,2026-06-12,497,0001193125-26-269019,TRANSAMERICA FUNDS,Transamerica Core Bond (formerly Transamerica Intermediate Bond),SY,DUPLICATE,NULL,Contested: ticker SY maps to 33 series with no clear majority — NULLing
712840,2026-06-12,497,0001193125-26-269019,TRANSAMERICA FUNDS,Transamerica Multi-Asset Income,SY,DUPLICATE,NULL,Contested: ticker SY maps to 33 series with no clear majority — NULLing
712844,2026-06-12,497,0001193125-26-269019,TRANSAMERICA FUNDS,Transamerica Mid Cap Value Opportunities,SY,DUPLICATE,NULL,Contested: ticker SY maps to 33 series with no clear majority — NULLing
712851,2026-06-12,497,0001193125-26-269019,TRANSAMERICA FUNDS,Transamerica Strategic Income,SY,DUPLICATE,NULL,Contested: ticker SY maps to 33 series with no clear majority — NULLing
712886,2026-06-12,497,0001193125-26-269019,TRANSAMERICA FUNDS,"Transamerica Emerging Markets Equity (formerly, Transamerica Emerging Markets Opportunities)",SY,DUPLICATE,NULL,Contested: ticker SY maps to 33 series with no clear majority — NULLing
712890,2026-06-12,497,0001193125-26-269019,TRANSAMERICA FUNDS,Transamerica Long Credit,SY,DUPLICATE,NULL,Contested: ticker SY maps to 33 series with no clear majority — NULLing
712894,2026-06-12,497,0001193125-26-269019,TRANSAMERICA FUNDS,Transamerica UltraShort Bond,SY,DUPLICATE,NULL,Contested: ticker SY maps to 33 series with no clear majority — NULLing
713125,2026-06-12,497,0001193125-26-269181,SSGA Active Trust,State Street(R) SPDR(R) Bloomberg Enhanced Roll Yield Commodity Strategy No K-1 ETF,CERY,DUPLICATE,NULL,Contested: ticker CERY maps to 2 series with no clear majority — NULLing
713182,2026-06-12,497,0001193125-26-269181,SSGA Active Trust,State Street(R) IG Public & Private Credit ETF,PRIV,DUPLICATE,NULL,Contested: ticker PRIV maps to 3 series with no clear majority — NULLing
713123,2026-06-12,497,0001193125-26-269181,SSGA Active Trust,State Street(R) SPDR(R) Portfolio S&P Sector Neutral Dividend ETF,SPDG,DUPLICATE,NULL,Contested: ticker SPDG maps to 2 series with no clear majority — NULLing
713124,2026-06-12,497,0001193125-26-269181,SSGA Active Trust,State Street(R) SPDR(R) Portfolio Treasury ETF,SPTB,DUPLICATE,NULL,Contested: ticker SPTB maps to 2 series with no clear majority — NULLing
713150,2026-06-12,497,0001193125-26-269181,SSGA Active Trust,State Street(R) SPDR(R) S&P Emerging Markets ex-China ETF,XCNY,DUPLICATE,NULL,Contested: ticker XCNY maps to 2 series with no clear majority — NULLing
727129,2026-07-01,497,0001193125-26-292788,JANUS INVESTMENT FUND,Janus Henderson International Dividend Fund,HDIVX,DUPLICATE,NULL,Contested: ticker HDIVX maps to 2 series with no clear majority — NULLing
727131,2026-07-01,497,0001193125-26-292788,JANUS INVESTMENT FUND,Janus Henderson International Dividend Fund,HDQVX,DUPLICATE,NULL,Contested: ticker HDQVX maps to 2 series with no clear majority — NULLing
727130,2026-07-01,497,0001193125-26-292788,JANUS INVESTMENT FUND,Janus Henderson International Dividend Fund,HDRVX,DUPLICATE,NULL,Contested: ticker HDRVX maps to 2 series with no clear majority — NULLing
727132,2026-07-01,497,0001193125-26-292788,JANUS INVESTMENT FUND,Janus Henderson International Dividend Fund,HDTVX,DUPLICATE,NULL,Contested: ticker HDTVX maps to 2 series with no clear majority — NULLing
727684,2026-07-02,497,0001193125-26-293181,iShares U.S. ETF Trust,iShares Paris-Aligned Climate Optimized MSCI World ex USA ETF,PABD,DUPLICATE,NULL,Contested: ticker PABD maps to 2 series with no clear majority — NULLing
727631,2026-07-02,497,0001193125-26-293181,iShares U.S. ETF Trust,iShares USD Systematic Bond ETF,USBF,DUPLICATE,NULL,Contested: ticker USBF maps to 2 series with no clear majority — NULLing
728719,2026-07-02,497,0001193125-26-294655,iShares U.S. ETF Trust,iShares Paris-Aligned Climate Optimized MSCI World ex USA ETF,PABD,DUPLICATE,NULL,Contested: ticker PABD maps to 2 series with no clear majority — NULLing
728666,2026-07-02,497,0001193125-26-294655,iShares U.S. ETF Trust,iShares USD Systematic Bond ETF,USBF,DUPLICATE,NULL,Contested: ticker USBF maps to 2 series with no clear majority — NULLing
364644,2023-03-01,497K,0001206774-23-000288,DELAWARE GROUP ADVISER FUNDS,DELAWARE DIVERSIFIED INCOME FUND,DPCFX,DUPLICATE,NULL,Contested: ticker DPCFX maps to 3 series with no clear majority — NULLing
364643,2023-03-01,497K,0001206774-23-000288,DELAWARE GROUP ADVISER FUNDS,DELAWARE DIVERSIFIED INCOME FUND,DPDFX,DUPLICATE,NULL,Contested: ticker DPDFX maps to 3 series with no clear majority — NULLing
364645,2023-03-01,497K,0001206774-23-000288,DELAWARE GROUP ADVISER FUNDS,DELAWARE DIVERSIFIED INCOME FUND,DPRFX,DUPLICATE,NULL,Contested: ticker DPRFX maps to 3 series with no clear majority — NULLing
456268,2023-07-31,497K,0001206774-23-000862,IVY FUNDS,Delaware Ivy Asset Strategy Fund,IVAEX,DUPLICATE,NULL,Contested: ticker IVAEX maps to 3 series with no clear majority — NULLing
456264,2023-07-31,497K,0001206774-23-000863,IVY FUNDS,Delaware Ivy Balanced Fund,IBARX,DUPLICATE,NULL,Contested: ticker IBARX maps to 3 series with no clear majority — NULLing
456259,2023-07-31,497K,0001206774-23-000863,IVY FUNDS,Delaware Ivy Balanced Fund,IBNAX,DUPLICATE,NULL,Contested: ticker IBNAX maps to 3 series with no clear majority — NULLing
456260,2023-07-31,497K,0001206774-23-000863,IVY FUNDS,Delaware Ivy Balanced Fund,IBNCX,DUPLICATE,NULL,Contested: ticker IBNCX maps to 3 series with no clear majority — NULLing
456262,2023-07-31,497K,0001206774-23-000863,IVY FUNDS,Delaware Ivy Balanced Fund,IBNYX,DUPLICATE,NULL,Contested: ticker IBNYX maps to 3 series with no clear majority — NULLing
456214,2023-08-01,497K,0001206774-23-000871,IVY FUNDS,Delaware Ivy Smid Cap Core Fund,IVVIX,DUPLICATE,NULL,Contested: ticker IVVIX maps to 3 series with no clear majority — NULLing
456212,2023-08-01,497K,0001206774-23-000871,IVY FUNDS,Delaware Ivy Smid Cap Core Fund,IYSAX,DUPLICATE,NULL,Contested: ticker IYSAX maps to 3 series with no clear majority — NULLing
456213,2023-08-01,497K,0001206774-23-000871,IVY FUNDS,Delaware Ivy Smid Cap Core Fund,IYSCX,DUPLICATE,NULL,Contested: ticker IYSCX maps to 3 series with no clear majority — NULLing
456215,2023-08-01,497K,0001206774-23-000871,IVY FUNDS,Delaware Ivy Smid Cap Core Fund,IYSMX,DUPLICATE,NULL,Contested: ticker IYSMX maps to 3 series with no clear majority — NULLing
456211,2023-08-01,497K,0001206774-23-000871,IVY FUNDS,Delaware Ivy Smid Cap Core Fund,IYSYX,DUPLICATE,NULL,Contested: ticker IYSYX maps to 3 series with no clear majority — NULLing
455867,2023-08-03,497,0001206774-23-000910,IVY FUNDS,Delaware Ivy Balanced Fund,IBARX,DUPLICATE,NULL,Contested: ticker IBARX maps to 3 series with no clear majority — NULLing
455862,2023-08-03,497,0001206774-23-000910,IVY FUNDS,Delaware Ivy Balanced Fund,IBNAX,DUPLICATE,NULL,Contested: ticker IBNAX maps to 3 series with no clear majority — NULLing
455863,2023-08-03,497,0001206774-23-000910,IVY FUNDS,Delaware Ivy Balanced Fund,IBNCX,DUPLICATE,NULL,Contested: ticker IBNCX maps to 3 series with no clear majority — NULLing
455865,2023-08-03,497,0001206774-23-000910,IVY FUNDS,Delaware Ivy Balanced Fund,IBNYX,DUPLICATE,NULL,Contested: ticker IBNYX maps to 3 series with no clear majority — NULLing
455807,2023-08-03,497,0001206774-23-000910,IVY FUNDS,Delaware Ivy Asset Strategy Fund,IVAEX,DUPLICATE,NULL,Contested: ticker IVAEX maps to 3 series with no clear majority — NULLing
455895,2023-08-03,497,0001206774-23-000910,IVY FUNDS,Delaware Ivy Smid Cap Core Fund,IVVIX,DUPLICATE,NULL,Contested: ticker IVVIX maps to 3 series with no clear majority — NULLing
455893,2023-08-03,497,0001206774-23-000910,IVY FUNDS,Delaware Ivy Smid Cap Core Fund,IYSAX,DUPLICATE,NULL,Contested: ticker IYSAX maps to 3 series with no clear majority — NULLing
455894,2023-08-03,497,0001206774-23-000910,IVY FUNDS,Delaware Ivy Smid Cap Core Fund,IYSCX,DUPLICATE,NULL,Contested: ticker IYSCX maps to 3 series with no clear majority — NULLing
455896,2023-08-03,497,0001206774-23-000910,IVY FUNDS,Delaware Ivy Smid Cap Core Fund,IYSMX,DUPLICATE,NULL,Contested: ticker IYSMX maps to 3 series with no clear majority — NULLing
455892,2023-08-03,497,0001206774-23-000910,IVY FUNDS,Delaware Ivy Smid Cap Core Fund,IYSYX,DUPLICATE,NULL,Contested: ticker IYSYX maps to 3 series with no clear majority — NULLing
366797,2023-11-30,497K,0001206774-23-001284,DELAWARE GROUP GOVERNMENT FUND,Delaware Strategic Income Fund,DUGCX,DUPLICATE,NULL,Contested: ticker DUGCX maps to 3 series with no clear majority — NULLing
363723,2024-02-27,497K,0001206774-24-000182,DELAWARE GROUP ADVISER FUNDS,DELAWARE DIVERSIFIED INCOME FUND,DPCFX,DUPLICATE,NULL,Contested: ticker DPCFX maps to 3 series with no clear majority — NULLing
363722,2024-02-27,497K,0001206774-24-000182,DELAWARE GROUP ADVISER FUNDS,DELAWARE DIVERSIFIED INCOME FUND,DPDFX,DUPLICATE,NULL,Contested: ticker DPDFX maps to 3 series with no clear majority — NULLing
363724,2024-02-27,497K,0001206774-24-000182,DELAWARE GROUP ADVISER FUNDS,DELAWARE DIVERSIFIED INCOME FUND,DPRFX,DUPLICATE,NULL,Contested: ticker DPRFX maps to 3 series with no clear majority — NULLing
363371,2024-07-26,497,0001206774-24-000689,DELAWARE GROUP ADVISER FUNDS,DELAWARE DIVERSIFIED INCOME FUND,DPCFX,DUPLICATE,NULL,Contested: ticker DPCFX maps to 3 series with no clear majority — NULLing
363370,2024-07-26,497,0001206774-24-000689,DELAWARE GROUP ADVISER FUNDS,DELAWARE DIVERSIFIED INCOME FUND,DPDFX,DUPLICATE,NULL,Contested: ticker DPDFX maps to 3 series with no clear majority — NULLing
363372,2024-07-26,497,0001206774-24-000689,DELAWARE GROUP ADVISER FUNDS,DELAWARE DIVERSIFIED INCOME FUND,DPRFX,DUPLICATE,NULL,Contested: ticker DPRFX maps to 3 series with no clear majority — NULLing
455079,2024-07-31,497K,0001206774-24-000722,IVY FUNDS,Delaware Ivy Asset Strategy Fund,IVAEX,DUPLICATE,NULL,Contested: ticker IVAEX maps to 3 series with no clear majority — NULLing
455075,2024-07-31,497K,0001206774-24-000723,IVY FUNDS,Delaware Ivy Balanced Fund,IBARX,DUPLICATE,NULL,Contested: ticker IBARX maps to 3 series with no clear majority — NULLing
455070,2024-07-31,497K,0001206774-24-000723,IVY FUNDS,Delaware Ivy Balanced Fund,IBNAX,DUPLICATE,NULL,Contested: ticker IBNAX maps to 3 series with no clear majority — NULLing
455071,2024-07-31,497K,0001206774-24-000723,IVY FUNDS,Delaware Ivy Balanced Fund,IBNCX,DUPLICATE,NULL,Contested: ticker IBNCX maps to 3 series with no clear majority — NULLing
455073,2024-07-31,497K,0001206774-24-000723,IVY FUNDS,Delaware Ivy Balanced Fund,IBNYX,DUPLICATE,NULL,Contested: ticker IBNYX maps to 3 series with no clear majority — NULLing
455013,2024-07-31,497K,0001206774-24-000733,IVY FUNDS,Delaware Ivy Smid Cap Core Fund,IVVIX,DUPLICATE,NULL,Contested: ticker IVVIX maps to 3 series with no clear majority — NULLing
455011,2024-07-31,497K,0001206774-24-000733,IVY FUNDS,Delaware Ivy Smid Cap Core Fund,IYSAX,DUPLICATE,NULL,Contested: ticker IYSAX maps to 3 series with no clear majority — NULLing
455012,2024-07-31,497K,0001206774-24-000733,IVY FUNDS,Delaware Ivy Smid Cap Core Fund,IYSCX,DUPLICATE,NULL,Contested: ticker IYSCX maps to 3 series with no clear majority — NULLing
455014,2024-07-31,497K,0001206774-24-000733,IVY FUNDS,Delaware Ivy Smid Cap Core Fund,IYSMX,DUPLICATE,NULL,Contested: ticker IYSMX maps to 3 series with no clear majority — NULLing
455010,2024-07-31,497K,0001206774-24-000733,IVY FUNDS,Delaware Ivy Smid Cap Core Fund,IYSYX,DUPLICATE,NULL,Contested: ticker IYSYX maps to 3 series with no clear majority — NULLing
454847,2024-08-02,497,0001206774-24-000752,IVY FUNDS,Delaware Ivy Balanced Fund,IBARX,DUPLICATE,NULL,Contested: ticker IBARX maps to 3 series with no clear majority — NULLing
454842,2024-08-02,497,0001206774-24-000752,IVY FUNDS,Delaware Ivy Balanced Fund,IBNAX,DUPLICATE,NULL,Contested: ticker IBNAX maps to 3 series with no clear majority — NULLing
454843,2024-08-02,497,0001206774-24-000752,IVY FUNDS,Delaware Ivy Balanced Fund,IBNCX,DUPLICATE,NULL,Contested: ticker IBNCX maps to 3 series with no clear majority — NULLing
454845,2024-08-02,497,0001206774-24-000752,IVY FUNDS,Delaware Ivy Balanced Fund,IBNYX,DUPLICATE,NULL,Contested: ticker IBNYX maps to 3 series with no clear majority — NULLing
454803,2024-08-02,497,0001206774-24-000752,IVY FUNDS,Delaware Ivy Asset Strategy Fund,IVAEX,DUPLICATE,NULL,Contested: ticker IVAEX maps to 3 series with no clear majority — NULLing
454863,2024-08-02,497,0001206774-24-000752,IVY FUNDS,Delaware Ivy Smid Cap Core Fund,IVVIX,DUPLICATE,NULL,Contested: ticker IVVIX maps to 3 series with no clear majority — NULLing
454861,2024-08-02,497,0001206774-24-000752,IVY FUNDS,Delaware Ivy Smid Cap Core Fund,IYSAX,DUPLICATE,NULL,Contested: ticker IYSAX maps to 3 series with no clear majority — NULLing
454862,2024-08-02,497,0001206774-24-000752,IVY FUNDS,Delaware Ivy Smid Cap Core Fund,IYSCX,DUPLICATE,NULL,Contested: ticker IYSCX maps to 3 series with no clear majority — NULLing
454864,2024-08-02,497,0001206774-24-000752,IVY FUNDS,Delaware Ivy Smid Cap Core Fund,IYSMX,DUPLICATE,NULL,Contested: ticker IYSMX maps to 3 series with no clear majority — NULLing
454860,2024-08-02,497,0001206774-24-000752,IVY FUNDS,Delaware Ivy Smid Cap Core Fund,IYSYX,DUPLICATE,NULL,Contested: ticker IYSYX maps to 3 series with no clear majority — NULLing
366759,2024-11-29,497K,0001206774-24-001017,DELAWARE GROUP GOVERNMENT FUND,Delaware Strategic Income Fund,DUGCX,DUPLICATE,NULL,Contested: ticker DUGCX maps to 3 series with no clear majority — NULLing
362415,2025-02-27,497K,0001206774-25-000083,DELAWARE GROUP ADVISER FUNDS,Macquarie Diversified Income Fund,DPCFX,DUPLICATE,NULL,Contested: ticker DPCFX maps to 3 series with no clear majority — NULLing
362414,2025-02-27,497K,0001206774-25-000083,DELAWARE GROUP ADVISER FUNDS,Macquarie Diversified Income Fund,DPDFX,DUPLICATE,NULL,Contested: ticker DPDFX maps to 3 series with no clear majority — NULLing
362416,2025-02-27,497K,0001206774-25-000083,DELAWARE GROUP ADVISER FUNDS,Macquarie Diversified Income Fund,DPRFX,DUPLICATE,NULL,Contested: ticker DPRFX maps to 3 series with no clear majority — NULLing
454292,2025-07-31,497K,0001206774-25-000518,IVY FUNDS,Macquarie Asset Strategy Fund,IVAEX,DUPLICATE,NULL,Contested: ticker IVAEX maps to 3 series with no clear majority — NULLing
454288,2025-07-31,497K,0001206774-25-000520,IVY FUNDS,Macquarie Balanced Fund,IBARX,DUPLICATE,NULL,Contested: ticker IBARX maps to 3 series with no clear majority — NULLing
454283,2025-07-31,497K,0001206774-25-000520,IVY FUNDS,Macquarie Balanced Fund,IBNAX,DUPLICATE,NULL,Contested: ticker IBNAX maps to 3 series with no clear majority — NULLing
454284,2025-07-31,497K,0001206774-25-000520,IVY FUNDS,Macquarie Balanced Fund,IBNCX,DUPLICATE,NULL,Contested: ticker IBNCX maps to 3 series with no clear majority — NULLing
454286,2025-07-31,497K,0001206774-25-000520,IVY FUNDS,Macquarie Balanced Fund,IBNYX,DUPLICATE,NULL,Contested: ticker IBNYX maps to 3 series with no clear majority — NULLing
454226,2025-07-31,497K,0001206774-25-000530,IVY FUNDS,Macquarie Smid Cap Core Fund,IVVIX,DUPLICATE,NULL,Contested: ticker IVVIX maps to 3 series with no clear majority — NULLing
454224,2025-07-31,497K,0001206774-25-000530,IVY FUNDS,Macquarie Smid Cap Core Fund,IYSAX,DUPLICATE,NULL,Contested: ticker IYSAX maps to 3 series with no clear majority — NULLing
454225,2025-07-31,497K,0001206774-25-000530,IVY FUNDS,Macquarie Smid Cap Core Fund,IYSCX,DUPLICATE,NULL,Contested: ticker IYSCX maps to 3 series with no clear majority — NULLing
454227,2025-07-31,497K,0001206774-25-000530,IVY FUNDS,Macquarie Smid Cap Core Fund,IYSMX,DUPLICATE,NULL,Contested: ticker IYSMX maps to 3 series with no clear majority — NULLing
454223,2025-07-31,497K,0001206774-25-000530,IVY FUNDS,Macquarie Smid Cap Core Fund,IYSYX,DUPLICATE,NULL,Contested: ticker IYSYX maps to 3 series with no clear majority — NULLing
30902,2025-07-08,485APOS,0001213900-25-062119,Investment Managers Series Trust II,Tradr 2X Long ISRG Daily ETF,GEVX,DUPLICATE,NULL,Contested: ticker GEVX maps to 2 series with no clear majority — NULLing
30892,2025-07-11,497,0001213900-25-063196,Investment Managers Series Trust II,Tradr 2X Long ISRG Daily ETF,GEVX,DUPLICATE,NULL,Contested: ticker GEVX maps to 2 series with no clear majority — NULLing
30881,2025-07-15,497K,0001213900-25-063815,Investment Managers Series Trust II,Tradr 2X Long GEV Daily ETF,GEVX,DUPLICATE,NULL,Contested: ticker GEVX maps to 2 series with no clear majority — NULLing
662069,2026-04-24,485BPOS,0001213900-26-047493,Investment Managers Series Trust III,Mast HedgeIndex Adaptive Equities ETF,HXF,DUPLICATE,NULL,Contested: ticker HXF maps to 2 series with no clear majority — NULLing
688721,2026-05-05,485BPOS,0001213900-26-051745,Volatility Shares Trust,2x Avalanche ETF,AVAZ,DUPLICATE,KEEP,Canonical owner of AVAZ (3 of 4 extractions)
688723,2026-05-05,485BPOS,0001213900-26-051745,Volatility Shares Trust,Avalanche ETF,AVAZ,DUPLICATE,NULL,"Bleed: ticker AVAZ canonically belongs to '2x Avalanche ETF', not this series"
688722,2026-05-05,485BPOS,0001213900-26-051745,Volatility Shares Trust,2x Sui ETF,SUIL,DUPLICATE,KEEP,Canonical owner of SUIL (3 of 4 extractions)
688724,2026-05-05,485BPOS,0001213900-26-051745,Volatility Shares Trust,Sui ETF,SUIL,DUPLICATE,NULL,"Bleed: ticker SUIL canonically belongs to '2x Sui ETF', not this series"
690285,2026-05-05,497,0001213900-26-052041,Investment Managers Series Trust,Robinson Tax Advantaged Income Fund,BRLAX,DUPLICATE,NULL,Contested: ticker BRLAX maps to 4 series with no clear majority — NULLing
690288,2026-05-05,497,0001213900-26-052041,Investment Managers Series Trust,Bramshill Multi-Strategy Income Fund,BRLAX,DUPLICATE,NULL,Contested: ticker BRLAX maps to 4 series with no clear majority — NULLing
690291,2026-05-05,497,0001213900-26-052041,Investment Managers Series Trust,Robinson Opportunistic Income Fund,BRLAX,DUPLICATE,NULL,Contested: ticker BRLAX maps to 4 series with no clear majority — NULLing
690295,2026-05-05,497,0001213900-26-052041,Investment Managers Series Trust,Gramercy Emerging Markets Debt Fund,BRLAX,DUPLICATE,NULL,Contested: ticker BRLAX maps to 4 series with no clear majority — NULLing
690286,2026-05-05,497,0001213900-26-052041,Investment Managers Series Trust,Robinson Tax Advantaged Income Fund,BRLCX,DUPLICATE,NULL,Contested: ticker BRLCX maps to 4 series with no clear majority — NULLing
690289,2026-05-05,497,0001213900-26-052041,Investment Managers Series Trust,Bramshill Multi-Strategy Income Fund,BRLCX,DUPLICATE,NULL,Contested: ticker BRLCX maps to 4 series with no clear majority — NULLing
690292,2026-05-05,497,0001213900-26-052041,Investment Managers Series Trust,Robinson Opportunistic Income Fund,BRLCX,DUPLICATE,NULL,Contested: ticker BRLCX maps to 4 series with no clear majority — NULLing
690296,2026-05-05,497,0001213900-26-052041,Investment Managers Series Trust,Gramercy Emerging Markets Debt Fund,BRLCX,DUPLICATE,NULL,Contested: ticker BRLCX maps to 4 series with no clear majority — NULLing
690287,2026-05-05,497,0001213900-26-052041,Investment Managers Series Trust,Robinson Tax Advantaged Income Fund,BRLMX,DUPLICATE,NULL,Contested: ticker BRLMX maps to 4 series with no clear majority — NULLing
690290,2026-05-05,497,0001213900-26-052041,Investment Managers Series Trust,Bramshill Multi-Strategy Income Fund,BRLMX,DUPLICATE,NULL,Contested: ticker BRLMX maps to 4 series with no clear majority — NULLing
690293,2026-05-05,497,0001213900-26-052041,Investment Managers Series Trust,Robinson Opportunistic Income Fund,BRLMX,DUPLICATE,NULL,Contested: ticker BRLMX maps to 4 series with no clear majority — NULLing
690294,2026-05-05,497,0001213900-26-052041,Investment Managers Series Trust,Gramercy Emerging Markets Debt Fund,BRLMX,DUPLICATE,NULL,Contested: ticker BRLMX maps to 4 series with no clear majority — NULLing
697830,2026-05-15,497,0001213900-26-057923,Investment Managers Series Trust II,Tradr 2X Long GEV Daily ETF,GEVX,DUPLICATE,NULL,Contested: ticker GEVX maps to 2 series with no clear majority — NULLing
715107,2026-06-17,485APOS,0001213900-26-069709,Investment Managers Series Trust III,Mast HedgeIndex Strategic Commodities ETF,HXF,DUPLICATE,NULL,Contested: ticker HXF maps to 2 series with no clear majority — NULLing
720627,2023-08-04,485APOS,0001387131-23-009335,Valkyrie ETF Trust II,Valkyrie Bitcoin Strategy ETF,BTF,DUPLICATE,NULL,Contested: ticker BTF maps to 2 series with no clear majority — NULLing
190951,2022-11-03,497,0001398344-22-021320,Timothy Plan,Timothy Plan Aggressive Growth Fund,TIAGX,DUPLICATE,NULL,Contested: ticker TIAGX maps to 3 series with no clear majority — NULLing
190950,2022-11-03,497,0001398344-22-021320,Timothy Plan,Timothy Plan Fixed Income Fund,TPFIX,DUPLICATE,NULL,Contested: ticker TPFIX maps to 2 series with no clear majority — NULLing
190948,2022-11-03,497,0001398344-22-021320,Timothy Plan,Timothy Plan Small Cap Value Fund,TPVIX,DUPLICATE,NULL,Contested: ticker TPVIX maps to 2 series with no clear majority — NULLing
190907,2023-01-31,485BPOS,0001398344-23-001368,Timothy Plan,Timothy Plan Aggressive Growth Fund,TIAGX,DUPLICATE,NULL,Contested: ticker TIAGX maps to 3 series with no clear majority — NULLing
190906,2023-01-31,485BPOS,0001398344-23-001368,Timothy Plan,Timothy Plan Fixed Income Fund,TPFIX,DUPLICATE,NULL,Contested: ticker TPFIX maps to 2 series with no clear majority — NULLing
190904,2023-01-31,485BPOS,0001398344-23-001368,Timothy Plan,Timothy Plan Small Cap Value Fund,TPVIX,DUPLICATE,NULL,Contested: ticker TPVIX maps to 2 series with no clear majority — NULLing
190897,2023-01-31,497,0001398344-23-001575,Timothy Plan,Timothy Plan Aggressive Growth Fund,TIAGX,DUPLICATE,NULL,Contested: ticker TIAGX maps to 3 series with no clear majority — NULLing
190896,2023-01-31,497,0001398344-23-001575,Timothy Plan,Timothy Plan Fixed Income Fund,TPFIX,DUPLICATE,NULL,Contested: ticker TPFIX maps to 2 series with no clear majority — NULLing
190894,2023-01-31,497,0001398344-23-001575,Timothy Plan,Timothy Plan Small Cap Value Fund,TPVIX,DUPLICATE,NULL,Contested: ticker TPVIX maps to 2 series with no clear majority — NULLing
190819,2023-02-13,497K,0001398344-23-002840,Timothy Plan,Timothy Plan Small Cap Value Fund,TPVIX,DUPLICATE,NULL,Contested: ticker TPVIX maps to 2 series with no clear majority — NULLing
190815,2023-02-13,497K,0001398344-23-002851,Timothy Plan,Timothy Plan Aggressive Growth Fund,TIAGX,DUPLICATE,NULL,Contested: ticker TIAGX maps to 3 series with no clear majority — NULLing
190810,2023-02-13,497K,0001398344-23-002939,Timothy Plan,Timothy Plan Fixed Income Fund,TPFIX,DUPLICATE,NULL,Contested: ticker TPFIX maps to 2 series with no clear majority — NULLing
190803,2023-02-17,497,0001398344-23-003621,Timothy Plan,Timothy Plan Aggressive Growth Fund,TIAGX,DUPLICATE,NULL,Contested: ticker TIAGX maps to 3 series with no clear majority — NULLing
190802,2023-02-17,497,0001398344-23-003621,Timothy Plan,Timothy Plan Fixed Income Fund,TPFIX,DUPLICATE,NULL,Contested: ticker TPFIX maps to 2 series with no clear majority — NULLing
190800,2023-02-17,497,0001398344-23-003621,Timothy Plan,Timothy Plan Small Cap Value Fund,TPVIX,DUPLICATE,NULL,Contested: ticker TPVIX maps to 2 series with no clear majority — NULLing
190740,2023-02-24,497K,0001398344-23-004120,Timothy Plan,Timothy Plan Aggressive Growth Fund,TIAGX,DUPLICATE,NULL,Contested: ticker TIAGX maps to 3 series with no clear majority — NULLing
190736,2023-02-24,497K,0001398344-23-004141,Timothy Plan,Timothy Plan Fixed Income Fund,TPFIX,DUPLICATE,NULL,Contested: ticker TPFIX maps to 2 series with no clear majority — NULLing
190735,2023-02-24,497K,0001398344-23-004142,Timothy Plan,Timothy Plan Small Cap Value Fund,TPVIX,DUPLICATE,NULL,Contested: ticker TPVIX maps to 2 series with no clear majority — NULLing
190683,2023-12-01,485APOS,0001398344-23-022066,Timothy Plan,Timothy Plan Aggressive Growth Fund,TIAGX,DUPLICATE,NULL,Contested: ticker TIAGX maps to 3 series with no clear majority — NULLing
190650,2024-01-29,485BPOS,0001398344-24-001296,Timothy Plan,Timothy Plan Aggressive Growth Fund,TIAGX,DUPLICATE,NULL,Contested: ticker TIAGX maps to 3 series with no clear majority — NULLing
190649,2024-01-29,485BPOS,0001398344-24-001296,Timothy Plan,Timothy Plan Fixed Income Fund,TPFIX,DUPLICATE,NULL,Contested: ticker TPFIX maps to 2 series with no clear majority — NULLing
190647,2024-01-29,485BPOS,0001398344-24-001296,Timothy Plan,Timothy Plan Small Cap Value Fund,TPVIX,DUPLICATE,NULL,Contested: ticker TPVIX maps to 2 series with no clear majority — NULLing
190614,2024-02-02,497J,0001398344-24-001878,Timothy Plan,Timothy Plan Aggressive Growth Fund,TIAGX,DUPLICATE,NULL,Contested: ticker TIAGX maps to 3 series with no clear majority — NULLing
190613,2024-02-02,497J,0001398344-24-001878,Timothy Plan,Timothy Plan Fixed Income Fund,TPFIX,DUPLICATE,NULL,Contested: ticker TPFIX maps to 2 series with no clear majority — NULLing
190611,2024-02-02,497J,0001398344-24-001878,Timothy Plan,Timothy Plan Small Cap Value Fund,TPVIX,DUPLICATE,NULL,Contested: ticker TPVIX maps to 2 series with no clear majority — NULLing
190590,2024-02-05,497K,0001398344-24-002015,Timothy Plan,Timothy Plan Small Cap Value Fund,TPVIX,DUPLICATE,NULL,Contested: ticker TPVIX maps to 2 series with no clear majority — NULLing
190584,2024-02-05,497K,0001398344-24-002022,Timothy Plan,Timothy Plan Small/Mid Cap Growth Fund,TIAGX,DUPLICATE,NULL,Contested: ticker TIAGX maps to 3 series with no clear majority — NULLing
190581,2024-02-05,497K,0001398344-24-002030,Timothy Plan,Timothy Plan Fixed Income Fund,TPFIX,DUPLICATE,NULL,Contested: ticker TPFIX maps to 2 series with no clear majority — NULLing
190566,2024-02-23,497,0001398344-24-003810,Timothy Plan,Timothy Plan Small/Mid Cap Growth Fund,TIAGX,DUPLICATE,NULL,Contested: ticker TIAGX maps to 3 series with no clear majority — NULLing
190565,2024-02-23,497,0001398344-24-003810,Timothy Plan,Timothy Plan Fixed Income Fund,TPFIX,DUPLICATE,NULL,Contested: ticker TPFIX maps to 2 series with no clear majority — NULLing
190563,2024-02-23,497,0001398344-24-003810,Timothy Plan,Timothy Plan Small Cap Value Fund,TPVIX,DUPLICATE,NULL,Contested: ticker TPVIX maps to 2 series with no clear majority — NULLing
190463,2025-01-28,485BPOS,0001398344-25-001307,Timothy Plan,Timothy Plan Small/Mid Cap Growth Fund,TIAGX,DUPLICATE,NULL,Contested: ticker TIAGX maps to 3 series with no clear majority — NULLing
190462,2025-01-28,485BPOS,0001398344-25-001307,Timothy Plan,Timothy Plan Fixed Income Fund,TPFIX,DUPLICATE,NULL,Contested: ticker TPFIX maps to 2 series with no clear majority — NULLing
190460,2025-01-28,485BPOS,0001398344-25-001307,Timothy Plan,Timothy Plan Small Cap Value Fund,TPVIX,DUPLICATE,NULL,Contested: ticker TPVIX maps to 2 series with no clear majority — NULLing
190427,2025-01-31,497,0001398344-25-001542,Timothy Plan,Timothy Plan Small/Mid Cap Growth Fund,TIAGX,DUPLICATE,NULL,Contested: ticker TIAGX maps to 3 series with no clear majority — NULLing
190426,2025-01-31,497,0001398344-25-001542,Timothy Plan,Timothy Plan Fixed Income Fund,TPFIX,DUPLICATE,NULL,Contested: ticker TPFIX maps to 2 series with no clear majority — NULLing
190424,2025-01-31,497,0001398344-25-001542,Timothy Plan,Timothy Plan Small Cap Value Fund,TPVIX,DUPLICATE,NULL,Contested: ticker TPVIX maps to 2 series with no clear majority — NULLing
190391,2025-01-31,497J,0001398344-25-001585,Timothy Plan,Timothy Plan Small/Mid Cap Growth Fund,TIAGX,DUPLICATE,NULL,Contested: ticker TIAGX maps to 3 series with no clear majority — NULLing
190390,2025-01-31,497J,0001398344-25-001585,Timothy Plan,Timothy Plan Fixed Income Fund,TPFIX,DUPLICATE,NULL,Contested: ticker TPFIX maps to 2 series with no clear majority — NULLing
190388,2025-01-31,497J,0001398344-25-001585,Timothy Plan,Timothy Plan Small Cap Value Fund,TPVIX,DUPLICATE,NULL,Contested: ticker TPVIX maps to 2 series with no clear majority — NULLing
190362,2025-02-03,497K,0001398344-25-001728,Timothy Plan,Timothy Plan Small Cap Value Fund,TPVIX,DUPLICATE,NULL,Contested: ticker TPVIX maps to 2 series with no clear majority — NULLing
190358,2025-02-03,497K,0001398344-25-001735,Timothy Plan,Timothy Plan Fixed Income Fund,TPFIX,DUPLICATE,NULL,Contested: ticker TPFIX maps to 2 series with no clear majority — NULLing
190353,2025-02-03,497K,0001398344-25-001748,Timothy Plan,Timothy Plan Small/Mid Cap Growth Fund,TIAGX,DUPLICATE,NULL,Contested: ticker TIAGX maps to 3 series with no clear majority — NULLing
190329,2025-04-30,497,0001398344-25-008304,Timothy Plan,Timothy Plan Small/Mid Cap Growth Fund,TIAGX,DUPLICATE,NULL,Contested: ticker TIAGX maps to 3 series with no clear majority — NULLing
190328,2025-04-30,497,0001398344-25-008304,Timothy Plan,Timothy Plan Fixed Income Fund,TPFIX,DUPLICATE,NULL,Contested: ticker TPFIX maps to 2 series with no clear majority — NULLing
190326,2025-04-30,497,0001398344-25-008304,Timothy Plan,Timothy Plan Small Cap Value Fund,TPVIX,DUPLICATE,NULL,Contested: ticker TPVIX maps to 2 series with no clear majority — NULLing
190255,2025-06-06,497,0001398344-25-011538,Timothy Plan,Timothy Plan Small/Mid Cap Growth Fund,TIAGX,DUPLICATE,NULL,Contested: ticker TIAGX maps to 3 series with no clear majority — NULLing
190254,2025-06-06,497,0001398344-25-011538,Timothy Plan,Timothy Plan Fixed Income Fund,TPFIX,DUPLICATE,NULL,Contested: ticker TPFIX maps to 2 series with no clear majority — NULLing
190252,2025-06-06,497,0001398344-25-011538,Timothy Plan,Timothy Plan Small Cap Value Fund,TPVIX,DUPLICATE,NULL,Contested: ticker TPVIX maps to 2 series with no clear majority — NULLing
190211,2026-01-28,485BPOS,0001398344-26-001515,Timothy Plan,Timothy Plan Small/Mid Cap Growth Fund,TIAGX,DUPLICATE,NULL,Contested: ticker TIAGX maps to 3 series with no clear majority — NULLing
190210,2026-01-28,485BPOS,0001398344-26-001515,Timothy Plan,Timothy Plan Fixed Income Fund,TPFIX,DUPLICATE,NULL,Contested: ticker TPFIX maps to 2 series with no clear majority — NULLing
190208,2026-01-28,485BPOS,0001398344-26-001515,Timothy Plan,Timothy Plan Small Cap Value Fund,TPVIX,DUPLICATE,NULL,Contested: ticker TPVIX maps to 2 series with no clear majority — NULLing
190175,2026-02-02,497J,0001398344-26-001847,Timothy Plan,Timothy Plan Small/Mid Cap Growth Fund,TIAGX,DUPLICATE,NULL,Contested: ticker TIAGX maps to 3 series with no clear majority — NULLing
190174,2026-02-02,497J,0001398344-26-001847,Timothy Plan,Timothy Plan Fixed Income Fund,TPFIX,DUPLICATE,NULL,Contested: ticker TPFIX maps to 2 series with no clear majority — NULLing
190172,2026-02-02,497J,0001398344-26-001847,Timothy Plan,Timothy Plan Small Cap Value Fund,TPVIX,DUPLICATE,NULL,Contested: ticker TPVIX maps to 2 series with no clear majority — NULLing
190171,2026-02-03,497K,0001398344-26-002083,Timothy Plan,Timothy Plan Fixed Income Fund,TPFIX,DUPLICATE,NULL,Contested: ticker TPFIX maps to 2 series with no clear majority — NULLing
190166,2026-02-03,497K,0001398344-26-002102,Timothy Plan,Timothy Plan Small/Mid Cap Growth Fund,TIAGX,DUPLICATE,NULL,Contested: ticker TIAGX maps to 3 series with no clear majority — NULLing
190164,2026-02-03,497K,0001398344-26-002108,Timothy Plan,Timothy Plan Small Cap Value Fund,TPVIX,DUPLICATE,NULL,Contested: ticker TPVIX maps to 2 series with no clear majority — NULLing
190100,2026-02-24,497,0001398344-26-003597,Timothy Plan,Timothy Plan Small/Mid Cap Growth Fund,TIAGX,DUPLICATE,NULL,Contested: ticker TIAGX maps to 3 series with no clear majority — NULLing
190099,2026-02-24,497,0001398344-26-003597,Timothy Plan,Timothy Plan Fixed Income Fund,TPFIX,DUPLICATE,NULL,Contested: ticker TPFIX maps to 2 series with no clear majority — NULLing
190097,2026-02-24,497,0001398344-26-003597,Timothy Plan,Timothy Plan Small Cap Value Fund,TPVIX,DUPLICATE,NULL,Contested: ticker TPVIX maps to 2 series with no clear majority — NULLing
190091,2026-02-25,497K,0001398344-26-003708,Timothy Plan,Timothy Plan Small Cap Value Fund,TPVIX,DUPLICATE,NULL,Contested: ticker TPVIX maps to 2 series with no clear majority — NULLing
686397,2026-05-04,497,0001398344-26-008147,IMPAX FUNDS SERIES TRUST I,Impax Sustainable Allocation Fund,PAXLX,DUPLICATE,NULL,Contested: ticker PAXLX maps to 9 series with no clear majority — NULLing
686399,2026-05-04,497,0001398344-26-008147,IMPAX FUNDS SERIES TRUST I,Impax High Yield Bond Fund,PAXLX,DUPLICATE,NULL,Contested: ticker PAXLX maps to 9 series with no clear majority — NULLing
686402,2026-05-04,497,0001398344-26-008147,IMPAX FUNDS SERIES TRUST I,Impax US Sustainable Economy Fund,PAXLX,DUPLICATE,NULL,Contested: ticker PAXLX maps to 9 series with no clear majority — NULLing
686405,2026-05-04,497,0001398344-26-008147,IMPAX FUNDS SERIES TRUST I,Impax Global Environmental Markets Fund,PAXLX,DUPLICATE,NULL,Contested: ticker PAXLX maps to 9 series with no clear majority — NULLing
686408,2026-05-04,497,0001398344-26-008147,IMPAX FUNDS SERIES TRUST I,Impax Small Cap Fund,PAXLX,DUPLICATE,NULL,Contested: ticker PAXLX maps to 9 series with no clear majority — NULLing
686412,2026-05-04,497,0001398344-26-008147,IMPAX FUNDS SERIES TRUST I,Impax International Sustainable Economy Fund,PAXLX,DUPLICATE,NULL,Contested: ticker PAXLX maps to 9 series with no clear majority — NULLing
686414,2026-05-04,497,0001398344-26-008147,IMPAX FUNDS SERIES TRUST I,Impax Large Cap Fund,PAXLX,DUPLICATE,NULL,Contested: ticker PAXLX maps to 9 series with no clear majority — NULLing
686416,2026-05-04,497,0001398344-26-008147,IMPAX FUNDS SERIES TRUST I,Impax Core Bond Fund,PAXLX,DUPLICATE,NULL,Contested: ticker PAXLX maps to 9 series with no clear majority — NULLing
686418,2026-05-04,497,0001398344-26-008147,IMPAX FUNDS SERIES TRUST I,Impax Global Opportunities Fund,PAXLX,DUPLICATE,NULL,Contested: ticker PAXLX maps to 9 series with no clear majority — NULLing
686398,2026-05-04,497,0001398344-26-008147,IMPAX FUNDS SERIES TRUST I,Impax Sustainable Allocation Fund,PXLIX,DUPLICATE,NULL,Contested: ticker PXLIX maps to 9 series with no clear majority — NULLing
686400,2026-05-04,497,0001398344-26-008147,IMPAX FUNDS SERIES TRUST I,Impax High Yield Bond Fund,PXLIX,DUPLICATE,NULL,Contested: ticker PXLIX maps to 9 series with no clear majority — NULLing
686403,2026-05-04,497,0001398344-26-008147,IMPAX FUNDS SERIES TRUST I,Impax US Sustainable Economy Fund,PXLIX,DUPLICATE,NULL,Contested: ticker PXLIX maps to 9 series with no clear majority — NULLing
686406,2026-05-04,497,0001398344-26-008147,IMPAX FUNDS SERIES TRUST I,Impax Global Environmental Markets Fund,PXLIX,DUPLICATE,NULL,Contested: ticker PXLIX maps to 9 series with no clear majority — NULLing
686409,2026-05-04,497,0001398344-26-008147,IMPAX FUNDS SERIES TRUST I,Impax Small Cap Fund,PXLIX,DUPLICATE,NULL,Contested: ticker PXLIX maps to 9 series with no clear majority — NULLing
686411,2026-05-04,497,0001398344-26-008147,IMPAX FUNDS SERIES TRUST I,Impax International Sustainable Economy Fund,PXLIX,DUPLICATE,NULL,Contested: ticker PXLIX maps to 9 series with no clear majority — NULLing
686413,2026-05-04,497,0001398344-26-008147,IMPAX FUNDS SERIES TRUST I,Impax Large Cap Fund,PXLIX,DUPLICATE,NULL,Contested: ticker PXLIX maps to 9 series with no clear majority — NULLing
686415,2026-05-04,497,0001398344-26-008147,IMPAX FUNDS SERIES TRUST I,Impax Core Bond Fund,PXLIX,DUPLICATE,NULL,Contested: ticker PXLIX maps to 9 series with no clear majority — NULLing
686417,2026-05-04,497,0001398344-26-008147,IMPAX FUNDS SERIES TRUST I,Impax Global Opportunities Fund,PXLIX,DUPLICATE,NULL,Contested: ticker PXLIX maps to 9 series with no clear majority — NULLing
686401,2026-05-04,497,0001398344-26-008147,IMPAX FUNDS SERIES TRUST I,Impax High Yield Bond Fund,PXSAX,DUPLICATE,NULL,Contested: ticker PXSAX maps to 4 series with no clear majority — NULLing
686404,2026-05-04,497,0001398344-26-008147,IMPAX FUNDS SERIES TRUST I,Impax US Sustainable Economy Fund,PXSAX,DUPLICATE,NULL,Contested: ticker PXSAX maps to 4 series with no clear majority — NULLing
686407,2026-05-04,497,0001398344-26-008147,IMPAX FUNDS SERIES TRUST I,Impax Global Environmental Markets Fund,PXSAX,DUPLICATE,NULL,Contested: ticker PXSAX maps to 4 series with no clear majority — NULLing
686410,2026-05-04,497,0001398344-26-008147,IMPAX FUNDS SERIES TRUST I,Impax Small Cap Fund,PXSAX,DUPLICATE,NULL,Contested: ticker PXSAX maps to 4 series with no clear majority — NULLing
691797,2026-05-05,497,0001398344-26-008415,Timothy Plan,Timothy Plan Small/Mid Cap Growth Fund,TIAGX,DUPLICATE,NULL,Contested: ticker TIAGX maps to 3 series with no clear majority — NULLing
691796,2026-05-05,497,0001398344-26-008415,Timothy Plan,Timothy Plan Fixed Income Fund,TPFIX,DUPLICATE,NULL,Contested: ticker TPFIX maps to 2 series with no clear majority — NULLing
691794,2026-05-05,497,0001398344-26-008415,Timothy Plan,Timothy Plan Small Cap Value Fund,TPVIX,DUPLICATE,NULL,Contested: ticker TPVIX maps to 2 series with no clear majority — NULLing
691809,2026-05-05,497K,0001398344-26-008427,Timothy Plan,Timothy Plan Fixed Income Fund,TPFIX,DUPLICATE,NULL,Contested: ticker TPFIX maps to 2 series with no clear majority — NULLing
695079,2026-05-11,485APOS,0001398344-26-008885,Horizon Funds,Horizon Active Asset Allocation Fund,AAANX,DUPLICATE,NULL,Contested: ticker AAANX maps to 11 series with no clear majority — NULLing
695082,2026-05-11,485APOS,0001398344-26-008885,Horizon Funds,Horizon Active Risk Assist Fund,AAANX,DUPLICATE,NULL,Contested: ticker AAANX maps to 11 series with no clear majority — NULLing
695085,2026-05-11,485APOS,0001398344-26-008885,Horizon Funds,Horizon Active Income Fund,AAANX,DUPLICATE,NULL,Contested: ticker AAANX maps to 11 series with no clear majority — NULLing
695086,2026-05-11,485APOS,0001398344-26-008885,Horizon Funds,Horizon Equity Premium Income Fund,AAANX,DUPLICATE,NULL,Contested: ticker AAANX maps to 11 series with no clear majority — NULLing
695089,2026-05-11,485APOS,0001398344-26-008885,Horizon Funds,Horizon Defined Risk Fund,AAANX,DUPLICATE,NULL,Contested: ticker AAANX maps to 11 series with no clear majority — NULLing
695092,2026-05-11,485APOS,0001398344-26-008885,Horizon Funds,Horizon Defensive Core Fund,AAANX,DUPLICATE,NULL,Contested: ticker AAANX maps to 11 series with no clear majority — NULLing
695096,2026-05-11,485APOS,0001398344-26-008885,Horizon Funds,Horizon Multi-Factor U.S. Equity Fund,AAANX,DUPLICATE,NULL,Contested: ticker AAANX maps to 11 series with no clear majority — NULLing
695099,2026-05-11,485APOS,0001398344-26-008885,Horizon Funds,Horizon Tactical Fixed Income Fund,AAANX,DUPLICATE,NULL,Contested: ticker AAANX maps to 11 series with no clear majority — NULLing
695102,2026-05-11,485APOS,0001398344-26-008885,Horizon Funds,Horizon Multi-Factor Small/Mid Cap Fund,AAANX,DUPLICATE,NULL,Contested: ticker AAANX maps to 11 series with no clear majority — NULLing
695105,2026-05-11,485APOS,0001398344-26-008885,Horizon Funds,Centre American Select Equity Fund,AAANX,DUPLICATE,NULL,Contested: ticker AAANX maps to 11 series with no clear majority — NULLing
695108,2026-05-11,485APOS,0001398344-26-008885,Horizon Funds,Centre Global Infrastructure Fund,AAANX,DUPLICATE,NULL,Contested: ticker AAANX maps to 11 series with no clear majority — NULLing
695077,2026-05-11,485APOS,0001398344-26-008885,Horizon Funds,Horizon Active Asset Allocation Fund,HASAX,DUPLICATE,NULL,Contested: ticker HASAX maps to 11 series with no clear majority — NULLing
695080,2026-05-11,485APOS,0001398344-26-008885,Horizon Funds,Horizon Active Risk Assist Fund,HASAX,DUPLICATE,NULL,Contested: ticker HASAX maps to 11 series with no clear majority — NULLing
695083,2026-05-11,485APOS,0001398344-26-008885,Horizon Funds,Horizon Active Income Fund,HASAX,DUPLICATE,NULL,Contested: ticker HASAX maps to 11 series with no clear majority — NULLing
695088,2026-05-11,485APOS,0001398344-26-008885,Horizon Funds,Horizon Equity Premium Income Fund,HASAX,DUPLICATE,NULL,Contested: ticker HASAX maps to 11 series with no clear majority — NULLing
695091,2026-05-11,485APOS,0001398344-26-008885,Horizon Funds,Horizon Defined Risk Fund,HASAX,DUPLICATE,NULL,Contested: ticker HASAX maps to 11 series with no clear majority — NULLing
695094,2026-05-11,485APOS,0001398344-26-008885,Horizon Funds,Horizon Defensive Core Fund,HASAX,DUPLICATE,NULL,Contested: ticker HASAX maps to 11 series with no clear majority — NULLing
695097,2026-05-11,485APOS,0001398344-26-008885,Horizon Funds,Horizon Multi-Factor U.S. Equity Fund,HASAX,DUPLICATE,NULL,Contested: ticker HASAX maps to 11 series with no clear majority — NULLing
695100,2026-05-11,485APOS,0001398344-26-008885,Horizon Funds,Horizon Tactical Fixed Income Fund,HASAX,DUPLICATE,NULL,Contested: ticker HASAX maps to 11 series with no clear majority — NULLing
695103,2026-05-11,485APOS,0001398344-26-008885,Horizon Funds,Horizon Multi-Factor Small/Mid Cap Fund,HASAX,DUPLICATE,NULL,Contested: ticker HASAX maps to 11 series with no clear majority — NULLing
695106,2026-05-11,485APOS,0001398344-26-008885,Horizon Funds,Centre American Select Equity Fund,HASAX,DUPLICATE,NULL,Contested: ticker HASAX maps to 11 series with no clear majority — NULLing
695109,2026-05-11,485APOS,0001398344-26-008885,Horizon Funds,Centre Global Infrastructure Fund,HASAX,DUPLICATE,NULL,Contested: ticker HASAX maps to 11 series with no clear majority — NULLing
695078,2026-05-11,485APOS,0001398344-26-008885,Horizon Funds,Horizon Active Asset Allocation Fund,HASIX,DUPLICATE,NULL,Contested: ticker HASIX maps to 11 series with no clear majority — NULLing
695081,2026-05-11,485APOS,0001398344-26-008885,Horizon Funds,Horizon Active Risk Assist Fund,HASIX,DUPLICATE,NULL,Contested: ticker HASIX maps to 11 series with no clear majority — NULLing
695084,2026-05-11,485APOS,0001398344-26-008885,Horizon Funds,Horizon Active Income Fund,HASIX,DUPLICATE,NULL,Contested: ticker HASIX maps to 11 series with no clear majority — NULLing
695087,2026-05-11,485APOS,0001398344-26-008885,Horizon Funds,Horizon Equity Premium Income Fund,HASIX,DUPLICATE,NULL,Contested: ticker HASIX maps to 11 series with no clear majority — NULLing
695090,2026-05-11,485APOS,0001398344-26-008885,Horizon Funds,Horizon Defined Risk Fund,HASIX,DUPLICATE,NULL,Contested: ticker HASIX maps to 11 series with no clear majority — NULLing
695093,2026-05-11,485APOS,0001398344-26-008885,Horizon Funds,Horizon Defensive Core Fund,HASIX,DUPLICATE,NULL,Contested: ticker HASIX maps to 11 series with no clear majority — NULLing
695095,2026-05-11,485APOS,0001398344-26-008885,Horizon Funds,Horizon Multi-Factor U.S. Equity Fund,HASIX,DUPLICATE,NULL,Contested: ticker HASIX maps to 11 series with no clear majority — NULLing
695098,2026-05-11,485APOS,0001398344-26-008885,Horizon Funds,Horizon Tactical Fixed Income Fund,HASIX,DUPLICATE,NULL,Contested: ticker HASIX maps to 11 series with no clear majority — NULLing
695101,2026-05-11,485APOS,0001398344-26-008885,Horizon Funds,Horizon Multi-Factor Small/Mid Cap Fund,HASIX,DUPLICATE,NULL,Contested: ticker HASIX maps to 11 series with no clear majority — NULLing
695104,2026-05-11,485APOS,0001398344-26-008885,Horizon Funds,Centre American Select Equity Fund,HASIX,DUPLICATE,NULL,Contested: ticker HASIX maps to 11 series with no clear majority — NULLing
695107,2026-05-11,485APOS,0001398344-26-008885,Horizon Funds,Centre Global Infrastructure Fund,HASIX,DUPLICATE,NULL,Contested: ticker HASIX maps to 11 series with no clear majority — NULLing
710244,2026-06-05,497,0001398344-26-010435,"RBB Fund, Inc.",EMERALD BANKING & FINANCE EVOLUTION FUND,HSPGX,DUPLICATE,NULL,"Bleed: ticker HSPGX canonically belongs to 'EMERALD GROWTH FUND', not this series"
710248,2026-06-05,497,0001398344-26-010435,"RBB Fund, Inc.",EMERALD GROWTH FUND,HSPGX,DUPLICATE,KEEP,Canonical owner of HSPGX (4 of 5 extractions)
710249,2026-06-05,497,0001398344-26-010435,"RBB Fund, Inc.",EMERALD GROWTH FUND,HSPGX,DUPLICATE,KEEP,Canonical owner of HSPGX (4 of 5 extractions)
710250,2026-06-05,497,0001398344-26-010435,"RBB Fund, Inc.",EMERALD GROWTH FUND,HSPGX,DUPLICATE,KEEP,Canonical owner of HSPGX (4 of 5 extractions)
710251,2026-06-05,497,0001398344-26-010435,"RBB Fund, Inc.",EMERALD GROWTH FUND,HSPGX,DUPLICATE,KEEP,Canonical owner of HSPGX (4 of 5 extractions)
713360,2026-06-12,497,0001398344-26-010793,Siren ETF Trust,Siren DIVCON Leaders Dividend ETF,LEAD,DUPLICATE,KEEP,Canonical owner of LEAD (31 of 33 extractions)
713361,2026-06-12,497,0001398344-26-010793,Siren ETF Trust,SIREN NEXGEN ECONOMY ETF,LEAD,DUPLICATE,NULL,"Bleed: ticker LEAD canonically belongs to 'Siren DIVCON Leaders Dividend ETF', not this series"
588855,2023-04-06,485APOS,0001464413-23-000021,Starboard Investment Trust,RH Hedged Multi-Asset Income ETF,AMAX,DUPLICATE,NULL,Contested: ticker AMAX maps to 3 series with no clear majority — NULLing
588850,2023-06-02,485BXT,0001464413-23-000043,Starboard Investment Trust,RH Hedged Multi-Asset Income ETF,AMAX,DUPLICATE,NULL,Contested: ticker AMAX maps to 3 series with no clear majority — NULLing
588846,2023-06-09,485BPOS,0001464413-23-000051,Starboard Investment Trust,RH Hedged Multi-Asset Income ETF,AMAX,DUPLICATE,NULL,Contested: ticker AMAX maps to 3 series with no clear majority — NULLing
588842,2023-06-14,497,0001464413-23-000059,Starboard Investment Trust,RH Hedged Multi-Asset Income ETF,AMAX,DUPLICATE,NULL,Contested: ticker AMAX maps to 3 series with no clear majority — NULLing
588839,2023-06-14,497K,0001464413-23-000064,Starboard Investment Trust,RH Hedged Multi-Asset Income ETF,AMAX,DUPLICATE,NULL,Contested: ticker AMAX maps to 3 series with no clear majority — NULLing
588834,2023-06-16,497,0001464413-23-000076,Starboard Investment Trust,RH Hedged Multi-Asset Income ETF,AMAX,DUPLICATE,NULL,Contested: ticker AMAX maps to 3 series with no clear majority — NULLing
588832,2023-06-16,497K,0001464413-23-000078,Starboard Investment Trust,RH Hedged Multi-Asset Income ETF,AMAX,DUPLICATE,NULL,Contested: ticker AMAX maps to 3 series with no clear majority — NULLing
588829,2023-08-03,497,0001464413-23-000093,Starboard Investment Trust,RH Hedged Multi-Asset Income ETF,AMAX,DUPLICATE,NULL,Contested: ticker AMAX maps to 3 series with no clear majority — NULLing
588827,2023-08-09,497K,0001464413-23-000109,Starboard Investment Trust,RH Hedged Multi-Asset Income ETF,AMAX,DUPLICATE,NULL,Contested: ticker AMAX maps to 3 series with no clear majority — NULLing
588822,2023-09-28,485BPOS,0001464413-23-000136,Starboard Investment Trust,Adaptive Hedged Multi-Asset Income ETF,AMAX,DUPLICATE,NULL,Contested: ticker AMAX maps to 3 series with no clear majority — NULLing
588818,2023-10-04,497,0001464413-23-000138,Starboard Investment Trust,Adaptive Hedged Multi-Asset Income ETF,AMAX,DUPLICATE,NULL,Contested: ticker AMAX maps to 3 series with no clear majority — NULLing
588814,2023-10-04,497,0001464413-23-000140,Starboard Investment Trust,Adaptive Hedged Multi-Asset Income ETF,AMAX,DUPLICATE,NULL,Contested: ticker AMAX maps to 3 series with no clear majority — NULLing
588810,2023-10-04,497K,0001464413-23-000146,Starboard Investment Trust,Adaptive Hedged Multi-Asset Income ETF,AMAX,DUPLICATE,NULL,Contested: ticker AMAX maps to 3 series with no clear majority — NULLing
588801,2024-09-27,485BPOS,0001464413-24-000072,Starboard Investment Trust,Adaptive Hedged Multi-Asset Income ETF,AMAX,DUPLICATE,NULL,Contested: ticker AMAX maps to 3 series with no clear majority — NULLing
588797,2024-10-04,497J,0001464413-24-000074,Starboard Investment Trust,Adaptive Hedged Multi-Asset Income ETF,AMAX,DUPLICATE,NULL,Contested: ticker AMAX maps to 3 series with no clear majority — NULLing
588795,2024-10-04,497K,0001464413-24-000076,Starboard Investment Trust,Adaptive Hedged Multi-Asset Income ETF,AMAX,DUPLICATE,NULL,Contested: ticker AMAX maps to 3 series with no clear majority — NULLing
588786,2025-09-26,485BPOS,0001464413-25-000052,Starboard Investment Trust,Adaptive Hedged Multi-Asset Income ETF,AMAX,DUPLICATE,NULL,Contested: ticker AMAX maps to 3 series with no clear majority — NULLing
588782,2025-10-01,497J,0001464413-25-000054,Starboard Investment Trust,Adaptive Hedged Multi-Asset Income ETF,AMAX,DUPLICATE,NULL,Contested: ticker AMAX maps to 3 series with no clear majority — NULLing
588780,2025-10-01,497K,0001464413-25-000056,Starboard Investment Trust,Adaptive Hedged Multi-Asset Income ETF,AMAX,DUPLICATE,NULL,Contested: ticker AMAX maps to 3 series with no clear majority — NULLing
713364,2026-06-12,497,0001464413-26-000016,Starboard Investment Trust,Adaptive Alpha Opportunities ETF,AGOX,DUPLICATE,KEEP,Canonical owner of AGOX (19 of 20 extractions)
713365,2026-06-12,497,0001464413-26-000016,Starboard Investment Trust,Adaptive Hedged Multi-Asset Income ETF,AGOX,DUPLICATE,NULL,"Bleed: ticker AGOX canonically belongs to 'Adaptive Alpha Opportunities ETF', not this series"
713367,2026-06-12,497,0001464413-26-000016,Starboard Investment Trust,RH Tactical Outlook ETF,AMAX,DUPLICATE,NULL,Contested: ticker AMAX maps to 3 series with no clear majority — NULLing
711016,2026-06-09,485APOS,0001484018-26-000069,Spinnaker ETF Series,Indexperts Gorilla Aggressive Growth ETF,RILA,DUPLICATE,NULL,Contested: ticker RILA maps to 3 series with no clear majority — NULLing
713392,2026-06-15,497,0001484018-26-000071,Spinnaker ETF Series,Genter Capital Dividend Income ETF,GEND,DUPLICATE,KEEP,Canonical owner of GEND (26 of 27 extractions)
713393,2026-06-15,497,0001484018-26-000071,Spinnaker ETF Series,Genter Capital International Dividend ETF,GEND,DUPLICATE,NULL,"Bleed: ticker GEND canonically belongs to 'Genter Capital Dividend Income ETF', not this series"
713387,2026-06-15,497,0001484018-26-000073,Spinnaker ETF Series,Indexperts Gorilla Aggressive Growth ETF,RILA,DUPLICATE,NULL,Contested: ticker RILA maps to 3 series with no clear majority — NULLing
713388,2026-06-15,497,0001484018-26-000073,Spinnaker ETF Series,Indexperts Quality Earnings Focused ETF,RILA,DUPLICATE,NULL,Contested: ticker RILA maps to 3 series with no clear majority — NULLing
713389,2026-06-15,497,0001484018-26-000073,Spinnaker ETF Series,Indexperts Yield Focused Fixed Income ETF,RILA,DUPLICATE,NULL,Contested: ticker RILA maps to 3 series with no clear majority — NULLing
713379,2026-06-15,497,0001484018-26-000079,Spinnaker ETF Series,Obra Opportunistic Structured Products ETF,OOSP,DUPLICATE,KEEP,Canonical owner of OOSP (13 of 15 extractions)
713380,2026-06-15,497,0001484018-26-000079,Spinnaker ETF Series,Obra High Grade Structured Products ETF,OOSP,DUPLICATE,NULL,"Bleed: ticker OOSP canonically belongs to 'Obra Opportunistic Structured Products E', not this series"
713381,2026-06-15,497,0001484018-26-000079,Spinnaker ETF Series,Obra Defensive High Yield ETF,OOSP,DUPLICATE,NULL,"Bleed: ticker OOSP canonically belongs to 'Obra Opportunistic Structured Products E', not this series"
96091,2023-05-08,497,0001580642-23-002625,Northern Lights Fund Trust IV,FMC Excelsior Focus Equity ETF,FMCX,DUPLICATE,NULL,Contested: ticker FMCX maps to 2 series with no clear majority — NULLing
96074,2023-06-23,485BPOS,0001580642-23-003306,Northern Lights Fund Trust IV,FMC Excelsior Focus Equity ETF,FMCX,DUPLICATE,NULL,Contested: ticker FMCX maps to 2 series with no clear majority — NULLing
96069,2023-06-30,497,0001580642-23-003401,Northern Lights Fund Trust IV,FMC Excelsior Focus Equity ETF,FMCX,DUPLICATE,NULL,Contested: ticker FMCX maps to 2 series with no clear majority — NULLing
96064,2023-06-30,497K,0001580642-23-003413,Northern Lights Fund Trust IV,FMC Excelsior Focus Equity ETF,FMCX,DUPLICATE,NULL,Contested: ticker FMCX maps to 2 series with no clear majority — NULLing
96021,2023-09-15,497,0001580642-23-004975,Northern Lights Fund Trust IV,FMC Excelsior Focus Equity ETF,FMCX,DUPLICATE,NULL,Contested: ticker FMCX maps to 2 series with no clear majority — NULLing
96014,2023-09-22,497,0001580642-23-005099,Northern Lights Fund Trust IV,FMC Excelsior Focus Equity ETF,FMCX,DUPLICATE,NULL,Contested: ticker FMCX maps to 2 series with no clear majority — NULLing
95983,2023-10-03,497,0001580642-23-005337,Northern Lights Fund Trust IV,FMC Excelsior Focus Equity ETF,FMCX,DUPLICATE,NULL,Contested: ticker FMCX maps to 2 series with no clear majority — NULLing
654571,2024-05-02,497,0001580642-24-002455,Northern Lights Fund Trust IV,FMC Excelsior Focus Equity ETF,FMCX,DUPLICATE,NULL,Contested: ticker FMCX maps to 2 series with no clear majority — NULLing
95852,2024-06-14,497,0001580642-24-003168,Northern Lights Fund Trust IV,FMC Excelsior Focus Equity ETF,FMCX,DUPLICATE,NULL,Contested: ticker FMCX maps to 2 series with no clear majority — NULLing
95848,2024-06-24,485BPOS,0001580642-24-003267,Northern Lights Fund Trust IV,FM Focus Equity ETF,FMCX,DUPLICATE,NULL,Contested: ticker FMCX maps to 2 series with no clear majority — NULLing
95836,2024-07-02,497,0001580642-24-003400,Northern Lights Fund Trust IV,FM Focus Equity ETF,FMCX,DUPLICATE,NULL,Contested: ticker FMCX maps to 2 series with no clear majority — NULLing
95835,2024-07-02,497K,0001580642-24-003401,Northern Lights Fund Trust IV,FM Focus Equity ETF,FMCX,DUPLICATE,NULL,Contested: ticker FMCX maps to 2 series with no clear majority — NULLing
95670,2025-06-25,485BPOS,0001580642-25-003843,Northern Lights Fund Trust IV,FM Focus Equity ETF,FMCX,DUPLICATE,NULL,Contested: ticker FMCX maps to 2 series with no clear majority — NULLing
95661,2025-07-03,497,0001580642-25-004018,Northern Lights Fund Trust IV,FM Focus Equity ETF,FMCX,DUPLICATE,NULL,Contested: ticker FMCX maps to 2 series with no clear majority — NULLing
95658,2025-07-03,497K,0001580642-25-004024,Northern Lights Fund Trust IV,FM Focus Equity ETF,FMCX,DUPLICATE,NULL,Contested: ticker FMCX maps to 2 series with no clear majority — NULLing
703290,2026-05-27,485BPOS,0001580642-26-003297,AMERICAN PENSION INVESTORS TRUST,Yorktown Growth Fund,AFGGX,DUPLICATE,NULL,Contested: ticker AFGGX maps to 5 series with no clear majority — NULLing
703293,2026-05-27,485BPOS,0001580642-26-003297,AMERICAN PENSION INVESTORS TRUST,Yorktown Short Term Bond Fund,AFGGX,DUPLICATE,NULL,Contested: ticker AFGGX maps to 5 series with no clear majority — NULLing
703296,2026-05-27,485BPOS,0001580642-26-003297,AMERICAN PENSION INVESTORS TRUST,Yorktown Multi-Sector Bond Fund,AFGGX,DUPLICATE,NULL,Contested: ticker AFGGX maps to 5 series with no clear majority — NULLing
703298,2026-05-27,485BPOS,0001580642-26-003297,AMERICAN PENSION INVESTORS TRUST,YORKTOWN SMALL-CAP FUND,AFGGX,DUPLICATE,NULL,Contested: ticker AFGGX maps to 5 series with no clear majority — NULLing
703291,2026-05-27,485BPOS,0001580642-26-003297,AMERICAN PENSION INVESTORS TRUST,Yorktown Growth Fund,APGRX,DUPLICATE,NULL,Contested: ticker APGRX maps to 6 series with no clear majority — NULLing
703294,2026-05-27,485BPOS,0001580642-26-003297,AMERICAN PENSION INVESTORS TRUST,Yorktown Short Term Bond Fund,APGRX,DUPLICATE,NULL,Contested: ticker APGRX maps to 6 series with no clear majority — NULLing
703297,2026-05-27,485BPOS,0001580642-26-003297,AMERICAN PENSION INVESTORS TRUST,Yorktown Multi-Sector Bond Fund,APGRX,DUPLICATE,NULL,Contested: ticker APGRX maps to 6 series with no clear majority — NULLing
703300,2026-05-27,485BPOS,0001580642-26-003297,AMERICAN PENSION INVESTORS TRUST,YORKTOWN SMALL-CAP FUND,APGRX,DUPLICATE,NULL,Contested: ticker APGRX maps to 6 series with no clear majority — NULLing
703301,2026-05-27,485BPOS,0001580642-26-003297,AMERICAN PENSION INVESTORS TRUST,Yorktown Treasury Advanced Total Return Fund,APGRX,DUPLICATE,NULL,Contested: ticker APGRX maps to 6 series with no clear majority — NULLing
703289,2026-05-27,485BPOS,0001580642-26-003297,AMERICAN PENSION INVESTORS TRUST,Yorktown Growth Fund,APITX,DUPLICATE,NULL,Contested: ticker APITX maps to 5 series with no clear majority — NULLing
703292,2026-05-27,485BPOS,0001580642-26-003297,AMERICAN PENSION INVESTORS TRUST,Yorktown Short Term Bond Fund,APITX,DUPLICATE,NULL,Contested: ticker APITX maps to 5 series with no clear majority — NULLing
703295,2026-05-27,485BPOS,0001580642-26-003297,AMERICAN PENSION INVESTORS TRUST,Yorktown Multi-Sector Bond Fund,APITX,DUPLICATE,NULL,Contested: ticker APITX maps to 5 series with no clear majority — NULLing
703299,2026-05-27,485BPOS,0001580642-26-003297,AMERICAN PENSION INVESTORS TRUST,YORKTOWN SMALL-CAP FUND,APITX,DUPLICATE,NULL,Contested: ticker APITX maps to 5 series with no clear majority — NULLing
703485,2026-05-27,485BPOS,0001580642-26-003319,Zacks Trust,Zacks Income ETF,ZINC,DUPLICATE,KEEP,Canonical owner of ZINC (4 of 6 extractions)
703486,2026-05-27,485BPOS,0001580642-26-003319,Zacks Trust,Zacks Preferred Income ETF,ZINC,DUPLICATE,NULL,"Bleed: ticker ZINC canonically belongs to 'Zacks Income ETF', not this series"
704378,2026-05-28,497,0001580642-26-003339,Zacks Trust,Zacks Income ETF,ZINC,DUPLICATE,KEEP,Canonical owner of ZINC (4 of 6 extractions)
704379,2026-05-28,497,0001580642-26-003339,Zacks Trust,Zacks Preferred Income ETF,ZINC,DUPLICATE,NULL,"Bleed: ticker ZINC canonically belongs to 'Zacks Income ETF', not this series"
707638,2026-06-02,497J,0001580642-26-003439,AMERICAN PENSION INVESTORS TRUST,Yorktown Growth Fund,AFGGX,DUPLICATE,NULL,Contested: ticker AFGGX maps to 5 series with no clear majority — NULLing
707639,2026-06-02,497J,0001580642-26-003439,AMERICAN PENSION INVESTORS TRUST,Yorktown Growth Fund,APGRX,DUPLICATE,NULL,Contested: ticker APGRX maps to 6 series with no clear majority — NULLing
707637,2026-06-02,497J,0001580642-26-003439,AMERICAN PENSION INVESTORS TRUST,Yorktown Growth Fund,APITX,DUPLICATE,NULL,Contested: ticker APITX maps to 5 series with no clear majority — NULLing
707664,2026-06-02,497,0001580642-26-003451,AMERICAN PENSION INVESTORS TRUST,Yorktown Growth Fund,AFGGX,DUPLICATE,NULL,Contested: ticker AFGGX maps to 5 series with no clear majority — NULLing
707667,2026-06-02,497,0001580642-26-003451,AMERICAN PENSION INVESTORS TRUST,Yorktown Short Term Bond Fund,AFGGX,DUPLICATE,NULL,Contested: ticker AFGGX maps to 5 series with no clear majority — NULLing
707670,2026-06-02,497,0001580642-26-003451,AMERICAN PENSION INVESTORS TRUST,Yorktown Bond Fund,AFGGX,DUPLICATE,NULL,Contested: ticker AFGGX maps to 5 series with no clear majority — NULLing
707673,2026-06-02,497,0001580642-26-003451,AMERICAN PENSION INVESTORS TRUST,YORKTOWN SMALL-CAP FUND,AFGGX,DUPLICATE,NULL,Contested: ticker AFGGX maps to 5 series with no clear majority — NULLing
707665,2026-06-02,497,0001580642-26-003451,AMERICAN PENSION INVESTORS TRUST,Yorktown Growth Fund,APGRX,DUPLICATE,NULL,Contested: ticker APGRX maps to 6 series with no clear majority — NULLing
707668,2026-06-02,497,0001580642-26-003451,AMERICAN PENSION INVESTORS TRUST,Yorktown Short Term Bond Fund,APGRX,DUPLICATE,NULL,Contested: ticker APGRX maps to 6 series with no clear majority — NULLing
707671,2026-06-02,497,0001580642-26-003451,AMERICAN PENSION INVESTORS TRUST,Yorktown Bond Fund,APGRX,DUPLICATE,NULL,Contested: ticker APGRX maps to 6 series with no clear majority — NULLing
707675,2026-06-02,497,0001580642-26-003451,AMERICAN PENSION INVESTORS TRUST,YORKTOWN SMALL-CAP FUND,APGRX,DUPLICATE,NULL,Contested: ticker APGRX maps to 6 series with no clear majority — NULLing
707676,2026-06-02,497,0001580642-26-003451,AMERICAN PENSION INVESTORS TRUST,Yorktown Treasury Advanced Total Return Fund,APGRX,DUPLICATE,NULL,Contested: ticker APGRX maps to 6 series with no clear majority — NULLing
707663,2026-06-02,497,0001580642-26-003451,AMERICAN PENSION INVESTORS TRUST,Yorktown Growth Fund,APITX,DUPLICATE,NULL,Contested: ticker APITX maps to 5 series with no clear majority — NULLing
707666,2026-06-02,497,0001580642-26-003451,AMERICAN PENSION INVESTORS TRUST,Yorktown Short Term Bond Fund,APITX,DUPLICATE,NULL,Contested: ticker APITX maps to 5 series with no clear majority — NULLing
707669,2026-06-02,497,0001580642-26-003451,AMERICAN PENSION INVESTORS TRUST,Yorktown Bond Fund,APITX,DUPLICATE,NULL,Contested: ticker APITX maps to 5 series with no clear majority — NULLing
707674,2026-06-02,497,0001580642-26-003451,AMERICAN PENSION INVESTORS TRUST,YORKTOWN SMALL-CAP FUND,APITX,DUPLICATE,NULL,Contested: ticker APITX maps to 5 series with no clear majority — NULLing
709935,2026-06-05,497,0001580642-26-003560,Ultimus Managers Trust,Lyrical U.S. Value Equity Fund,LYRBX,DUPLICATE,KEEP,Canonical owner of LYRBX (24 of 25 extractions)
709939,2026-06-05,497,0001580642-26-003560,Ultimus Managers Trust,Lyrical International Value Equity Fund,LYRBX,DUPLICATE,NULL,"Bleed: ticker LYRBX canonically belongs to 'Lyrical U.S. Value Equity Fund', not this series"
709934,2026-06-05,497,0001580642-26-003560,Ultimus Managers Trust,Lyrical U.S. Value Equity Fund,LYRIX,DUPLICATE,KEEP,Canonical owner of LYRIX (24 of 25 extractions)
709938,2026-06-05,497,0001580642-26-003560,Ultimus Managers Trust,Lyrical International Value Equity Fund,LYRIX,DUPLICATE,NULL,"Bleed: ticker LYRIX canonically belongs to 'Lyrical U.S. Value Equity Fund', not this series"
710281,2026-06-05,497K,0001580642-26-003602,AMERICAN PENSION INVESTORS TRUST,Yorktown Growth Fund,AFGGX,DUPLICATE,NULL,Contested: ticker AFGGX maps to 5 series with no clear majority — NULLing
710282,2026-06-05,497K,0001580642-26-003602,AMERICAN PENSION INVESTORS TRUST,Yorktown Growth Fund,APGRX,DUPLICATE,NULL,Contested: ticker APGRX maps to 6 series with no clear majority — NULLing
710280,2026-06-05,497K,0001580642-26-003602,AMERICAN PENSION INVESTORS TRUST,Yorktown Growth Fund,APITX,DUPLICATE,NULL,Contested: ticker APITX maps to 5 series with no clear majority — NULLing
719776,2026-06-25,485BPOS,0001580642-26-003927,Northern Lights Fund Trust IV,FM Focus Equity ETF,FMCX,DUPLICATE,NULL,Contested: ticker FMCX maps to 2 series with no clear majority — NULLing
728057,2026-07-02,497,0001580642-26-004145,Northern Lights Fund Trust IV,FM Focus Equity ETF,FMCX,DUPLICATE,NULL,Contested: ticker FMCX maps to 2 series with no clear majority — NULLing
728069,2026-07-02,497K,0001580642-26-004149,Northern Lights Fund Trust IV,FM Focus Equity ETF,FMCX,DUPLICATE,NULL,Contested: ticker FMCX maps to 2 series with no clear majority — NULLing
54860,2025-04-28,497K,0001592900-25-000958,EA Series Trust,Astoria Dynamic Core US Fixed Income ETF,AGGA,DUPLICATE,NULL,Contested: ticker AGGA maps to 2 series with no clear majority — NULLing
54859,2025-04-28,497J,0001592900-25-000959,EA Series Trust,Astoria Dynamic Core US Fixed Income ETF,AGGA,DUPLICATE,NULL,Contested: ticker AGGA maps to 2 series with no clear majority — NULLing
54853,2025-04-29,497K,0001592900-25-001060,EA Series Trust,Astoria Dynamic Core US Fixed Income ETF,AGGA,DUPLICATE,NULL,Contested: ticker AGGA maps to 2 series with no clear majority — NULLing
54753,2025-07-02,497,0001592900-25-001722,EA Series Trust,Astoria Dynamic Core US Fixed Income ETF,AGGA,DUPLICATE,NULL,Contested: ticker AGGA maps to 2 series with no clear majority — NULLing
54751,2025-07-02,497K,0001592900-25-001723,EA Series Trust,Astoria Dynamic Core US Fixed Income ETF,AGGA,DUPLICATE,NULL,Contested: ticker AGGA maps to 2 series with no clear majority — NULLing
54675,2025-08-01,497,0001592900-25-002035,EA Series Trust,Astoria Dynamic Core US Fixed Income ETF,AGGA,DUPLICATE,NULL,Contested: ticker AGGA maps to 2 series with no clear majority — NULLing
54666,2025-08-18,497K,0001592900-25-002068,EA Series Trust,EA Astoria Dynamic Core US Fixed Income ETF,AGGA,DUPLICATE,NULL,Contested: ticker AGGA maps to 2 series with no clear majority — NULLing
54601,2025-09-26,485BPOS,0001592900-25-003012,EA Series Trust,EA Astoria Dynamic Core US Fixed Income ETF,AGGA,DUPLICATE,NULL,Contested: ticker AGGA maps to 2 series with no clear majority — NULLing
54575,2025-09-30,497K,0001592900-25-003096,EA Series Trust,EA Astoria Dynamic Core US Fixed Income ETF,AGGA,DUPLICATE,NULL,Contested: ticker AGGA maps to 2 series with no clear majority — NULLing
54573,2025-09-30,497J,0001592900-25-003098,EA Series Trust,EA Astoria Dynamic Core US Fixed Income ETF,AGGA,DUPLICATE,NULL,Contested: ticker AGGA maps to 2 series with no clear majority — NULLing
54421,2025-11-13,497,0001592900-25-003715,EA Series Trust,EA Astoria Dynamic Core US Fixed Income ETF,AGGA,DUPLICATE,NULL,Contested: ticker AGGA maps to 2 series with no clear majority — NULLing
719770,2026-06-25,497,0001592900-26-002928,EA Series Trust,EA Astoria Dynamic Core US Fixed Income ETF,AGGA,DUPLICATE,NULL,Contested: ticker AGGA maps to 2 series with no clear majority — NULLing
703441,2026-05-27,485BPOS,0001623632-26-000760,Federated Hermes Income Securities Trust,Federated Hermes Fund for U.S. Government Securities,IS,DUPLICATE,NULL,Contested: ticker IS maps to 2 series with no clear majority — NULLing
703442,2026-05-27,485BPOS,0001623632-26-000760,Federated Hermes Income Securities Trust,Federated Hermes Floating Rate Strategic Income Fund,IS,DUPLICATE,NULL,Contested: ticker IS maps to 2 series with no clear majority — NULLing
703444,2026-05-27,485BPOS,0001623632-26-000760,Federated Hermes Income Securities Trust,Federated Hermes Floating Rate Strategic Income Fund,R6,DUPLICATE,NULL,Contested: ticker R6 maps to 2 series with no clear majority — NULLing
703460,2026-05-27,497K,0001623632-26-000764,Federated Hermes Income Securities Trust,Federated Hermes Floating Rate Strategic Income Fund,IS,DUPLICATE,NULL,Contested: ticker IS maps to 2 series with no clear majority — NULLing
703475,2026-05-27,497K,0001623632-26-000766,Federated Hermes Income Securities Trust,Federated Hermes Fund for U.S. Government Securities,IS,DUPLICATE,NULL,Contested: ticker IS maps to 2 series with no clear majority — NULLing
720112,2026-06-25,497K,0001623632-26-000939,Federated Hermes Income Securities Trust,Federated Hermes Short-Term Income Fund,R6,DUPLICATE,NULL,Contested: ticker R6 maps to 2 series with no clear majority — NULLing
663859,2026-04-27,485BPOS,0001655589-26-000593,TEMPLETON GLOBAL INVESTMENT TRUST,Templeton Global Dynamic Income Fund,FCGBX,DUPLICATE,NULL,Contested: ticker FCGBX maps to 2 series with no clear majority — NULLing
663864,2026-04-27,485BPOS,0001655589-26-000593,TEMPLETON GLOBAL INVESTMENT TRUST,Templeton Global Dynamic Income Fund,TAGBX,DUPLICATE,NULL,Contested: ticker TAGBX maps to 2 series with no clear majority — NULLing
663863,2026-04-27,485BPOS,0001655589-26-000593,TEMPLETON GLOBAL INVESTMENT TRUST,Templeton Global Dynamic Income Fund,TCINX,DUPLICATE,NULL,Contested: ticker TCINX maps to 2 series with no clear majority — NULLing
663862,2026-04-27,485BPOS,0001655589-26-000593,TEMPLETON GLOBAL INVESTMENT TRUST,Templeton Global Dynamic Income Fund,TINCX,DUPLICATE,NULL,Contested: ticker TINCX maps to 2 series with no clear majority — NULLing
663861,2026-04-27,485BPOS,0001655589-26-000593,TEMPLETON GLOBAL INVESTMENT TRUST,Templeton Global Dynamic Income Fund,TZINX,DUPLICATE,NULL,Contested: ticker TZINX maps to 2 series with no clear majority — NULLing
664238,2026-04-27,485BPOS,0001655589-26-000596,TEMPLETON INCOME TRUST,Templeton Global Bond Enhanced Fund,FRRGX,DUPLICATE,NULL,Contested: ticker FRRGX maps to 2 series with no clear majority — NULLing
664240,2026-04-27,485BPOS,0001655589-26-000596,TEMPLETON INCOME TRUST,Templeton Global Bond Enhanced Fund,FTTRX,DUPLICATE,NULL,Contested: ticker FTTRX maps to 2 series with no clear majority — NULLing
664236,2026-04-27,485BPOS,0001655589-26-000596,TEMPLETON INCOME TRUST,Templeton Global Bond Enhanced Fund,TGTRX,DUPLICATE,NULL,Contested: ticker TGTRX maps to 2 series with no clear majority — NULLing
664237,2026-04-27,485BPOS,0001655589-26-000596,TEMPLETON INCOME TRUST,Templeton Global Bond Enhanced Fund,TTRCX,DUPLICATE,NULL,Contested: ticker TTRCX maps to 2 series with no clear majority — NULLing
664239,2026-04-27,485BPOS,0001655589-26-000596,TEMPLETON INCOME TRUST,Templeton Global Bond Enhanced Fund,TTRZX,DUPLICATE,NULL,Contested: ticker TTRZX maps to 2 series with no clear majority — NULLing
685822,2026-05-01,497K,0001655589-26-000679,TEMPLETON INCOME TRUST,Templeton Global Bond Enhanced Fund,FRRGX,DUPLICATE,NULL,Contested: ticker FRRGX maps to 2 series with no clear majority — NULLing
685824,2026-05-01,497K,0001655589-26-000679,TEMPLETON INCOME TRUST,Templeton Global Bond Enhanced Fund,FTTRX,DUPLICATE,NULL,Contested: ticker FTTRX maps to 2 series with no clear majority — NULLing
685820,2026-05-01,497K,0001655589-26-000679,TEMPLETON INCOME TRUST,Templeton Global Bond Enhanced Fund,TGTRX,DUPLICATE,NULL,Contested: ticker TGTRX maps to 2 series with no clear majority — NULLing
685821,2026-05-01,497K,0001655589-26-000679,TEMPLETON INCOME TRUST,Templeton Global Bond Enhanced Fund,TTRCX,DUPLICATE,NULL,Contested: ticker TTRCX maps to 2 series with no clear majority — NULLing
685823,2026-05-01,497K,0001655589-26-000679,TEMPLETON INCOME TRUST,Templeton Global Bond Enhanced Fund,TTRZX,DUPLICATE,NULL,Contested: ticker TTRZX maps to 2 series with no clear majority — NULLing
685803,2026-05-01,497K,0001655589-26-000689,TEMPLETON GLOBAL INVESTMENT TRUST,Templeton Global Dynamic Income Fund,FCGBX,DUPLICATE,NULL,Contested: ticker FCGBX maps to 2 series with no clear majority — NULLing
685808,2026-05-01,497K,0001655589-26-000689,TEMPLETON GLOBAL INVESTMENT TRUST,Templeton Global Dynamic Income Fund,TAGBX,DUPLICATE,NULL,Contested: ticker TAGBX maps to 2 series with no clear majority — NULLing
685807,2026-05-01,497K,0001655589-26-000689,TEMPLETON GLOBAL INVESTMENT TRUST,Templeton Global Dynamic Income Fund,TCINX,DUPLICATE,NULL,Contested: ticker TCINX maps to 2 series with no clear majority — NULLing
685806,2026-05-01,497K,0001655589-26-000689,TEMPLETON GLOBAL INVESTMENT TRUST,Templeton Global Dynamic Income Fund,TINCX,DUPLICATE,NULL,Contested: ticker TINCX maps to 2 series with no clear majority — NULLing
685805,2026-05-01,497K,0001655589-26-000689,TEMPLETON GLOBAL INVESTMENT TRUST,Templeton Global Dynamic Income Fund,TZINX,DUPLICATE,NULL,Contested: ticker TZINX maps to 2 series with no clear majority — NULLing
688901,2026-05-05,497J,0001655589-26-000711,TEMPLETON GLOBAL INVESTMENT TRUST,Templeton Global Dynamic Income Fund,FCGBX,DUPLICATE,NULL,Contested: ticker FCGBX maps to 2 series with no clear majority — NULLing
688906,2026-05-05,497J,0001655589-26-000711,TEMPLETON GLOBAL INVESTMENT TRUST,Templeton Global Dynamic Income Fund,TAGBX,DUPLICATE,NULL,Contested: ticker TAGBX maps to 2 series with no clear majority — NULLing
688905,2026-05-05,497J,0001655589-26-000711,TEMPLETON GLOBAL INVESTMENT TRUST,Templeton Global Dynamic Income Fund,TCINX,DUPLICATE,NULL,Contested: ticker TCINX maps to 2 series with no clear majority — NULLing
688904,2026-05-05,497J,0001655589-26-000711,TEMPLETON GLOBAL INVESTMENT TRUST,Templeton Global Dynamic Income Fund,TINCX,DUPLICATE,NULL,Contested: ticker TINCX maps to 2 series with no clear majority — NULLing
688903,2026-05-05,497J,0001655589-26-000711,TEMPLETON GLOBAL INVESTMENT TRUST,Templeton Global Dynamic Income Fund,TZINX,DUPLICATE,NULL,Contested: ticker TZINX maps to 2 series with no clear majority — NULLing
690093,2026-05-05,497J,0001655589-26-000719,TEMPLETON INCOME TRUST,Templeton Global Bond Enhanced Fund,FRRGX,DUPLICATE,NULL,Contested: ticker FRRGX maps to 2 series with no clear majority — NULLing
690095,2026-05-05,497J,0001655589-26-000719,TEMPLETON INCOME TRUST,Templeton Global Bond Enhanced Fund,FTTRX,DUPLICATE,NULL,Contested: ticker FTTRX maps to 2 series with no clear majority — NULLing
690091,2026-05-05,497J,0001655589-26-000719,TEMPLETON INCOME TRUST,Templeton Global Bond Enhanced Fund,TGTRX,DUPLICATE,NULL,Contested: ticker TGTRX maps to 2 series with no clear majority — NULLing
690092,2026-05-05,497J,0001655589-26-000719,TEMPLETON INCOME TRUST,Templeton Global Bond Enhanced Fund,TTRCX,DUPLICATE,NULL,Contested: ticker TTRCX maps to 2 series with no clear majority — NULLing
690094,2026-05-05,497J,0001655589-26-000719,TEMPLETON INCOME TRUST,Templeton Global Bond Enhanced Fund,TTRZX,DUPLICATE,NULL,Contested: ticker TTRZX maps to 2 series with no clear majority — NULLing
715768,2026-06-18,497,0001655589-26-000867,Franklin Global Trust,Franklin Templeton SMACS: Series I,FGTIX,DUPLICATE,NULL,Contested: ticker FGTIX maps to 2 series with no clear majority — NULLing
715796,2026-06-18,497,0001655589-26-000867,Franklin Global Trust,FRANKLIN GROWTH ALLOCATION FUND,FGTIX,DUPLICATE,NULL,Contested: ticker FGTIX maps to 2 series with no clear majority — NULLing
363718,2024-03-01,497J,0001680359-24-000092,DELAWARE GROUP ADVISER FUNDS,DELAWARE DIVERSIFIED INCOME FUND,DPCFX,DUPLICATE,NULL,Contested: ticker DPCFX maps to 3 series with no clear majority — NULLing
363717,2024-03-01,497J,0001680359-24-000092,DELAWARE GROUP ADVISER FUNDS,DELAWARE DIVERSIFIED INCOME FUND,DPDFX,DUPLICATE,NULL,Contested: ticker DPDFX maps to 3 series with no clear majority — NULLing
363719,2024-03-01,497J,0001680359-24-000092,DELAWARE GROUP ADVISER FUNDS,DELAWARE DIVERSIFIED INCOME FUND,DPRFX,DUPLICATE,NULL,Contested: ticker DPRFX maps to 3 series with no clear majority — NULLing
598951,2023-10-03,497J,0001683863-23-007016,Voya EQUITY TRUST,Voya Mid Cap Research Enhanced Index Fund,VYMYX,DUPLICATE,NULL,Contested: ticker VYMYX maps to 2 series with no clear majority — NULLing
598896,2024-10-02,497J,0001683863-24-005920,Voya EQUITY TRUST,Voya Mid Cap Research Enhanced Index Fund,VYMYX,DUPLICATE,NULL,Contested: ticker VYMYX maps to 2 series with no clear majority — NULLing
589562,2023-05-03,497J,0001741773-23-001550,TEMPLETON GLOBAL INVESTMENT TRUST,Templeton Global Balanced Fund,FCGBX,DUPLICATE,NULL,Contested: ticker FCGBX maps to 2 series with no clear majority — NULLing
589567,2023-05-03,497J,0001741773-23-001550,TEMPLETON GLOBAL INVESTMENT TRUST,Templeton Global Balanced Fund,TAGBX,DUPLICATE,NULL,Contested: ticker TAGBX maps to 2 series with no clear majority — NULLing
589566,2023-05-03,497J,0001741773-23-001550,TEMPLETON GLOBAL INVESTMENT TRUST,Templeton Global Balanced Fund,TCINX,DUPLICATE,NULL,Contested: ticker TCINX maps to 2 series with no clear majority — NULLing
589565,2023-05-03,497J,0001741773-23-001550,TEMPLETON GLOBAL INVESTMENT TRUST,Templeton Global Balanced Fund,TINCX,DUPLICATE,NULL,Contested: ticker TINCX maps to 2 series with no clear majority — NULLing
589564,2023-05-03,497J,0001741773-23-001550,TEMPLETON GLOBAL INVESTMENT TRUST,Templeton Global Balanced Fund,TZINX,DUPLICATE,NULL,Contested: ticker TZINX maps to 2 series with no clear majority — NULLing
589663,2023-05-03,497J,0001741773-23-001552,TEMPLETON INCOME TRUST,Templeton Global Total Return Fund,FRRGX,DUPLICATE,NULL,Contested: ticker FRRGX maps to 2 series with no clear majority — NULLing
589665,2023-05-03,497J,0001741773-23-001552,TEMPLETON INCOME TRUST,Templeton Global Total Return Fund,FTTRX,DUPLICATE,NULL,Contested: ticker FTTRX maps to 2 series with no clear majority — NULLing
589661,2023-05-03,497J,0001741773-23-001552,TEMPLETON INCOME TRUST,Templeton Global Total Return Fund,TGTRX,DUPLICATE,NULL,Contested: ticker TGTRX maps to 2 series with no clear majority — NULLing
589662,2023-05-03,497J,0001741773-23-001552,TEMPLETON INCOME TRUST,Templeton Global Total Return Fund,TTRCX,DUPLICATE,NULL,Contested: ticker TTRCX maps to 2 series with no clear majority — NULLing
589664,2023-05-03,497J,0001741773-23-001552,TEMPLETON INCOME TRUST,Templeton Global Total Return Fund,TTRZX,DUPLICATE,NULL,Contested: ticker TTRZX maps to 2 series with no clear majority — NULLing
589549,2024-05-03,497J,0001741773-24-002145,TEMPLETON GLOBAL INVESTMENT TRUST,Templeton Global Balanced Fund,FCGBX,DUPLICATE,NULL,Contested: ticker FCGBX maps to 2 series with no clear majority — NULLing
589554,2024-05-03,497J,0001741773-24-002145,TEMPLETON GLOBAL INVESTMENT TRUST,Templeton Global Balanced Fund,TAGBX,DUPLICATE,NULL,Contested: ticker TAGBX maps to 2 series with no clear majority — NULLing
589553,2024-05-03,497J,0001741773-24-002145,TEMPLETON GLOBAL INVESTMENT TRUST,Templeton Global Balanced Fund,TCINX,DUPLICATE,NULL,Contested: ticker TCINX maps to 2 series with no clear majority — NULLing
589552,2024-05-03,497J,0001741773-24-002145,TEMPLETON GLOBAL INVESTMENT TRUST,Templeton Global Balanced Fund,TINCX,DUPLICATE,NULL,Contested: ticker TINCX maps to 2 series with no clear majority — NULLing
589551,2024-05-03,497J,0001741773-24-002145,TEMPLETON GLOBAL INVESTMENT TRUST,Templeton Global Balanced Fund,TZINX,DUPLICATE,NULL,Contested: ticker TZINX maps to 2 series with no clear majority — NULLing
589643,2024-05-03,497J,0001741773-24-002149,TEMPLETON INCOME TRUST,Templeton Global Total Return Fund,FRRGX,DUPLICATE,NULL,Contested: ticker FRRGX maps to 2 series with no clear majority — NULLing
589645,2024-05-03,497J,0001741773-24-002149,TEMPLETON INCOME TRUST,Templeton Global Total Return Fund,FTTRX,DUPLICATE,NULL,Contested: ticker FTTRX maps to 2 series with no clear majority — NULLing
589641,2024-05-03,497J,0001741773-24-002149,TEMPLETON INCOME TRUST,Templeton Global Total Return Fund,TGTRX,DUPLICATE,NULL,Contested: ticker TGTRX maps to 2 series with no clear majority — NULLing
589642,2024-05-03,497J,0001741773-24-002149,TEMPLETON INCOME TRUST,Templeton Global Total Return Fund,TTRCX,DUPLICATE,NULL,Contested: ticker TTRCX maps to 2 series with no clear majority — NULLing
589644,2024-05-03,497J,0001741773-24-002149,TEMPLETON INCOME TRUST,Templeton Global Total Return Fund,TTRZX,DUPLICATE,NULL,Contested: ticker TTRZX maps to 2 series with no clear majority — NULLing
589536,2025-05-05,497J,0001741773-25-001924,TEMPLETON GLOBAL INVESTMENT TRUST,Templeton Global Balanced Fund,FCGBX,DUPLICATE,NULL,Contested: ticker FCGBX maps to 2 series with no clear majority — NULLing
589541,2025-05-05,497J,0001741773-25-001924,TEMPLETON GLOBAL INVESTMENT TRUST,Templeton Global Balanced Fund,TAGBX,DUPLICATE,NULL,Contested: ticker TAGBX maps to 2 series with no clear majority — NULLing
589540,2025-05-05,497J,0001741773-25-001924,TEMPLETON GLOBAL INVESTMENT TRUST,Templeton Global Balanced Fund,TCINX,DUPLICATE,NULL,Contested: ticker TCINX maps to 2 series with no clear majority — NULLing
589539,2025-05-05,497J,0001741773-25-001924,TEMPLETON GLOBAL INVESTMENT TRUST,Templeton Global Balanced Fund,TINCX,DUPLICATE,NULL,Contested: ticker TINCX maps to 2 series with no clear majority — NULLing
589538,2025-05-05,497J,0001741773-25-001924,TEMPLETON GLOBAL INVESTMENT TRUST,Templeton Global Balanced Fund,TZINX,DUPLICATE,NULL,Contested: ticker TZINX maps to 2 series with no clear majority — NULLing
589623,2025-05-05,497J,0001741773-25-001925,TEMPLETON INCOME TRUST,Templeton Global Total Return Fund,FRRGX,DUPLICATE,NULL,Contested: ticker FRRGX maps to 2 series with no clear majority — NULLing
589625,2025-05-05,497J,0001741773-25-001925,TEMPLETON INCOME TRUST,Templeton Global Total Return Fund,FTTRX,DUPLICATE,NULL,Contested: ticker FTTRX maps to 2 series with no clear majority — NULLing
589621,2025-05-05,497J,0001741773-25-001925,TEMPLETON INCOME TRUST,Templeton Global Total Return Fund,TGTRX,DUPLICATE,NULL,Contested: ticker TGTRX maps to 2 series with no clear majority — NULLing
589622,2025-05-05,497J,0001741773-25-001925,TEMPLETON INCOME TRUST,Templeton Global Total Return Fund,TTRCX,DUPLICATE,NULL,Contested: ticker TTRCX maps to 2 series with no clear majority — NULLing
589624,2025-05-05,497J,0001741773-25-001925,TEMPLETON INCOME TRUST,Templeton Global Total Return Fund,TTRZX,DUPLICATE,NULL,Contested: ticker TTRZX maps to 2 series with no clear majority — NULLing
703399,2026-05-27,485BPOS,0001771146-26-001065,ETF Opportunities Trust,Tuttle Capital Pure Play Photonics ETF,FOTO,DUPLICATE,NULL,Contested: ticker FOTO maps to 2 series with no clear majority — NULLing
703400,2026-05-27,485BPOS,0001771146-26-001065,ETF Opportunities Trust,Tuttle Capital Photonics Income Blast ETF,FOTO,DUPLICATE,NULL,Contested: ticker FOTO maps to 2 series with no clear majority — NULLing
705429,2026-05-29,485BPOS,0001771146-26-001108,ETF Opportunities Trust,Tuttle Capital Concentrated Memory Stack ETF,HBMX,DUPLICATE,KEEP,Canonical owner of HBMX (3 of 5 extractions)
705430,2026-05-29,485BPOS,0001771146-26-001108,ETF Opportunities Trust,Tuttle Capital Memory Stack Income Blast ETF,HBMX,DUPLICATE,NULL,"Bleed: ticker HBMX canonically belongs to 'Tuttle Capital Concentrated Memory Stack', not this series"
707390,2026-06-01,497,0001771146-26-001121,ETF Opportunities Trust,Tuttle Capital Concentrated Memory Stack ETF,HBMX,DUPLICATE,KEEP,Canonical owner of HBMX (3 of 5 extractions)
707391,2026-06-01,497,0001771146-26-001121,ETF Opportunities Trust,Tuttle Capital Memory Stack Income Blast ETF,HBMX,DUPLICATE,NULL,"Bleed: ticker HBMX canonically belongs to 'Tuttle Capital Concentrated Memory Stack', not this series"
711047,2026-06-09,485BPOS,0001771146-26-001222,ETF Opportunities Trust,T-REX 2X Long SpaceX Daily Target ETF,SPAX,DUPLICATE,NULL,Contested: ticker SPAX maps to 2 series with no clear majority — NULLing
716287,2026-06-18,497,0001771146-26-001278,ETF Opportunities Trust,T-REX 2X Long SPCX Daily Target ETF,SPAX,DUPLICATE,NULL,Contested: ticker SPAX maps to 2 series with no clear majority — NULLing
90534,2022-07-29,485BPOS,0001829126-22-014824,Krane Shares Trust,KraneShares Eastern US Carbon ETF,KRGI,DUPLICATE,NULL,Contested: ticker KRGI maps to 2 series with no clear majority — NULLing
90752,2022-07-29,485BPOS,0001829126-22-014824,Krane Shares Trust,KraneShares Eastern US Carbon ETF,KRGI,DUPLICATE,NULL,Contested: ticker KRGI maps to 2 series with no clear majority — NULLing
90470,2022-08-02,497J,0001829126-22-014998,Krane Shares Trust,KraneShares Eastern US Carbon ETF,KRGI,DUPLICATE,NULL,Contested: ticker KRGI maps to 2 series with no clear majority — NULLing
90688,2022-08-02,497J,0001829126-22-014998,Krane Shares Trust,KraneShares Eastern US Carbon ETF,KRGI,DUPLICATE,NULL,Contested: ticker KRGI maps to 2 series with no clear majority — NULLing
90409,2023-03-28,497,0001829126-23-002336,Krane Shares Trust,KraneShares Eastern US Carbon ETF,KRGI,DUPLICATE,NULL,Contested: ticker KRGI maps to 2 series with no clear majority — NULLing
90627,2023-03-28,497,0001829126-23-002336,Krane Shares Trust,KraneShares Eastern US Carbon ETF,KRGI,DUPLICATE,NULL,Contested: ticker KRGI maps to 2 series with no clear majority — NULLing
90389,2023-07-28,485BPOS,0001829126-23-004982,Krane Shares Trust,KraneShares Eastern US Carbon ETF,KRGI,DUPLICATE,NULL,Contested: ticker KRGI maps to 2 series with no clear majority — NULLing
90607,2023-07-28,485BPOS,0001829126-23-004982,Krane Shares Trust,KraneShares Eastern US Carbon ETF,KRGI,DUPLICATE,NULL,Contested: ticker KRGI maps to 2 series with no clear majority — NULLing
90323,2023-08-01,497J,0001829126-23-005072,Krane Shares Trust,KraneShares Eastern US Carbon ETF,KRGI,DUPLICATE,NULL,Contested: ticker KRGI maps to 2 series with no clear majority — NULLing
90150,2024-07-29,485BPOS,0001829126-24-005055,Krane Shares Trust,KraneShares Eastern US Carbon Strategy ETF,KRGI,DUPLICATE,NULL,Contested: ticker KRGI maps to 2 series with no clear majority — NULLing
90087,2024-08-02,497J,0001829126-24-005168,Krane Shares Trust,KraneShares Eastern US Carbon Strategy ETF,KRGI,DUPLICATE,NULL,Contested: ticker KRGI maps to 2 series with no clear majority — NULLing
90047,2024-08-12,497,0001829126-24-005418,Krane Shares Trust,KraneShares Eastern US Carbon Strategy ETF,KRGI,DUPLICATE,NULL,Contested: ticker KRGI maps to 2 series with no clear majority — NULLing
89996,2024-09-06,497,0001829126-24-006138,Krane Shares Trust,KraneShares Eastern US Carbon Strategy ETF,KRGI,DUPLICATE,NULL,Contested: ticker KRGI maps to 2 series with no clear majority — NULLing
89810,2025-07-29,485BPOS,0001829126-25-005510,Krane Shares Trust,KraneShares Eastern US Carbon Strategy ETF,KRGI,DUPLICATE,NULL,Contested: ticker KRGI maps to 2 series with no clear majority — NULLing
89747,2025-08-04,497J,0001829126-25-005734,Krane Shares Trust,KraneShares Eastern US Carbon Strategy ETF,KRGI,DUPLICATE,NULL,Contested: ticker KRGI maps to 2 series with no clear majority — NULLing
106454,2026-02-20,497,0001829126-26-001507,Krane Shares Trust,KraneShares Eastern US Carbon Strategy ETF,KRGI,DUPLICATE,NULL,Contested: ticker KRGI maps to 2 series with no clear majority — NULLing
106411,2026-02-20,497,0001829126-26-001527,Krane Shares Trust,KraneShares Eastern US Carbon Strategy ETF,KRGI,DUPLICATE,NULL,Contested: ticker KRGI maps to 2 series with no clear majority — NULLing
700925,2026-05-21,497,0001829126-26-005561,Krane Shares Trust,KraneShares Eastern US Carbon Strategy ETF,KRGI,DUPLICATE,NULL,Contested: ticker KRGI maps to 2 series with no clear majority — NULLing
706182,2026-06-01,497,0001829126-26-005835,BondBloxx ETF Trust,BondBloxx B Rated USD High Yield Corporate Bond ETF,XBB,DUPLICATE,NULL,"Bleed: ticker XBB canonically belongs to 'BondBloxx BB Rated USD High Yield Corpor', not this series"
706183,2026-06-01,497,0001829126-26-005835,BondBloxx ETF Trust,BondBloxx BB Rated USD High Yield Corporate Bond ETF,XBB,DUPLICATE,KEEP,Canonical owner of XBB (9 of 11 extractions)
706184,2026-06-01,497,0001829126-26-005835,BondBloxx ETF Trust,BondBloxx CCC Rated USD High Yield Corporate Bond ETF,XBB,DUPLICATE,NULL,"Bleed: ticker XBB canonically belongs to 'BondBloxx BB Rated USD High Yield Corpor', not this series"
54255,2023-11-22,497J,0001839882-23-031288,Tidal Trust I,Unlimited HFEM Emerging Markets Return Tracker ETF,HFEM,DUPLICATE,NULL,Contested: ticker HFEM maps to 2 series with no clear majority — NULLing
54257,2023-11-22,497J,0001839882-23-031288,Tidal Trust I,Unlimited HFEV Event Driven Return Tracker ETF,HFEV,DUPLICATE,NULL,Contested: ticker HFEV maps to 2 series with no clear majority — NULLing
54258,2023-11-22,497J,0001839882-23-031288,Tidal Trust I,Unlimited HFFI Fixed Income Return Tracker ETF,HFFI,DUPLICATE,NULL,Contested: ticker HFFI maps to 2 series with no clear majority — NULLing
54262,2023-11-22,497J,0001839882-23-031288,Tidal Trust I,Unlimited Ultra HFND Multi-Strategy Return Tracker ETF,HFUL,DUPLICATE,NULL,Contested: ticker HFUL maps to 2 series with no clear majority — NULLing
54042,2024-12-19,485BXT,0001839882-24-045955,Tidal Trust I,Unlimited HFEM Emerging Markets Return Tracker ETF,HFEM,DUPLICATE,NULL,Contested: ticker HFEM maps to 2 series with no clear majority — NULLing
54044,2024-12-19,485BXT,0001839882-24-045955,Tidal Trust I,Unlimited HFEV Event Driven Return Tracker ETF,HFEV,DUPLICATE,NULL,Contested: ticker HFEV maps to 2 series with no clear majority — NULLing
54045,2024-12-19,485BXT,0001839882-24-045955,Tidal Trust I,Unlimited HFFI Fixed Income Return Tracker ETF,HFFI,DUPLICATE,NULL,Contested: ticker HFFI maps to 2 series with no clear majority — NULLing
54049,2024-12-19,485BXT,0001839882-24-045955,Tidal Trust I,Unlimited Ultra HFND Multi-Strategy Return Tracker ETF,HFUL,DUPLICATE,NULL,Contested: ticker HFUL maps to 2 series with no clear majority — NULLing
53975,2025-02-11,485BPOS,0001839882-25-008397,Tidal Trust I,Unlimited HFEM Emerging Markets ETF,HFEM,DUPLICATE,NULL,Contested: ticker HFEM maps to 2 series with no clear majority — NULLing
53977,2025-02-11,485BPOS,0001839882-25-008397,Tidal Trust I,Unlimited HFEV Event Driven ETF,HFEV,DUPLICATE,NULL,Contested: ticker HFEV maps to 2 series with no clear majority — NULLing
53978,2025-02-11,485BPOS,0001839882-25-008397,Tidal Trust I,Unlimited HFFI Fixed Income ETF,HFFI,DUPLICATE,NULL,Contested: ticker HFFI maps to 2 series with no clear majority — NULLing
53982,2025-02-11,485BPOS,0001839882-25-008397,Tidal Trust I,Unlimited Ultra HFND Multi-Strategy ETF,HFUL,DUPLICATE,NULL,Contested: ticker HFUL maps to 2 series with no clear majority — NULLing
53967,2025-02-14,497J,0001839882-25-009020,Tidal Trust I,Unlimited HFEM Emerging Markets ETF,HFEM,DUPLICATE,NULL,Contested: ticker HFEM maps to 2 series with no clear majority — NULLing
53969,2025-02-14,497J,0001839882-25-009020,Tidal Trust I,Unlimited HFEV Event Driven ETF,HFEV,DUPLICATE,NULL,Contested: ticker HFEV maps to 2 series with no clear majority — NULLing
53970,2025-02-14,497J,0001839882-25-009020,Tidal Trust I,Unlimited HFFI Fixed Income ETF,HFFI,DUPLICATE,NULL,Contested: ticker HFFI maps to 2 series with no clear majority — NULLing
53974,2025-02-14,497J,0001839882-25-009020,Tidal Trust I,Unlimited Ultra HFND Multi-Strategy ETF,HFUL,DUPLICATE,NULL,Contested: ticker HFUL maps to 2 series with no clear majority — NULLing
54267,2023-11-17,485BPOS,0001999371-23-000328,Tidal Trust I,Unlimited HFEM Emerging Markets Return Tracker ETF,HFEM,DUPLICATE,NULL,Contested: ticker HFEM maps to 2 series with no clear majority — NULLing
54269,2023-11-17,485BPOS,0001999371-23-000328,Tidal Trust I,Unlimited HFEV Event Driven Return Tracker ETF,HFEV,DUPLICATE,NULL,Contested: ticker HFEV maps to 2 series with no clear majority — NULLing
54270,2023-11-17,485BPOS,0001999371-23-000328,Tidal Trust I,Unlimited HFFI Fixed Income Return Tracker ETF,HFFI,DUPLICATE,NULL,Contested: ticker HFFI maps to 2 series with no clear majority — NULLing
54274,2023-11-17,485BPOS,0001999371-23-000328,Tidal Trust I,Unlimited Ultra HFND Multi-Strategy Return Tracker ETF,HFUL,DUPLICATE,NULL,Contested: ticker HFUL maps to 2 series with no clear majority — NULLing
43209,2024-06-18,485BPOS,0001999371-24-007577,Kurv ETF Trust,Kurv TaxOptimized U.S. Large Cap ETF,LCTO,DUPLICATE,NULL,Contested: ticker LCTO maps to 2 series with no clear majority — NULLing
54085,2024-10-17,485APOS,0001999371-24-013499,Tidal Trust I,Unlimited HFEM Emerging Markets Return Tracker ETF,HFEM,DUPLICATE,NULL,Contested: ticker HFEM maps to 2 series with no clear majority — NULLing
54087,2024-10-17,485APOS,0001999371-24-013499,Tidal Trust I,Unlimited HFEV Event Driven Return Tracker ETF,HFEV,DUPLICATE,NULL,Contested: ticker HFEV maps to 2 series with no clear majority — NULLing
54088,2024-10-17,485APOS,0001999371-24-013499,Tidal Trust I,Unlimited HFFI Fixed Income Return Tracker ETF,HFFI,DUPLICATE,NULL,Contested: ticker HFFI maps to 2 series with no clear majority — NULLing
54092,2024-10-17,485APOS,0001999371-24-013499,Tidal Trust I,Unlimited Ultra HFND Multi-Strategy Return Tracker ETF,HFUL,DUPLICATE,NULL,Contested: ticker HFUL maps to 2 series with no clear majority — NULLing
54059,2024-12-13,485BXT,0001999371-24-015392,Tidal Trust I,Unlimited HFEM Emerging Markets Return Tracker ETF,HFEM,DUPLICATE,NULL,Contested: ticker HFEM maps to 2 series with no clear majority — NULLing
54061,2024-12-13,485BXT,0001999371-24-015392,Tidal Trust I,Unlimited HFEV Event Driven Return Tracker ETF,HFEV,DUPLICATE,NULL,Contested: ticker HFEV maps to 2 series with no clear majority — NULLing
54062,2024-12-13,485BXT,0001999371-24-015392,Tidal Trust I,Unlimited HFFI Fixed Income Return Tracker ETF,HFFI,DUPLICATE,NULL,Contested: ticker HFFI maps to 2 series with no clear majority — NULLing
54066,2024-12-13,485BXT,0001999371-24-015392,Tidal Trust I,Unlimited Ultra HFND Multi-Strategy Return Tracker ETF,HFUL,DUPLICATE,NULL,Contested: ticker HFUL maps to 2 series with no clear majority — NULLing
54013,2025-01-16,485BXT,0001999371-25-000371,Tidal Trust I,Unlimited HFEM Emerging Markets Return Tracker ETF,HFEM,DUPLICATE,NULL,Contested: ticker HFEM maps to 2 series with no clear majority — NULLing
54015,2025-01-16,485BXT,0001999371-25-000371,Tidal Trust I,Unlimited HFEV Event Driven Return Tracker ETF,HFEV,DUPLICATE,NULL,Contested: ticker HFEV maps to 2 series with no clear majority — NULLing
54016,2025-01-16,485BXT,0001999371-25-000371,Tidal Trust I,Unlimited HFFI Fixed Income Return Tracker ETF,HFFI,DUPLICATE,NULL,Contested: ticker HFFI maps to 2 series with no clear majority — NULLing
54020,2025-01-16,485BXT,0001999371-25-000371,Tidal Trust I,Unlimited Ultra HFND Multi-Strategy Return Tracker ETF,HFUL,DUPLICATE,NULL,Contested: ticker HFUL maps to 2 series with no clear majority — NULLing
54003,2025-01-24,485BXT,0001999371-25-000608,Tidal Trust I,Unlimited HFEM Emerging Markets Return Tracker ETF,HFEM,DUPLICATE,NULL,Contested: ticker HFEM maps to 2 series with no clear majority — NULLing
54005,2025-01-24,485BXT,0001999371-25-000608,Tidal Trust I,Unlimited HFEV Event Driven Return Tracker ETF,HFEV,DUPLICATE,NULL,Contested: ticker HFEV maps to 2 series with no clear majority — NULLing
54006,2025-01-24,485BXT,0001999371-25-000608,Tidal Trust I,Unlimited HFFI Fixed Income Return Tracker ETF,HFFI,DUPLICATE,NULL,Contested: ticker HFFI maps to 2 series with no clear majority — NULLing
54010,2025-01-24,485BXT,0001999371-25-000608,Tidal Trust I,Unlimited Ultra HFND Multi-Strategy Return Tracker ETF,HFUL,DUPLICATE,NULL,Contested: ticker HFUL maps to 2 series with no clear majority — NULLing
53891,2025-06-03,497,0001999371-25-007071,Tidal Trust I,Unlimited HFEM Emerging Markets ETF,HFEM,DUPLICATE,NULL,Contested: ticker HFEM maps to 2 series with no clear majority — NULLing
53893,2025-06-03,497,0001999371-25-007071,Tidal Trust I,Unlimited HFEV Event Driven ETF,HFEV,DUPLICATE,NULL,Contested: ticker HFEV maps to 2 series with no clear majority — NULLing
53894,2025-06-03,497,0001999371-25-007071,Tidal Trust I,Unlimited HFFI Fixed Income ETF,HFFI,DUPLICATE,NULL,Contested: ticker HFFI maps to 2 series with no clear majority — NULLing
53898,2025-06-03,497,0001999371-25-007071,Tidal Trust I,Unlimited Ultra HFND Multi-Strategy ETF,HFUL,DUPLICATE,NULL,Contested: ticker HFUL maps to 2 series with no clear majority — NULLing
53804,2025-08-01,497,0001999371-25-010430,Tidal Trust I,Unlimited HFEM Emerging Markets ETF,HFEM,DUPLICATE,NULL,Contested: ticker HFEM maps to 2 series with no clear majority — NULLing
53806,2025-08-01,497,0001999371-25-010430,Tidal Trust I,Unlimited HFEV Event Driven ETF,HFEV,DUPLICATE,NULL,Contested: ticker HFEV maps to 2 series with no clear majority — NULLing
53807,2025-08-01,497,0001999371-25-010430,Tidal Trust I,Unlimited HFFI Fixed Income ETF,HFFI,DUPLICATE,NULL,Contested: ticker HFFI maps to 2 series with no clear majority — NULLing
53811,2025-08-01,497,0001999371-25-010430,Tidal Trust I,Unlimited Ultra HFND Multi-Strategy ETF,HFUL,DUPLICATE,NULL,Contested: ticker HFUL maps to 2 series with no clear majority — NULLing
53683,2025-12-23,485BPOS,0001999371-25-021108,Tidal Trust I,Unlimited HFEM Emerging Markets ETF,HFEM,DUPLICATE,NULL,Contested: ticker HFEM maps to 2 series with no clear majority — NULLing
53685,2025-12-23,485BPOS,0001999371-25-021108,Tidal Trust I,Unlimited HFEV Event Driven ETF,HFEV,DUPLICATE,NULL,Contested: ticker HFEV maps to 2 series with no clear majority — NULLing
53686,2025-12-23,485BPOS,0001999371-25-021108,Tidal Trust I,Unlimited HFFI Fixed Income ETF,HFFI,DUPLICATE,NULL,Contested: ticker HFFI maps to 2 series with no clear majority — NULLing
53690,2025-12-23,485BPOS,0001999371-25-021108,Tidal Trust I,Unlimited Ultra HFND Multi-Strategy ETF,HFUL,DUPLICATE,NULL,Contested: ticker HFUL maps to 2 series with no clear majority — NULLing
53659,2026-01-05,497J,0001999371-26-000109,Tidal Trust I,Unlimited HFEM Emerging Markets ETF,HFEM,DUPLICATE,NULL,Contested: ticker HFEM maps to 2 series with no clear majority — NULLing
53661,2026-01-05,497J,0001999371-26-000109,Tidal Trust I,Unlimited HFEV Event Driven ETF,HFEV,DUPLICATE,NULL,Contested: ticker HFEV maps to 2 series with no clear majority — NULLing
53662,2026-01-05,497J,0001999371-26-000109,Tidal Trust I,Unlimited HFFI Fixed Income ETF,HFFI,DUPLICATE,NULL,Contested: ticker HFFI maps to 2 series with no clear majority — NULLing
53666,2026-01-05,497J,0001999371-26-000109,Tidal Trust I,Unlimited Ultra HFND Multi-Strategy ETF,HFUL,DUPLICATE,NULL,Contested: ticker HFUL maps to 2 series with no clear majority — NULLing
688518,2026-05-04,497,0001999371-26-009885,Tidal Trust I,Unlimited HFEM Emerging Markets ETF,HFEM,DUPLICATE,NULL,Contested: ticker HFEM maps to 2 series with no clear majority — NULLing
688520,2026-05-04,497,0001999371-26-009885,Tidal Trust I,Unlimited HFEV Event Driven ETF,HFEV,DUPLICATE,NULL,Contested: ticker HFEV maps to 2 series with no clear majority — NULLing
688521,2026-05-04,497,0001999371-26-009885,Tidal Trust I,Unlimited HFFI Fixed Income ETF,HFFI,DUPLICATE,NULL,Contested: ticker HFFI maps to 2 series with no clear majority — NULLing
688525,2026-05-04,497,0001999371-26-009885,Tidal Trust I,Unlimited Ultra HFND Multi-Strategy ETF,HFUL,DUPLICATE,NULL,Contested: ticker HFUL maps to 2 series with no clear majority — NULLing
710409,2026-06-08,497,0001999371-26-012284,Valkyrie ETF Trust II,CoinShares Bitcoin and Ether ETF,BTF,DUPLICATE,NULL,Contested: ticker BTF maps to 2 series with no clear majority — NULLing
710420,2026-06-08,497K,0001999371-26-012298,Tidal Trust II,Defiance Long Pure Quantum ETF,QTUP,DUPLICATE,NULL,Contested: ticker QTUP maps to 2 series with no clear majority — NULLing
716580,2026-06-22,497,0001999371-26-013172,Tidal Trust II,Defiance Pure Quantum ETF,QTUP,DUPLICATE,NULL,Contested: ticker QTUP maps to 2 series with no clear majority — NULLing
726737,2026-07-01,485BPOS,0001999371-26-014051,Kurv ETF Trust,Kurv U.S. Large Cap TaxOptimized ETF,LCTO,DUPLICATE,NULL,Contested: ticker LCTO maps to 2 series with no clear majority — NULLing
454700,2025-03-26,497,0002061590-25-000023,IVY FUNDS,Macquarie Balanced Fund,IBARX,DUPLICATE,NULL,Contested: ticker IBARX maps to 3 series with no clear majority — NULLing
454696,2025-03-26,497,0002061590-25-000023,IVY FUNDS,Macquarie Balanced Fund,IBNAX,DUPLICATE,NULL,Contested: ticker IBNAX maps to 3 series with no clear majority — NULLing
454697,2025-03-26,497,0002061590-25-000023,IVY FUNDS,Macquarie Balanced Fund,IBNCX,DUPLICATE,NULL,Contested: ticker IBNCX maps to 3 series with no clear majority — NULLing
454699,2025-03-26,497,0002061590-25-000023,IVY FUNDS,Macquarie Balanced Fund,IBNYX,DUPLICATE,NULL,Contested: ticker IBNYX maps to 3 series with no clear majority — NULLing
454695,2025-03-26,497,0002061590-25-000024,IVY FUNDS,Macquarie Balanced Fund,IBARX,DUPLICATE,NULL,Contested: ticker IBARX maps to 3 series with no clear majority — NULLing
454692,2025-03-26,497,0002061590-25-000024,IVY FUNDS,Macquarie Balanced Fund,IBNAX,DUPLICATE,NULL,Contested: ticker IBNAX maps to 3 series with no clear majority — NULLing
454693,2025-03-26,497,0002061590-25-000024,IVY FUNDS,Macquarie Balanced Fund,IBNCX,DUPLICATE,NULL,Contested: ticker IBNCX maps to 3 series with no clear majority — NULLing
454144,2025-08-05,497J,0002061590-25-000150,IVY FUNDS,Macquarie Balanced Fund,IBARX,DUPLICATE,NULL,Contested: ticker IBARX maps to 3 series with no clear majority — NULLing
454139,2025-08-05,497J,0002061590-25-000150,IVY FUNDS,Macquarie Balanced Fund,IBNAX,DUPLICATE,NULL,Contested: ticker IBNAX maps to 3 series with no clear majority — NULLing
454140,2025-08-05,497J,0002061590-25-000150,IVY FUNDS,Macquarie Balanced Fund,IBNCX,DUPLICATE,NULL,Contested: ticker IBNCX maps to 3 series with no clear majority — NULLing
454142,2025-08-05,497J,0002061590-25-000150,IVY FUNDS,Macquarie Balanced Fund,IBNYX,DUPLICATE,NULL,Contested: ticker IBNYX maps to 3 series with no clear majority — NULLing
454094,2025-08-05,497J,0002061590-25-000150,IVY FUNDS,Macquarie Asset Strategy Fund,IVAEX,DUPLICATE,NULL,Contested: ticker IVAEX maps to 3 series with no clear majority — NULLing
454166,2025-08-05,497J,0002061590-25-000150,IVY FUNDS,Macquarie Smid Cap Core Fund,IVVIX,DUPLICATE,NULL,Contested: ticker IVVIX maps to 3 series with no clear majority — NULLing
454164,2025-08-05,497J,0002061590-25-000150,IVY FUNDS,Macquarie Smid Cap Core Fund,IYSAX,DUPLICATE,NULL,Contested: ticker IYSAX maps to 3 series with no clear majority — NULLing
454165,2025-08-05,497J,0002061590-25-000150,IVY FUNDS,Macquarie Smid Cap Core Fund,IYSCX,DUPLICATE,NULL,Contested: ticker IYSCX maps to 3 series with no clear majority — NULLing
454167,2025-08-05,497J,0002061590-25-000150,IVY FUNDS,Macquarie Smid Cap Core Fund,IYSMX,DUPLICATE,NULL,Contested: ticker IYSMX maps to 3 series with no clear majority — NULLing
454163,2025-08-05,497J,0002061590-25-000150,IVY FUNDS,Macquarie Smid Cap Core Fund,IYSYX,DUPLICATE,NULL,Contested: ticker IYSYX maps to 3 series with no clear majority — NULLing
453960,2025-09-18,485BPOS,0002071844-25-000022,IVY FUNDS,Macquarie Balanced Fund,IBARX,DUPLICATE,NULL,Contested: ticker IBARX maps to 3 series with no clear majority — NULLing
453956,2025-09-18,485BPOS,0002071844-25-000022,IVY FUNDS,Macquarie Balanced Fund,IBNAX,DUPLICATE,NULL,Contested: ticker IBNAX maps to 3 series with no clear majority — NULLing
453957,2025-09-18,485BPOS,0002071844-25-000022,IVY FUNDS,Macquarie Balanced Fund,IBNCX,DUPLICATE,NULL,Contested: ticker IBNCX maps to 3 series with no clear majority — NULLing
453959,2025-09-18,485BPOS,0002071844-25-000022,IVY FUNDS,Macquarie Balanced Fund,IBNYX,DUPLICATE,NULL,Contested: ticker IBNYX maps to 3 series with no clear majority — NULLing
453955,2025-09-18,485BPOS,0002071844-25-000025,IVY FUNDS,Macquarie Balanced Fund,IBARX,DUPLICATE,NULL,Contested: ticker IBARX maps to 3 series with no clear majority — NULLing
453952,2025-09-18,485BPOS,0002071844-25-000025,IVY FUNDS,Macquarie Balanced Fund,IBNAX,DUPLICATE,NULL,Contested: ticker IBNAX maps to 3 series with no clear majority — NULLing
453953,2025-09-18,485BPOS,0002071844-25-000025,IVY FUNDS,Macquarie Balanced Fund,IBNCX,DUPLICATE,NULL,Contested: ticker IBNCX maps to 3 series with no clear majority — NULLing
361286,2025-09-26,497,0002071844-25-000087,DELAWARE GROUP ADVISER FUNDS,Macquarie Extended Duration Bond Fund,DEEAX,DUPLICATE,NULL,Contested: ticker DEEAX maps to 3 series with no clear majority — NULLing
361287,2025-09-26,497,0002071844-25-000087,DELAWARE GROUP ADVISER FUNDS,Macquarie Extended Duration Bond Fund,DEECX,DUPLICATE,NULL,Contested: ticker DEECX maps to 3 series with no clear majority — NULLing
361288,2025-09-26,497,0002071844-25-000087,DELAWARE GROUP ADVISER FUNDS,Macquarie Extended Duration Bond Fund,DEERX,DUPLICATE,NULL,Contested: ticker DEERX maps to 3 series with no clear majority — NULLing
361290,2025-09-26,497,0002071844-25-000087,DELAWARE GROUP ADVISER FUNDS,Macquarie Extended Duration Bond Fund,DEZRX,DUPLICATE,NULL,Contested: ticker DEZRX maps to 3 series with no clear majority — NULLing
361284,2025-09-26,497,0002071844-25-000087,DELAWARE GROUP ADVISER FUNDS,Macquarie Corporate Bond Fund,DGCIX,DUPLICATE,NULL,Contested: ticker DGCIX maps to 3 series with no clear majority — NULLing
361480,2025-09-26,497,0002071844-25-000087,DELAWARE GROUP ADVISER FUNDS,Macquarie Diversified Income Fund,DPCFX,DUPLICATE,NULL,Contested: ticker DPCFX maps to 3 series with no clear majority — NULLing
361479,2025-09-26,497,0002071844-25-000087,DELAWARE GROUP ADVISER FUNDS,Macquarie Diversified Income Fund,DPDFX,DUPLICATE,NULL,Contested: ticker DPDFX maps to 3 series with no clear majority — NULLing
361481,2025-09-26,497,0002071844-25-000087,DELAWARE GROUP ADVISER FUNDS,Macquarie Diversified Income Fund,DPRFX,DUPLICATE,NULL,Contested: ticker DPRFX maps to 3 series with no clear majority — NULLing
361355,2025-09-26,497,0002071844-25-000087,DELAWARE GROUP ADVISER FUNDS,Macquarie Global Listed Real Assets Fund,DPRSX,DUPLICATE,NULL,Contested: ticker DPRSX maps to 3 series with no clear majority — NULLing
361366,2025-09-26,497,0002071844-25-000087,DELAWARE GROUP ADVISER FUNDS,Macquarie Asset Strategy Fund,IASRX,DUPLICATE,NULL,Contested: ticker IASRX maps to 3 series with no clear majority — NULLing
361367,2025-09-26,497,0002071844-25-000087,DELAWARE GROUP ADVISER FUNDS,Macquarie Asset Strategy Fund,IASTX,DUPLICATE,NULL,Contested: ticker IASTX maps to 3 series with no clear majority — NULLing
361415,2025-09-26,497,0002071844-25-000087,DELAWARE GROUP ADVISER FUNDS,Macquarie Balanced Fund,IBARX,DUPLICATE,NULL,Contested: ticker IBARX maps to 3 series with no clear majority — NULLing
361410,2025-09-26,497,0002071844-25-000087,DELAWARE GROUP ADVISER FUNDS,Macquarie Balanced Fund,IBNAX,DUPLICATE,NULL,Contested: ticker IBNAX maps to 3 series with no clear majority — NULLing
361411,2025-09-26,497,0002071844-25-000087,DELAWARE GROUP ADVISER FUNDS,Macquarie Balanced Fund,IBNCX,DUPLICATE,NULL,Contested: ticker IBNCX maps to 3 series with no clear majority — NULLing
361413,2025-09-26,497,0002071844-25-000087,DELAWARE GROUP ADVISER FUNDS,Macquarie Balanced Fund,IBNYX,DUPLICATE,NULL,Contested: ticker IBNYX maps to 3 series with no clear majority — NULLing
361365,2025-09-26,497,0002071844-25-000087,DELAWARE GROUP ADVISER FUNDS,Macquarie Asset Strategy Fund,IVAEX,DUPLICATE,NULL,Contested: ticker IVAEX maps to 3 series with no clear majority — NULLing
361414,2025-09-26,497,0002071844-25-000087,DELAWARE GROUP ADVISER FUNDS,Macquarie Balanced Fund,IYBFX,DUPLICATE,NULL,Contested: ticker IYBFX maps to 3 series with no clear majority — NULLing
361412,2025-09-26,497,0002071844-25-000087,DELAWARE GROUP ADVISER FUNDS,Macquarie Balanced Fund,IYBIX,DUPLICATE,NULL,Contested: ticker IYBIX maps to 3 series with no clear majority — NULLing
361362,2025-09-26,497,0002071844-25-000087,DELAWARE GROUP ADVISER FUNDS,Macquarie Asset Strategy Fund,WASAX,DUPLICATE,NULL,Contested: ticker WASAX maps to 3 series with no clear majority — NULLing
361363,2025-09-26,497,0002071844-25-000087,DELAWARE GROUP ADVISER FUNDS,Macquarie Asset Strategy Fund,WASCX,DUPLICATE,NULL,Contested: ticker WASCX maps to 3 series with no clear majority — NULLing
361364,2025-09-26,497,0002071844-25-000087,DELAWARE GROUP ADVISER FUNDS,Macquarie Asset Strategy Fund,WASYX,DUPLICATE,NULL,Contested: ticker WASYX maps to 3 series with no clear majority — NULLing
361099,2025-09-30,497,0002071844-25-000134,DELAWARE GROUP ADVISER FUNDS,Macquarie Extended Duration Bond Fund,DEEAX,DUPLICATE,NULL,Contested: ticker DEEAX maps to 3 series with no clear majority — NULLing
361100,2025-09-30,497,0002071844-25-000134,DELAWARE GROUP ADVISER FUNDS,Macquarie Extended Duration Bond Fund,DEECX,DUPLICATE,NULL,Contested: ticker DEECX maps to 3 series with no clear majority — NULLing
361101,2025-09-30,497,0002071844-25-000134,DELAWARE GROUP ADVISER FUNDS,Macquarie Extended Duration Bond Fund,DEERX,DUPLICATE,NULL,Contested: ticker DEERX maps to 3 series with no clear majority — NULLing
361103,2025-09-30,497,0002071844-25-000134,DELAWARE GROUP ADVISER FUNDS,Macquarie Extended Duration Bond Fund,DEZRX,DUPLICATE,NULL,Contested: ticker DEZRX maps to 3 series with no clear majority — NULLing
361272,2025-09-30,497,0002071844-25-000134,DELAWARE GROUP ADVISER FUNDS,Macquarie Diversified Income Fund,DPCFX,DUPLICATE,NULL,Contested: ticker DPCFX maps to 3 series with no clear majority — NULLing
361271,2025-09-30,497,0002071844-25-000134,DELAWARE GROUP ADVISER FUNDS,Macquarie Diversified Income Fund,DPDFX,DUPLICATE,NULL,Contested: ticker DPDFX maps to 3 series with no clear majority — NULLing
361273,2025-09-30,497,0002071844-25-000134,DELAWARE GROUP ADVISER FUNDS,Macquarie Diversified Income Fund,DPRFX,DUPLICATE,NULL,Contested: ticker DPRFX maps to 3 series with no clear majority — NULLing
361158,2025-09-30,497,0002071844-25-000134,DELAWARE GROUP ADVISER FUNDS,Macquarie Asset Strategy Fund,IASRX,DUPLICATE,NULL,Contested: ticker IASRX maps to 3 series with no clear majority — NULLing
361159,2025-09-30,497,0002071844-25-000134,DELAWARE GROUP ADVISER FUNDS,Macquarie Asset Strategy Fund,IASTX,DUPLICATE,NULL,Contested: ticker IASTX maps to 3 series with no clear majority — NULLing
361207,2025-09-30,497,0002071844-25-000134,DELAWARE GROUP ADVISER FUNDS,Macquarie Balanced Fund,IBARX,DUPLICATE,NULL,Contested: ticker IBARX maps to 3 series with no clear majority — NULLing
361202,2025-09-30,497,0002071844-25-000134,DELAWARE GROUP ADVISER FUNDS,Macquarie Balanced Fund,IBNAX,DUPLICATE,NULL,Contested: ticker IBNAX maps to 3 series with no clear majority — NULLing
361203,2025-09-30,497,0002071844-25-000134,DELAWARE GROUP ADVISER FUNDS,Macquarie Balanced Fund,IBNCX,DUPLICATE,NULL,Contested: ticker IBNCX maps to 3 series with no clear majority — NULLing
361205,2025-09-30,497,0002071844-25-000134,DELAWARE GROUP ADVISER FUNDS,Macquarie Balanced Fund,IBNYX,DUPLICATE,NULL,Contested: ticker IBNYX maps to 3 series with no clear majority — NULLing
361157,2025-09-30,497,0002071844-25-000134,DELAWARE GROUP ADVISER FUNDS,Macquarie Asset Strategy Fund,IVAEX,DUPLICATE,NULL,Contested: ticker IVAEX maps to 3 series with no clear majority — NULLing
361206,2025-09-30,497,0002071844-25-000134,DELAWARE GROUP ADVISER FUNDS,Macquarie Balanced Fund,IYBFX,DUPLICATE,NULL,Contested: ticker IYBFX maps to 3 series with no clear majority — NULLing
361204,2025-09-30,497,0002071844-25-000134,DELAWARE GROUP ADVISER FUNDS,Macquarie Balanced Fund,IYBIX,DUPLICATE,NULL,Contested: ticker IYBIX maps to 3 series with no clear majority — NULLing
361154,2025-09-30,497,0002071844-25-000134,DELAWARE GROUP ADVISER FUNDS,Macquarie Asset Strategy Fund,WASAX,DUPLICATE,NULL,Contested: ticker WASAX maps to 3 series with no clear majority — NULLing
361155,2025-09-30,497,0002071844-25-000134,DELAWARE GROUP ADVISER FUNDS,Macquarie Asset Strategy Fund,WASCX,DUPLICATE,NULL,Contested: ticker WASCX maps to 3 series with no clear majority — NULLing
361156,2025-09-30,497,0002071844-25-000134,DELAWARE GROUP ADVISER FUNDS,Macquarie Asset Strategy Fund,WASYX,DUPLICATE,NULL,Contested: ticker WASYX maps to 3 series with no clear majority — NULLing
361090,2025-09-30,497K,0002071844-25-000136,DELAWARE GROUP ADVISER FUNDS,Macquarie Diversified Income Fund,DPCFX,DUPLICATE,NULL,Contested: ticker DPCFX maps to 3 series with no clear majority — NULLing
361089,2025-09-30,497K,0002071844-25-000136,DELAWARE GROUP ADVISER FUNDS,Macquarie Diversified Income Fund,DPDFX,DUPLICATE,NULL,Contested: ticker DPDFX maps to 3 series with no clear majority — NULLing
361091,2025-09-30,497K,0002071844-25-000136,DELAWARE GROUP ADVISER FUNDS,Macquarie Diversified Income Fund,DPRFX,DUPLICATE,NULL,Contested: ticker DPRFX maps to 3 series with no clear majority — NULLing
366724,2025-09-30,497K,0002071844-25-000137,DELAWARE GROUP GOVERNMENT FUND,Macquarie Strategic Income Fund,DUGCX,DUPLICATE,NULL,Contested: ticker DUGCX maps to 3 series with no clear majority — NULLing
453949,2025-09-30,497K,0002071844-25-000139,IVY FUNDS,Macquarie Asset Strategy Fund,IVAEX,DUPLICATE,NULL,Contested: ticker IVAEX maps to 3 series with no clear majority — NULLing
453903,2025-09-30,497K,0002071844-25-000148,IVY FUNDS,Macquarie Balanced Fund,IBARX,DUPLICATE,NULL,Contested: ticker IBARX maps to 3 series with no clear majority — NULLing
453898,2025-09-30,497K,0002071844-25-000148,IVY FUNDS,Macquarie Balanced Fund,IBNAX,DUPLICATE,NULL,Contested: ticker IBNAX maps to 3 series with no clear majority — NULLing
453899,2025-09-30,497K,0002071844-25-000148,IVY FUNDS,Macquarie Balanced Fund,IBNCX,DUPLICATE,NULL,Contested: ticker IBNCX maps to 3 series with no clear majority — NULLing
453901,2025-09-30,497K,0002071844-25-000148,IVY FUNDS,Macquarie Balanced Fund,IBNYX,DUPLICATE,NULL,Contested: ticker IBNYX maps to 3 series with no clear majority — NULLing
453877,2025-09-30,497K,0002071844-25-000152,IVY FUNDS,Macquarie Smid Cap Core Fund,IVVIX,DUPLICATE,NULL,Contested: ticker IVVIX maps to 3 series with no clear majority — NULLing
453875,2025-09-30,497K,0002071844-25-000152,IVY FUNDS,Macquarie Smid Cap Core Fund,IYSAX,DUPLICATE,NULL,Contested: ticker IYSAX maps to 3 series with no clear majority — NULLing
453876,2025-09-30,497K,0002071844-25-000152,IVY FUNDS,Macquarie Smid Cap Core Fund,IYSCX,DUPLICATE,NULL,Contested: ticker IYSCX maps to 3 series with no clear majority — NULLing
453878,2025-09-30,497K,0002071844-25-000152,IVY FUNDS,Macquarie Smid Cap Core Fund,IYSMX,DUPLICATE,NULL,Contested: ticker IYSMX maps to 3 series with no clear majority — NULLing
453874,2025-09-30,497K,0002071844-25-000152,IVY FUNDS,Macquarie Smid Cap Core Fund,IYSYX,DUPLICATE,NULL,Contested: ticker IYSYX maps to 3 series with no clear majority — NULLing
360933,2025-10-16,497,0002071844-25-000261,DELAWARE GROUP ADVISER FUNDS,Macquarie Extended Duration Bond Fund,DEEAX,DUPLICATE,NULL,Contested: ticker DEEAX maps to 3 series with no clear majority — NULLing
360934,2025-10-16,497,0002071844-25-000261,DELAWARE GROUP ADVISER FUNDS,Macquarie Extended Duration Bond Fund,DEECX,DUPLICATE,NULL,Contested: ticker DEECX maps to 3 series with no clear majority — NULLing
360935,2025-10-16,497,0002071844-25-000261,DELAWARE GROUP ADVISER FUNDS,Macquarie Extended Duration Bond Fund,DEERX,DUPLICATE,NULL,Contested: ticker DEERX maps to 3 series with no clear majority — NULLing
360937,2025-10-16,497,0002071844-25-000261,DELAWARE GROUP ADVISER FUNDS,Macquarie Extended Duration Bond Fund,DEZRX,DUPLICATE,NULL,Contested: ticker DEZRX maps to 3 series with no clear majority — NULLing
361085,2025-10-16,497,0002071844-25-000261,DELAWARE GROUP ADVISER FUNDS,Macquarie Diversified Income Fund,DPCFX,DUPLICATE,NULL,Contested: ticker DPCFX maps to 3 series with no clear majority — NULLing
361084,2025-10-16,497,0002071844-25-000261,DELAWARE GROUP ADVISER FUNDS,Macquarie Diversified Income Fund,DPDFX,DUPLICATE,NULL,Contested: ticker DPDFX maps to 3 series with no clear majority — NULLing
361086,2025-10-16,497,0002071844-25-000261,DELAWARE GROUP ADVISER FUNDS,Macquarie Diversified Income Fund,DPRFX,DUPLICATE,NULL,Contested: ticker DPRFX maps to 3 series with no clear majority — NULLing
360974,2025-10-16,497,0002071844-25-000261,DELAWARE GROUP ADVISER FUNDS,Macquarie Asset Strategy Fund,IASRX,DUPLICATE,NULL,Contested: ticker IASRX maps to 3 series with no clear majority — NULLing
360975,2025-10-16,497,0002071844-25-000261,DELAWARE GROUP ADVISER FUNDS,Macquarie Asset Strategy Fund,IASTX,DUPLICATE,NULL,Contested: ticker IASTX maps to 3 series with no clear majority — NULLing
361023,2025-10-16,497,0002071844-25-000261,DELAWARE GROUP ADVISER FUNDS,Macquarie Balanced Fund,IBARX,DUPLICATE,NULL,Contested: ticker IBARX maps to 3 series with no clear majority — NULLing
361018,2025-10-16,497,0002071844-25-000261,DELAWARE GROUP ADVISER FUNDS,Macquarie Balanced Fund,IBNAX,DUPLICATE,NULL,Contested: ticker IBNAX maps to 3 series with no clear majority — NULLing
361019,2025-10-16,497,0002071844-25-000261,DELAWARE GROUP ADVISER FUNDS,Macquarie Balanced Fund,IBNCX,DUPLICATE,NULL,Contested: ticker IBNCX maps to 3 series with no clear majority — NULLing
361021,2025-10-16,497,0002071844-25-000261,DELAWARE GROUP ADVISER FUNDS,Macquarie Balanced Fund,IBNYX,DUPLICATE,NULL,Contested: ticker IBNYX maps to 3 series with no clear majority — NULLing
360973,2025-10-16,497,0002071844-25-000261,DELAWARE GROUP ADVISER FUNDS,Macquarie Asset Strategy Fund,IVAEX,DUPLICATE,NULL,Contested: ticker IVAEX maps to 3 series with no clear majority — NULLing
361022,2025-10-16,497,0002071844-25-000261,DELAWARE GROUP ADVISER FUNDS,Macquarie Balanced Fund,IYBFX,DUPLICATE,NULL,Contested: ticker IYBFX maps to 3 series with no clear majority — NULLing
361020,2025-10-16,497,0002071844-25-000261,DELAWARE GROUP ADVISER FUNDS,Macquarie Balanced Fund,IYBIX,DUPLICATE,NULL,Contested: ticker IYBIX maps to 3 series with no clear majority — NULLing
360970,2025-10-16,497,0002071844-25-000261,DELAWARE GROUP ADVISER FUNDS,Macquarie Asset Strategy Fund,WASAX,DUPLICATE,NULL,Contested: ticker WASAX maps to 3 series with no clear majority — NULLing
360971,2025-10-16,497,0002071844-25-000261,DELAWARE GROUP ADVISER FUNDS,Macquarie Asset Strategy Fund,WASCX,DUPLICATE,NULL,Contested: ticker WASCX maps to 3 series with no clear majority — NULLing
360972,2025-10-16,497,0002071844-25-000261,DELAWARE GROUP ADVISER FUNDS,Macquarie Asset Strategy Fund,WASYX,DUPLICATE,NULL,Contested: ticker WASYX maps to 3 series with no clear majority — NULLing
360924,2025-10-16,497K,0002071844-25-000263,DELAWARE GROUP ADVISER FUNDS,Macquarie Diversified Income Fund,DPCFX,DUPLICATE,NULL,Contested: ticker DPCFX maps to 3 series with no clear majority — NULLing
360923,2025-10-16,497K,0002071844-25-000263,DELAWARE GROUP ADVISER FUNDS,Macquarie Diversified Income Fund,DPDFX,DUPLICATE,NULL,Contested: ticker DPDFX maps to 3 series with no clear majority — NULLing
360925,2025-10-16,497K,0002071844-25-000263,DELAWARE GROUP ADVISER FUNDS,Macquarie Diversified Income Fund,DPRFX,DUPLICATE,NULL,Contested: ticker DPRFX maps to 3 series with no clear majority — NULLing
366720,2025-10-16,497K,0002071844-25-000264,DELAWARE GROUP GOVERNMENT FUND,Macquarie Strategic Income Fund,DUGCX,DUPLICATE,NULL,Contested: ticker DUGCX maps to 3 series with no clear majority — NULLing
453847,2025-10-16,497K,0002071844-25-000266,IVY FUNDS,Macquarie Asset Strategy Fund,IVAEX,DUPLICATE,NULL,Contested: ticker IVAEX maps to 3 series with no clear majority — NULLing
453801,2025-10-16,497K,0002071844-25-000275,IVY FUNDS,Macquarie Balanced Fund,IBARX,DUPLICATE,NULL,Contested: ticker IBARX maps to 3 series with no clear majority — NULLing
453796,2025-10-16,497K,0002071844-25-000275,IVY FUNDS,Macquarie Balanced Fund,IBNAX,DUPLICATE,NULL,Contested: ticker IBNAX maps to 3 series with no clear majority — NULLing
453797,2025-10-16,497K,0002071844-25-000275,IVY FUNDS,Macquarie Balanced Fund,IBNCX,DUPLICATE,NULL,Contested: ticker IBNCX maps to 3 series with no clear majority — NULLing
453799,2025-10-16,497K,0002071844-25-000275,IVY FUNDS,Macquarie Balanced Fund,IBNYX,DUPLICATE,NULL,Contested: ticker IBNYX maps to 3 series with no clear majority — NULLing
453775,2025-10-16,497K,0002071844-25-000279,IVY FUNDS,Macquarie Smid Cap Core Fund,IVVIX,DUPLICATE,NULL,Contested: ticker IVVIX maps to 3 series with no clear majority — NULLing
453773,2025-10-16,497K,0002071844-25-000279,IVY FUNDS,Macquarie Smid Cap Core Fund,IYSAX,DUPLICATE,NULL,Contested: ticker IYSAX maps to 3 series with no clear majority — NULLing
453774,2025-10-16,497K,0002071844-25-000279,IVY FUNDS,Macquarie Smid Cap Core Fund,IYSCX,DUPLICATE,NULL,Contested: ticker IYSCX maps to 3 series with no clear majority — NULLing
453776,2025-10-16,497K,0002071844-25-000279,IVY FUNDS,Macquarie Smid Cap Core Fund,IYSMX,DUPLICATE,NULL,Contested: ticker IYSMX maps to 3 series with no clear majority — NULLing
453772,2025-10-16,497K,0002071844-25-000279,IVY FUNDS,Macquarie Smid Cap Core Fund,IYSYX,DUPLICATE,NULL,Contested: ticker IYSYX maps to 3 series with no clear majority — NULLing
360679,2025-10-23,497,0002071844-25-000336,DELAWARE GROUP ADVISER FUNDS,Macquarie Extended Duration Bond Fund,DEEAX,DUPLICATE,NULL,Contested: ticker DEEAX maps to 3 series with no clear majority — NULLing
360680,2025-10-23,497,0002071844-25-000336,DELAWARE GROUP ADVISER FUNDS,Macquarie Extended Duration Bond Fund,DEECX,DUPLICATE,NULL,Contested: ticker DEECX maps to 3 series with no clear majority — NULLing
360681,2025-10-23,497,0002071844-25-000336,DELAWARE GROUP ADVISER FUNDS,Macquarie Extended Duration Bond Fund,DEERX,DUPLICATE,NULL,Contested: ticker DEERX maps to 3 series with no clear majority — NULLing
360683,2025-10-23,497,0002071844-25-000336,DELAWARE GROUP ADVISER FUNDS,Macquarie Extended Duration Bond Fund,DEZRX,DUPLICATE,NULL,Contested: ticker DEZRX maps to 3 series with no clear majority — NULLing
360677,2025-10-23,497,0002071844-25-000336,DELAWARE GROUP ADVISER FUNDS,Macquarie Corporate Bond Fund,DGCIX,DUPLICATE,NULL,Contested: ticker DGCIX maps to 3 series with no clear majority — NULLing
360919,2025-10-23,497,0002071844-25-000336,DELAWARE GROUP ADVISER FUNDS,Macquarie Diversified Income Fund,DPCFX,DUPLICATE,NULL,Contested: ticker DPCFX maps to 3 series with no clear majority — NULLing
360918,2025-10-23,497,0002071844-25-000336,DELAWARE GROUP ADVISER FUNDS,Macquarie Diversified Income Fund,DPDFX,DUPLICATE,NULL,Contested: ticker DPDFX maps to 3 series with no clear majority — NULLing
360920,2025-10-23,497,0002071844-25-000336,DELAWARE GROUP ADVISER FUNDS,Macquarie Diversified Income Fund,DPRFX,DUPLICATE,NULL,Contested: ticker DPRFX maps to 3 series with no clear majority — NULLing
360794,2025-10-23,497,0002071844-25-000336,DELAWARE GROUP ADVISER FUNDS,Macquarie Global Listed Real Assets Fund,DPRSX,DUPLICATE,NULL,Contested: ticker DPRSX maps to 3 series with no clear majority — NULLing
360805,2025-10-23,497,0002071844-25-000336,DELAWARE GROUP ADVISER FUNDS,Macquarie Asset Strategy Fund,IASRX,DUPLICATE,NULL,Contested: ticker IASRX maps to 3 series with no clear majority — NULLing
360806,2025-10-23,497,0002071844-25-000336,DELAWARE GROUP ADVISER FUNDS,Macquarie Asset Strategy Fund,IASTX,DUPLICATE,NULL,Contested: ticker IASTX maps to 3 series with no clear majority — NULLing
360854,2025-10-23,497,0002071844-25-000336,DELAWARE GROUP ADVISER FUNDS,Macquarie Balanced Fund,IBARX,DUPLICATE,NULL,Contested: ticker IBARX maps to 3 series with no clear majority — NULLing
360849,2025-10-23,497,0002071844-25-000336,DELAWARE GROUP ADVISER FUNDS,Macquarie Balanced Fund,IBNAX,DUPLICATE,NULL,Contested: ticker IBNAX maps to 3 series with no clear majority — NULLing
360850,2025-10-23,497,0002071844-25-000336,DELAWARE GROUP ADVISER FUNDS,Macquarie Balanced Fund,IBNCX,DUPLICATE,NULL,Contested: ticker IBNCX maps to 3 series with no clear majority — NULLing
360852,2025-10-23,497,0002071844-25-000336,DELAWARE GROUP ADVISER FUNDS,Macquarie Balanced Fund,IBNYX,DUPLICATE,NULL,Contested: ticker IBNYX maps to 3 series with no clear majority — NULLing
360804,2025-10-23,497,0002071844-25-000336,DELAWARE GROUP ADVISER FUNDS,Macquarie Asset Strategy Fund,IVAEX,DUPLICATE,NULL,Contested: ticker IVAEX maps to 3 series with no clear majority — NULLing
360853,2025-10-23,497,0002071844-25-000336,DELAWARE GROUP ADVISER FUNDS,Macquarie Balanced Fund,IYBFX,DUPLICATE,NULL,Contested: ticker IYBFX maps to 3 series with no clear majority — NULLing
360851,2025-10-23,497,0002071844-25-000336,DELAWARE GROUP ADVISER FUNDS,Macquarie Balanced Fund,IYBIX,DUPLICATE,NULL,Contested: ticker IYBIX maps to 3 series with no clear majority — NULLing
360801,2025-10-23,497,0002071844-25-000336,DELAWARE GROUP ADVISER FUNDS,Macquarie Asset Strategy Fund,WASAX,DUPLICATE,NULL,Contested: ticker WASAX maps to 3 series with no clear majority — NULLing
360802,2025-10-23,497,0002071844-25-000336,DELAWARE GROUP ADVISER FUNDS,Macquarie Asset Strategy Fund,WASCX,DUPLICATE,NULL,Contested: ticker WASCX maps to 3 series with no clear majority — NULLing
360803,2025-10-23,497,0002071844-25-000336,DELAWARE GROUP ADVISER FUNDS,Macquarie Asset Strategy Fund,WASYX,DUPLICATE,NULL,Contested: ticker WASYX maps to 3 series with no clear majority — NULLing
360563,2025-10-24,497,0002071844-25-000363,DELAWARE GROUP ADVISER FUNDS,Macquarie Extended Duration Bond Fund,DEEAX,DUPLICATE,NULL,Contested: ticker DEEAX maps to 3 series with no clear majority — NULLing
360564,2025-10-24,497,0002071844-25-000363,DELAWARE GROUP ADVISER FUNDS,Macquarie Extended Duration Bond Fund,DEECX,DUPLICATE,NULL,Contested: ticker DEECX maps to 3 series with no clear majority — NULLing
360565,2025-10-24,497,0002071844-25-000363,DELAWARE GROUP ADVISER FUNDS,Macquarie Extended Duration Bond Fund,DEERX,DUPLICATE,NULL,Contested: ticker DEERX maps to 3 series with no clear majority — NULLing
360567,2025-10-24,497,0002071844-25-000363,DELAWARE GROUP ADVISER FUNDS,Macquarie Extended Duration Bond Fund,DEZRX,DUPLICATE,NULL,Contested: ticker DEZRX maps to 3 series with no clear majority — NULLing
360665,2025-10-24,497,0002071844-25-000363,DELAWARE GROUP ADVISER FUNDS,Macquarie Diversified Income Fund,DPCFX,DUPLICATE,NULL,Contested: ticker DPCFX maps to 3 series with no clear majority — NULLing
360664,2025-10-24,497,0002071844-25-000363,DELAWARE GROUP ADVISER FUNDS,Macquarie Diversified Income Fund,DPDFX,DUPLICATE,NULL,Contested: ticker DPDFX maps to 3 series with no clear majority — NULLing
360666,2025-10-24,497,0002071844-25-000363,DELAWARE GROUP ADVISER FUNDS,Macquarie Diversified Income Fund,DPRFX,DUPLICATE,NULL,Contested: ticker DPRFX maps to 3 series with no clear majority — NULLing
360584,2025-10-24,497,0002071844-25-000363,DELAWARE GROUP ADVISER FUNDS,Macquarie Asset Strategy Fund,IASRX,DUPLICATE,NULL,Contested: ticker IASRX maps to 3 series with no clear majority — NULLing
360585,2025-10-24,497,0002071844-25-000363,DELAWARE GROUP ADVISER FUNDS,Macquarie Asset Strategy Fund,IASTX,DUPLICATE,NULL,Contested: ticker IASTX maps to 3 series with no clear majority — NULLing
360621,2025-10-24,497,0002071844-25-000363,DELAWARE GROUP ADVISER FUNDS,Macquarie Balanced Fund,IBARX,DUPLICATE,NULL,Contested: ticker IBARX maps to 3 series with no clear majority — NULLing
360616,2025-10-24,497,0002071844-25-000363,DELAWARE GROUP ADVISER FUNDS,Macquarie Balanced Fund,IBNAX,DUPLICATE,NULL,Contested: ticker IBNAX maps to 3 series with no clear majority — NULLing
360617,2025-10-24,497,0002071844-25-000363,DELAWARE GROUP ADVISER FUNDS,Macquarie Balanced Fund,IBNCX,DUPLICATE,NULL,Contested: ticker IBNCX maps to 3 series with no clear majority — NULLing
360619,2025-10-24,497,0002071844-25-000363,DELAWARE GROUP ADVISER FUNDS,Macquarie Balanced Fund,IBNYX,DUPLICATE,NULL,Contested: ticker IBNYX maps to 3 series with no clear majority — NULLing
360583,2025-10-24,497,0002071844-25-000363,DELAWARE GROUP ADVISER FUNDS,Macquarie Asset Strategy Fund,IVAEX,DUPLICATE,NULL,Contested: ticker IVAEX maps to 3 series with no clear majority — NULLing
360620,2025-10-24,497,0002071844-25-000363,DELAWARE GROUP ADVISER FUNDS,Macquarie Balanced Fund,IYBFX,DUPLICATE,NULL,Contested: ticker IYBFX maps to 3 series with no clear majority — NULLing
360618,2025-10-24,497,0002071844-25-000363,DELAWARE GROUP ADVISER FUNDS,Macquarie Balanced Fund,IYBIX,DUPLICATE,NULL,Contested: ticker IYBIX maps to 3 series with no clear majority — NULLing
360580,2025-10-24,497,0002071844-25-000363,DELAWARE GROUP ADVISER FUNDS,Macquarie Asset Strategy Fund,WASAX,DUPLICATE,NULL,Contested: ticker WASAX maps to 3 series with no clear majority — NULLing
360581,2025-10-24,497,0002071844-25-000363,DELAWARE GROUP ADVISER FUNDS,Macquarie Asset Strategy Fund,WASCX,DUPLICATE,NULL,Contested: ticker WASCX maps to 3 series with no clear majority — NULLing
360582,2025-10-24,497,0002071844-25-000363,DELAWARE GROUP ADVISER FUNDS,Macquarie Asset Strategy Fund,WASYX,DUPLICATE,NULL,Contested: ticker WASYX maps to 3 series with no clear majority — NULLing
360559,2025-10-24,497K,0002071844-25-000364,DELAWARE GROUP ADVISER FUNDS,Macquarie Diversified Income Fund,DPCFX,DUPLICATE,NULL,Contested: ticker DPCFX maps to 3 series with no clear majority — NULLing
360558,2025-10-24,497K,0002071844-25-000364,DELAWARE GROUP ADVISER FUNDS,Macquarie Diversified Income Fund,DPDFX,DUPLICATE,NULL,Contested: ticker DPDFX maps to 3 series with no clear majority — NULLing
360560,2025-10-24,497K,0002071844-25-000364,DELAWARE GROUP ADVISER FUNDS,Macquarie Diversified Income Fund,DPRFX,DUPLICATE,NULL,Contested: ticker DPRFX maps to 3 series with no clear majority — NULLing
453745,2025-10-24,497K,0002071844-25-000366,IVY FUNDS,Macquarie Asset Strategy Fund,IVAEX,DUPLICATE,NULL,Contested: ticker IVAEX maps to 3 series with no clear majority — NULLing
453711,2025-10-24,497K,0002071844-25-000373,IVY FUNDS,Macquarie Balanced Fund,IBARX,DUPLICATE,NULL,Contested: ticker IBARX maps to 3 series with no clear majority — NULLing
453706,2025-10-24,497K,0002071844-25-000373,IVY FUNDS,Macquarie Balanced Fund,IBNAX,DUPLICATE,NULL,Contested: ticker IBNAX maps to 3 series with no clear majority — NULLing
453707,2025-10-24,497K,0002071844-25-000373,IVY FUNDS,Macquarie Balanced Fund,IBNCX,DUPLICATE,NULL,Contested: ticker IBNCX maps to 3 series with no clear majority — NULLing
453709,2025-10-24,497K,0002071844-25-000373,IVY FUNDS,Macquarie Balanced Fund,IBNYX,DUPLICATE,NULL,Contested: ticker IBNYX maps to 3 series with no clear majority — NULLing
453691,2025-10-24,497K,0002071844-25-000376,IVY FUNDS,Macquarie Smid Cap Core Fund,IVVIX,DUPLICATE,NULL,Contested: ticker IVVIX maps to 3 series with no clear majority — NULLing
453689,2025-10-24,497K,0002071844-25-000376,IVY FUNDS,Macquarie Smid Cap Core Fund,IYSAX,DUPLICATE,NULL,Contested: ticker IYSAX maps to 3 series with no clear majority — NULLing
453690,2025-10-24,497K,0002071844-25-000376,IVY FUNDS,Macquarie Smid Cap Core Fund,IYSCX,DUPLICATE,NULL,Contested: ticker IYSCX maps to 3 series with no clear majority — NULLing
453692,2025-10-24,497K,0002071844-25-000376,IVY FUNDS,Macquarie Smid Cap Core Fund,IYSMX,DUPLICATE,NULL,Contested: ticker IYSMX maps to 3 series with no clear majority — NULLing
453688,2025-10-24,497K,0002071844-25-000376,IVY FUNDS,Macquarie Smid Cap Core Fund,IYSYX,DUPLICATE,NULL,Contested: ticker IYSYX maps to 3 series with no clear majority — NULLing
453673,2025-10-31,497K,0002071844-25-000395,IVY FUNDS,Macquarie Asset Strategy Fund,IVAEX,DUPLICATE,NULL,Contested: ticker IVAEX maps to 3 series with no clear majority — NULLing
453643,2025-10-31,497K,0002071844-25-000401,IVY FUNDS,Macquarie Smid Cap Core Fund,IVVIX,DUPLICATE,NULL,Contested: ticker IVVIX maps to 3 series with no clear majority — NULLing
453641,2025-10-31,497K,0002071844-25-000401,IVY FUNDS,Macquarie Smid Cap Core Fund,IYSAX,DUPLICATE,NULL,Contested: ticker IYSAX maps to 3 series with no clear majority — NULLing
453642,2025-10-31,497K,0002071844-25-000401,IVY FUNDS,Macquarie Smid Cap Core Fund,IYSCX,DUPLICATE,NULL,Contested: ticker IYSCX maps to 3 series with no clear majority — NULLing
453644,2025-10-31,497K,0002071844-25-000401,IVY FUNDS,Macquarie Smid Cap Core Fund,IYSMX,DUPLICATE,NULL,Contested: ticker IYSMX maps to 3 series with no clear majority — NULLing
453640,2025-10-31,497K,0002071844-25-000401,IVY FUNDS,Macquarie Smid Cap Core Fund,IYSYX,DUPLICATE,NULL,Contested: ticker IYSYX maps to 3 series with no clear majority — NULLing
453625,2025-11-07,497K,0002071844-25-000427,IVY FUNDS,Macquarie Asset Strategy Fund,IVAEX,DUPLICATE,NULL,Contested: ticker IVAEX maps to 3 series with no clear majority — NULLing
453589,2025-11-10,497,0002071844-25-000441,IVY FUNDS,Macquarie Asset Strategy Fund,IVAEX,DUPLICATE,NULL,Contested: ticker IVAEX maps to 3 series with no clear majority — NULLing
453583,2025-11-10,497K,0002071844-25-000442,IVY FUNDS,Macquarie Asset Strategy Fund,IVAEX,DUPLICATE,NULL,Contested: ticker IVAEX maps to 3 series with no clear majority — NULLing
360554,2025-11-28,497,0002071844-25-000577,DELAWARE GROUP ADVISER FUNDS,Macquarie Diversified Income Fund,DPCFX,DUPLICATE,NULL,Contested: ticker DPCFX maps to 3 series with no clear majority — NULLing
360553,2025-11-28,497,0002071844-25-000577,DELAWARE GROUP ADVISER FUNDS,Macquarie Diversified Income Fund,DPDFX,DUPLICATE,NULL,Contested: ticker DPDFX maps to 3 series with no clear majority — NULLing
360555,2025-11-28,497,0002071844-25-000577,DELAWARE GROUP ADVISER FUNDS,Macquarie Diversified Income Fund,DPRFX,DUPLICATE,NULL,Contested: ticker DPRFX maps to 3 series with no clear majority — NULLing
360544,2025-11-28,497K,0002071844-25-000578,DELAWARE GROUP ADVISER FUNDS,Macquarie Diversified Income Fund,DPCFX,DUPLICATE,NULL,Contested: ticker DPCFX maps to 3 series with no clear majority — NULLing
360543,2025-11-28,497K,0002071844-25-000578,DELAWARE GROUP ADVISER FUNDS,Macquarie Diversified Income Fund,DPDFX,DUPLICATE,NULL,Contested: ticker DPDFX maps to 3 series with no clear majority — NULLing
360545,2025-11-28,497K,0002071844-25-000578,DELAWARE GROUP ADVISER FUNDS,Macquarie Diversified Income Fund,DPRFX,DUPLICATE,NULL,Contested: ticker DPRFX maps to 3 series with no clear majority — NULLing
366716,2025-11-28,497,0002071844-25-000590,DELAWARE GROUP GOVERNMENT FUND,Macquarie Strategic Income Fund,DUGCX,DUPLICATE,NULL,Contested: ticker DUGCX maps to 3 series with no clear majority — NULLing
366712,2025-11-28,497K,0002071844-25-000591,DELAWARE GROUP GOVERNMENT FUND,Macquarie Strategic Income Fund,DUGCX,DUPLICATE,NULL,Contested: ticker DUGCX maps to 3 series with no clear majority — NULLing
366685,2025-12-05,497J,0002071844-25-000613,DELAWARE GROUP GOVERNMENT FUND,Nomura Strategic Income Fund,DUGCX,DUPLICATE,NULL,Contested: ticker DUGCX maps to 3 series with no clear majority — NULLing
360299,2025-12-08,497,0002071844-25-000618,DELAWARE GROUP ADVISER FUNDS,Nomura Extended Duration Bond Fund,DEEAX,DUPLICATE,NULL,Contested: ticker DEEAX maps to 3 series with no clear majority — NULLing
360300,2025-12-08,497,0002071844-25-000618,DELAWARE GROUP ADVISER FUNDS,Nomura Extended Duration Bond Fund,DEECX,DUPLICATE,NULL,Contested: ticker DEECX maps to 3 series with no clear majority — NULLing
360301,2025-12-08,497,0002071844-25-000618,DELAWARE GROUP ADVISER FUNDS,Nomura Extended Duration Bond Fund,DEERX,DUPLICATE,NULL,Contested: ticker DEERX maps to 3 series with no clear majority — NULLing
360303,2025-12-08,497,0002071844-25-000618,DELAWARE GROUP ADVISER FUNDS,Nomura Extended Duration Bond Fund,DEZRX,DUPLICATE,NULL,Contested: ticker DEZRX maps to 3 series with no clear majority — NULLing
360297,2025-12-08,497,0002071844-25-000618,DELAWARE GROUP ADVISER FUNDS,Nomura Corporate Bond Fund,DGCIX,DUPLICATE,NULL,Contested: ticker DGCIX maps to 3 series with no clear majority — NULLing
360539,2025-12-08,497,0002071844-25-000618,DELAWARE GROUP ADVISER FUNDS,Nomura Diversified Income Fund,DPCFX,DUPLICATE,NULL,Contested: ticker DPCFX maps to 3 series with no clear majority — NULLing
360538,2025-12-08,497,0002071844-25-000618,DELAWARE GROUP ADVISER FUNDS,Nomura Diversified Income Fund,DPDFX,DUPLICATE,NULL,Contested: ticker DPDFX maps to 3 series with no clear majority — NULLing
360540,2025-12-08,497,0002071844-25-000618,DELAWARE GROUP ADVISER FUNDS,Nomura Diversified Income Fund,DPRFX,DUPLICATE,NULL,Contested: ticker DPRFX maps to 3 series with no clear majority — NULLing
360414,2025-12-08,497,0002071844-25-000618,DELAWARE GROUP ADVISER FUNDS,Nomura Global Listed Real Assets Fund,DPRSX,DUPLICATE,NULL,Contested: ticker DPRSX maps to 3 series with no clear majority — NULLing
360425,2025-12-08,497,0002071844-25-000618,DELAWARE GROUP ADVISER FUNDS,Nomura Asset Strategy Fund,IASRX,DUPLICATE,NULL,Contested: ticker IASRX maps to 3 series with no clear majority — NULLing
360426,2025-12-08,497,0002071844-25-000618,DELAWARE GROUP ADVISER FUNDS,Nomura Asset Strategy Fund,IASTX,DUPLICATE,NULL,Contested: ticker IASTX maps to 3 series with no clear majority — NULLing
360474,2025-12-08,497,0002071844-25-000618,DELAWARE GROUP ADVISER FUNDS,Nomura Balanced Fund,IBARX,DUPLICATE,NULL,Contested: ticker IBARX maps to 3 series with no clear majority — NULLing
360469,2025-12-08,497,0002071844-25-000618,DELAWARE GROUP ADVISER FUNDS,Nomura Balanced Fund,IBNAX,DUPLICATE,NULL,Contested: ticker IBNAX maps to 3 series with no clear majority — NULLing
360470,2025-12-08,497,0002071844-25-000618,DELAWARE GROUP ADVISER FUNDS,Nomura Balanced Fund,IBNCX,DUPLICATE,NULL,Contested: ticker IBNCX maps to 3 series with no clear majority — NULLing
360472,2025-12-08,497,0002071844-25-000618,DELAWARE GROUP ADVISER FUNDS,Nomura Balanced Fund,IBNYX,DUPLICATE,NULL,Contested: ticker IBNYX maps to 3 series with no clear majority — NULLing
360424,2025-12-08,497,0002071844-25-000618,DELAWARE GROUP ADVISER FUNDS,Nomura Asset Strategy Fund,IVAEX,DUPLICATE,NULL,Contested: ticker IVAEX maps to 3 series with no clear majority — NULLing
360473,2025-12-08,497,0002071844-25-000618,DELAWARE GROUP ADVISER FUNDS,Nomura Balanced Fund,IYBFX,DUPLICATE,NULL,Contested: ticker IYBFX maps to 3 series with no clear majority — NULLing
360471,2025-12-08,497,0002071844-25-000618,DELAWARE GROUP ADVISER FUNDS,Nomura Balanced Fund,IYBIX,DUPLICATE,NULL,Contested: ticker IYBIX maps to 3 series with no clear majority — NULLing
360421,2025-12-08,497,0002071844-25-000618,DELAWARE GROUP ADVISER FUNDS,Nomura Asset Strategy Fund,WASAX,DUPLICATE,NULL,Contested: ticker WASAX maps to 3 series with no clear majority — NULLing
360422,2025-12-08,497,0002071844-25-000618,DELAWARE GROUP ADVISER FUNDS,Nomura Asset Strategy Fund,WASCX,DUPLICATE,NULL,Contested: ticker WASCX maps to 3 series with no clear majority — NULLing
360423,2025-12-08,497,0002071844-25-000618,DELAWARE GROUP ADVISER FUNDS,Nomura Asset Strategy Fund,WASYX,DUPLICATE,NULL,Contested: ticker WASYX maps to 3 series with no clear majority — NULLing
607899,2026-03-05,497J,0002071844-26-000246,DELAWARE GROUP ADVISER FUNDS,Nomura Diversified Income Fund,DPCFX,DUPLICATE,NULL,Contested: ticker DPCFX maps to 3 series with no clear majority — NULLing
607898,2026-03-05,497J,0002071844-26-000246,DELAWARE GROUP ADVISER FUNDS,Nomura Diversified Income Fund,DPDFX,DUPLICATE,NULL,Contested: ticker DPDFX maps to 3 series with no clear majority — NULLing
607900,2026-03-05,497J,0002071844-26-000246,DELAWARE GROUP ADVISER FUNDS,Nomura Diversified Income Fund,DPRFX,DUPLICATE,NULL,Contested: ticker DPRFX maps to 3 series with no clear majority — NULLing
677789,2026-04-30,497,0002071844-26-000456,DELAWARE GROUP ADVISER FUNDS,Nomura Diversified Income Fund,DPCFX,DUPLICATE,NULL,Contested: ticker DPCFX maps to 3 series with no clear majority — NULLing
677788,2026-04-30,497,0002071844-26-000456,DELAWARE GROUP ADVISER FUNDS,Nomura Diversified Income Fund,DPDFX,DUPLICATE,NULL,Contested: ticker DPDFX maps to 3 series with no clear majority — NULLing
677790,2026-04-30,497,0002071844-26-000456,DELAWARE GROUP ADVISER FUNDS,Nomura Diversified Income Fund,DPRFX,DUPLICATE,NULL,Contested: ticker DPRFX maps to 3 series with no clear majority — NULLing
677781,2026-04-30,497,0002071844-26-000456,DELAWARE GROUP ADVISER FUNDS,Nomura Global Listed Real Assets Fund,DPRSX,DUPLICATE,NULL,Contested: ticker DPRSX maps to 3 series with no clear majority — NULLing
700099,2026-05-20,497,0002071844-26-000568,IVY FUNDS,Nomura Smid Cap Core Fund,IVVIX,DUPLICATE,NULL,Contested: ticker IVVIX maps to 3 series with no clear majority — NULLing
700097,2026-05-20,497,0002071844-26-000568,IVY FUNDS,Nomura Smid Cap Core Fund,IYSAX,DUPLICATE,NULL,Contested: ticker IYSAX maps to 3 series with no clear majority — NULLing
700098,2026-05-20,497,0002071844-26-000568,IVY FUNDS,Nomura Smid Cap Core Fund,IYSCX,DUPLICATE,NULL,Contested: ticker IYSCX maps to 3 series with no clear majority — NULLing
700100,2026-05-20,497,0002071844-26-000568,IVY FUNDS,Nomura Smid Cap Core Fund,IYSMX,DUPLICATE,NULL,Contested: ticker IYSMX maps to 3 series with no clear majority — NULLing
700096,2026-05-20,497,0002071844-26-000568,IVY FUNDS,Nomura Smid Cap Core Fund,IYSYX,DUPLICATE,NULL,Contested: ticker IYSYX maps to 3 series with no clear majority — NULLing
700117,2026-05-20,497,0002071844-26-000569,DELAWARE GROUP ADVISER FUNDS,Nomura Extended Duration Bond Fund,DEEAX,DUPLICATE,NULL,Contested: ticker DEEAX maps to 3 series with no clear majority — NULLing
700118,2026-05-20,497,0002071844-26-000569,DELAWARE GROUP ADVISER FUNDS,Nomura Extended Duration Bond Fund,DEECX,DUPLICATE,NULL,Contested: ticker DEECX maps to 3 series with no clear majority — NULLing
700119,2026-05-20,497,0002071844-26-000569,DELAWARE GROUP ADVISER FUNDS,Nomura Extended Duration Bond Fund,DEERX,DUPLICATE,NULL,Contested: ticker DEERX maps to 3 series with no clear majority — NULLing
700121,2026-05-20,497,0002071844-26-000569,DELAWARE GROUP ADVISER FUNDS,Nomura Extended Duration Bond Fund,DEZRX,DUPLICATE,NULL,Contested: ticker DEZRX maps to 3 series with no clear majority — NULLing
700115,2026-05-20,497,0002071844-26-000569,DELAWARE GROUP ADVISER FUNDS,Nomura Corporate Bond Fund,DGCIX,DUPLICATE,NULL,Contested: ticker DGCIX maps to 3 series with no clear majority — NULLing
700160,2026-05-20,497,0002071844-26-000569,DELAWARE GROUP ADVISER FUNDS,Nomura Diversified Income Fund,DPCFX,DUPLICATE,NULL,Contested: ticker DPCFX maps to 3 series with no clear majority — NULLing
700159,2026-05-20,497,0002071844-26-000569,DELAWARE GROUP ADVISER FUNDS,Nomura Diversified Income Fund,DPDFX,DUPLICATE,NULL,Contested: ticker DPDFX maps to 3 series with no clear majority — NULLing
700161,2026-05-20,497,0002071844-26-000569,DELAWARE GROUP ADVISER FUNDS,Nomura Diversified Income Fund,DPRFX,DUPLICATE,NULL,Contested: ticker DPRFX maps to 3 series with no clear majority — NULLing
700139,2026-05-20,497,0002071844-26-000569,DELAWARE GROUP ADVISER FUNDS,Nomura Global Listed Real Assets Fund,DPRSX,DUPLICATE,NULL,Contested: ticker DPRSX maps to 3 series with no clear majority — NULLing
700145,2026-05-20,497,0002071844-26-000569,DELAWARE GROUP ADVISER FUNDS,Nomura Asset Strategy Fund,IASRX,DUPLICATE,NULL,Contested: ticker IASRX maps to 3 series with no clear majority — NULLing
700146,2026-05-20,497,0002071844-26-000569,DELAWARE GROUP ADVISER FUNDS,Nomura Asset Strategy Fund,IASTX,DUPLICATE,NULL,Contested: ticker IASTX maps to 3 series with no clear majority — NULLing
700152,2026-05-20,497,0002071844-26-000569,DELAWARE GROUP ADVISER FUNDS,Nomura Balanced Fund,IBARX,DUPLICATE,NULL,Contested: ticker IBARX maps to 3 series with no clear majority — NULLing
700147,2026-05-20,497,0002071844-26-000569,DELAWARE GROUP ADVISER FUNDS,Nomura Balanced Fund,IBNAX,DUPLICATE,NULL,Contested: ticker IBNAX maps to 3 series with no clear majority — NULLing
700148,2026-05-20,497,0002071844-26-000569,DELAWARE GROUP ADVISER FUNDS,Nomura Balanced Fund,IBNCX,DUPLICATE,NULL,Contested: ticker IBNCX maps to 3 series with no clear majority — NULLing
700150,2026-05-20,497,0002071844-26-000569,DELAWARE GROUP ADVISER FUNDS,Nomura Balanced Fund,IBNYX,DUPLICATE,NULL,Contested: ticker IBNYX maps to 3 series with no clear majority — NULLing
700144,2026-05-20,497,0002071844-26-000569,DELAWARE GROUP ADVISER FUNDS,Nomura Asset Strategy Fund,IVAEX,DUPLICATE,NULL,Contested: ticker IVAEX maps to 3 series with no clear majority — NULLing
700151,2026-05-20,497,0002071844-26-000569,DELAWARE GROUP ADVISER FUNDS,Nomura Balanced Fund,IYBFX,DUPLICATE,NULL,Contested: ticker IYBFX maps to 3 series with no clear majority — NULLing
700149,2026-05-20,497,0002071844-26-000569,DELAWARE GROUP ADVISER FUNDS,Nomura Balanced Fund,IYBIX,DUPLICATE,NULL,Contested: ticker IYBIX maps to 3 series with no clear majority — NULLing
700141,2026-05-20,497,0002071844-26-000569,DELAWARE GROUP ADVISER FUNDS,Nomura Asset Strategy Fund,WASAX,DUPLICATE,NULL,Contested: ticker WASAX maps to 3 series with no clear majority — NULLing
700142,2026-05-20,497,0002071844-26-000569,DELAWARE GROUP ADVISER FUNDS,Nomura Asset Strategy Fund,WASCX,DUPLICATE,NULL,Contested: ticker WASCX maps to 3 series with no clear majority — NULLing
700143,2026-05-20,497,0002071844-26-000569,DELAWARE GROUP ADVISER FUNDS,Nomura Asset Strategy Fund,WASYX,DUPLICATE,NULL,Contested: ticker WASYX maps to 3 series with no clear majority — NULLing
700171,2026-05-20,497K,0002071844-26-000571,IVY FUNDS,Nomura Smid Cap Core Fund,IVVIX,DUPLICATE,NULL,Contested: ticker IVVIX maps to 3 series with no clear majority — NULLing
700169,2026-05-20,497K,0002071844-26-000571,IVY FUNDS,Nomura Smid Cap Core Fund,IYSAX,DUPLICATE,NULL,Contested: ticker IYSAX maps to 3 series with no clear majority — NULLing
700170,2026-05-20,497K,0002071844-26-000571,IVY FUNDS,Nomura Smid Cap Core Fund,IYSCX,DUPLICATE,NULL,Contested: ticker IYSCX maps to 3 series with no clear majority — NULLing
700172,2026-05-20,497K,0002071844-26-000571,IVY FUNDS,Nomura Smid Cap Core Fund,IYSMX,DUPLICATE,NULL,Contested: ticker IYSMX maps to 3 series with no clear majority — NULLing
700168,2026-05-20,497K,0002071844-26-000571,IVY FUNDS,Nomura Smid Cap Core Fund,IYSYX,DUPLICATE,NULL,Contested: ticker IYSYX maps to 3 series with no clear majority — NULLing
700165,2026-05-20,497K,0002071844-26-000572,DELAWARE GROUP GOVERNMENT FUND,Nomura Strategic Income Fund,DUGCX,DUPLICATE,NULL,Contested: ticker DUGCX maps to 3 series with no clear majority — NULLing
700189,2026-05-20,497K,0002071844-26-000573,IVY FUNDS,Nomura Asset Strategy Fund,IVAEX,DUPLICATE,NULL,Contested: ticker IVAEX maps to 3 series with no clear majority — NULLing
700185,2026-05-20,497K,0002071844-26-000574,IVY FUNDS,Nomura Balanced Fund,IBARX,DUPLICATE,NULL,Contested: ticker IBARX maps to 3 series with no clear majority — NULLing
700180,2026-05-20,497K,0002071844-26-000574,IVY FUNDS,Nomura Balanced Fund,IBNAX,DUPLICATE,NULL,Contested: ticker IBNAX maps to 3 series with no clear majority — NULLing
700181,2026-05-20,497K,0002071844-26-000574,IVY FUNDS,Nomura Balanced Fund,IBNCX,DUPLICATE,NULL,Contested: ticker IBNCX maps to 3 series with no clear majority — NULLing
700183,2026-05-20,497K,0002071844-26-000574,IVY FUNDS,Nomura Balanced Fund,IBNYX,DUPLICATE,NULL,Contested: ticker IBNYX maps to 3 series with no clear majority — NULLing
700199,2026-05-20,497K,0002071844-26-000576,DELAWARE GROUP ADVISER FUNDS,Nomura Diversified Income Fund,DPCFX,DUPLICATE,NULL,Contested: ticker DPCFX maps to 3 series with no clear majority — NULLing
700198,2026-05-20,497K,0002071844-26-000576,DELAWARE GROUP ADVISER FUNDS,Nomura Diversified Income Fund,DPDFX,DUPLICATE,NULL,Contested: ticker DPDFX maps to 3 series with no clear majority — NULLing
700200,2026-05-20,497K,0002071844-26-000576,DELAWARE GROUP ADVISER FUNDS,Nomura Diversified Income Fund,DPRFX,DUPLICATE,NULL,Contested: ticker DPRFX maps to 3 series with no clear majority — NULLing
700313,2026-05-20,497K,0002071844-26-000581,DELAWARE GROUP GOVERNMENT FUND,Nomura Strategic Income Fund,DUGCX,DUPLICATE,NULL,Contested: ticker DUGCX maps to 3 series with no clear majority — NULLing
723871,2026-06-30,497,0002071844-26-000748,IVY FUNDS,Nomura Smid Cap Core Fund,IVVIX,DUPLICATE,NULL,Contested: ticker IVVIX maps to 3 series with no clear majority — NULLing
723869,2026-06-30,497,0002071844-26-000748,IVY FUNDS,Nomura Smid Cap Core Fund,IYSAX,DUPLICATE,NULL,Contested: ticker IYSAX maps to 3 series with no clear majority — NULLing
723870,2026-06-30,497,0002071844-26-000748,IVY FUNDS,Nomura Smid Cap Core Fund,IYSCX,DUPLICATE,NULL,Contested: ticker IYSCX maps to 3 series with no clear majority — NULLing
723872,2026-06-30,497,0002071844-26-000748,IVY FUNDS,Nomura Smid Cap Core Fund,IYSMX,DUPLICATE,NULL,Contested: ticker IYSMX maps to 3 series with no clear majority — NULLing
723868,2026-06-30,497,0002071844-26-000748,IVY FUNDS,Nomura Smid Cap Core Fund,IYSYX,DUPLICATE,NULL,Contested: ticker IYSYX maps to 3 series with no clear majority — NULLing
619363,2026-01-20,N-1A,0002100194-26-000004,Corgi ETF Trust III,U.S. Rare Earth & Critical Minerals ETF,XR,DUPLICATE,NULL,Contested: ticker XR maps to 2 series with no clear majority — NULLing
696413,2026-05-14,N-1A/A,0002100194-26-000013,Corgi ETF Trust III,Corgi U.S. Rare Earth & Critical Minerals ETF,XR,DUPLICATE,NULL,Contested: ticker XR maps to 2 series with no clear majority — NULLing
710743,2026-06-08,485BXT,0001213900-26-066228,ARK ETF Trust,ARK [ARKK Yield Strategy] ETF,,BRACKET,MANUAL,Bracketed placeholder for 'ARKK Yield Strategy' — needs Ryu's review
694108,2026-05-08,485BXT,0001213900-26-053770,ARK ETF Trust,ARK [ARKK Yield Strategy] ETF,,BRACKET,MANUAL,Bracketed placeholder for 'ARKK Yield Strategy' — needs Ryu's review
651126,2026-04-09,485BXT,0001213900-26-041967,ARK ETF Trust,ARK [ARKK Yield Strategy] ETF,,BRACKET,MANUAL,Bracketed placeholder for 'ARKK Yield Strategy' — needs Ryu's review
608744,2026-03-10,485BXT,0001213900-26-025533,ARK ETF Trust,ARK [ARKK Yield Strategy] ETF,,BRACKET,MANUAL,Bracketed placeholder for 'ARKK Yield Strategy' — needs Ryu's review
64309,2026-02-06,485BXT,0001213900-26-013197,ARK ETF Trust,ARK [ARKK Yield Strategy] ETF,,BRACKET,MANUAL,Bracketed placeholder for 'ARKK Yield Strategy' — needs Ryu's review
64316,2026-01-09,485BXT,0001213900-26-002770,ARK ETF Trust,ARK [ARKK Yield Strategy] ETF,,BRACKET,MANUAL,Bracketed placeholder for 'ARKK Yield Strategy' — needs Ryu's review
64363,2025-10-27,485APOS,0001213900-25-102516,ARK ETF Trust,ARK [ARKK Yield Strategy] ETF,,BRACKET,MANUAL,Bracketed placeholder for 'ARKK Yield Strategy' — needs Ryu's review
84072,2025-10-03,485BXT,0001213900-25-095943,Amplify ETF Trust,Amplify Solana [ ]% Monthly Option Income ETF,,BRACKET,MANUAL,Bracketed placeholder for '' — needs Ryu's review
84610,2025-10-03,485BXT,0001213900-25-095943,Amplify ETF Trust,Amplify Solana [ ]% Monthly Option Income ETF,,BRACKET,MANUAL,Bracketed placeholder for '' — needs Ryu's review
84089,2025-07-22,485APOS,0001213900-25-066475,Amplify ETF Trust,Amplify Solana [ ]% Monthly Option Income ETF,,BRACKET,MANUAL,Bracketed placeholder for '' — needs Ryu's review
84629,2025-07-22,485APOS,0001213900-25-066475,Amplify ETF Trust,Amplify Solana [ ]% Monthly Option Income ETF,,BRACKET,MANUAL,Bracketed placeholder for '' — needs Ryu's review
84084,2025-08-29,485APOS,0001213900-25-082397,Amplify ETF Trust,Amplify XRP [ ]% Monthly Option Income ETF,,BRACKET,MANUAL,Bracketed placeholder for '' — needs Ryu's review
84622,2025-08-29,485APOS,0001213900-25-082397,Amplify ETF Trust,Amplify XRP [ ]% Monthly Option Income ETF,,BRACKET,MANUAL,Bracketed placeholder for '' — needs Ryu's review
36053,2024-07-10,485APOS,0001104659-24-078989,Calamos ETF Trust,Calamos [Bitcoin Structured Alt Protection ETF] - Month TBD1,,BRACKET,MANUAL,Bracketed placeholder for 'Bitcoin Structured Alt Protection ETF' — needs Ryu's review
36054,2024-07-10,485APOS,0001104659-24-078989,Calamos ETF Trust,Calamos [Bitcoin Structured Alt Protection ETF] - Month TBD2,,BRACKET,MANUAL,Bracketed placeholder for 'Bitcoin Structured Alt Protection ETF' — needs Ryu's review
36055,2024-07-10,485APOS,0001104659-24-078989,Calamos ETF Trust,Calamos [Bitcoin Structured Alt Protection ETF] - Month TBD3,,BRACKET,MANUAL,Bracketed placeholder for 'Bitcoin Structured Alt Protection ETF' — needs Ryu's review
36056,2024-07-10,485APOS,0001104659-24-078989,Calamos ETF Trust,Calamos [Bitcoin Structured Alt Protection ETF] - Month TBD4,,BRACKET,MANUAL,Bracketed placeholder for 'Bitcoin Structured Alt Protection ETF' — needs Ryu's review
32216,2025-08-22,485APOS,0001104659-25-081943,Calamos ETF Trust,Calamos [U.S. Tech] Autocallable ETF,,BRACKET,MANUAL,Bracketed placeholder for '' — needs Ryu's review
713944,2026-06-15,485BXT,0001999371-26-012832,Tidal Trust II,Defiance Daily Target 2X Long [Anduril] ETF,,BRACKET,MANUAL,Bracketed placeholder for 'Anduril' — needs Ryu's review
707440,2026-06-02,485BXT,0001999371-26-011837,Tidal Trust II,Defiance Daily Target 2X Long [Anduril] ETF,,BRACKET,MANUAL,Bracketed placeholder for 'Anduril' — needs Ryu's review
610140,2026-03-20,485APOS,0001999371-26-006604,Tidal Trust II,Defiance Daily Target 2X Long [Anduril] ETF,,BRACKET,MANUAL,Bracketed placeholder for 'Anduril' — needs Ryu's review
712453,2026-06-12,485BXT,0001999371-26-012688,Tidal Trust II,Defiance Daily Target 2X Long [Anthropic] ETF,,BRACKET,MANUAL,Bracketed placeholder for 'Anthropic' — needs Ryu's review
704647,2026-05-29,485BXT,0001999371-26-011647,Tidal Trust II,Defiance Daily Target 2X Long [Anthropic] ETF,,BRACKET,MANUAL,Bracketed placeholder for 'Anthropic' — needs Ryu's review
609386,2026-03-17,485APOS,0001999371-26-006059,Tidal Trust II,Defiance Daily Target 2X Long [Anthropic] ETF,,BRACKET,MANUAL,Bracketed placeholder for 'Anthropic' — needs Ryu's review
720576,2026-06-26,485BXT,0001999371-26-013553,Tidal Trust II,Defiance Daily Target 2X Long [Cerebras] ETF,,BRACKET,MANUAL,Bracketed placeholder for 'Cerebras' — needs Ryu's review
651531,2026-04-14,485APOS,0001999371-26-008256,Tidal Trust II,Defiance Daily Target 2X Long [Cerebras] ETF,,BRACKET,MANUAL,Bracketed placeholder for 'Cerebras' — needs Ryu's review
712451,2026-06-12,485BXT,0001999371-26-012686,Tidal Trust II,Defiance Daily Target 2X Long [Cohere] ETF,,BRACKET,MANUAL,Bracketed placeholder for 'Cohere' — needs Ryu's review
649252,2026-04-01,485APOS,0001999371-26-007533,Tidal Trust II,Defiance Daily Target 2X Long [Cohere] ETF,,BRACKET,MANUAL,Bracketed placeholder for 'Cohere' — needs Ryu's review
721333,2026-06-29,485BXT,0001999371-26-013678,Tidal Trust II,Defiance Daily Target 2X Long [Databricks] ETF,,BRACKET,MANUAL,Bracketed placeholder for 'Databricks' — needs Ryu's review
654359,2026-04-16,485APOS,0001999371-26-008412,Tidal Trust II,Defiance Daily Target 2X Long [Databricks] ETF,,BRACKET,MANUAL,Bracketed placeholder for 'Databricks' — needs Ryu's review
720578,2026-06-26,485BXT,0001999371-26-013556,Tidal Trust II,Defiance Daily Target 2X Long [Kraken] ETF,,BRACKET,MANUAL,Bracketed placeholder for 'Kraken' — needs Ryu's review
653634,2026-04-15,485APOS,0001999371-26-008327,Tidal Trust II,Defiance Daily Target 2X Long [Kraken] ETF,,BRACKET,MANUAL,Bracketed placeholder for 'Kraken' — needs Ryu's review
713946,2026-06-15,485BXT,0001999371-26-012836,Tidal Trust II,Defiance Daily Target 2X Long [OpenAI] ETF,,BRACKET,MANUAL,Bracketed placeholder for 'OpenAI' — needs Ryu's review
710724,2026-06-08,485BXT,0001999371-26-012320,Tidal Trust II,Defiance Daily Target 2X Long [OpenAI] ETF,,BRACKET,MANUAL,Bracketed placeholder for 'OpenAI' — needs Ryu's review
710729,2026-06-08,485BXT,0001999371-26-012334,Tidal Trust II,Defiance Daily Target 2X Long [OpenAI] ETF,,BRACKET,MANUAL,Bracketed placeholder for 'OpenAI' — needs Ryu's review
647167,2026-03-26,485APOS,0001999371-26-006997,Tidal Trust II,Defiance Daily Target 2X Long [OpenAI] ETF,,BRACKET,MANUAL,Bracketed placeholder for 'OpenAI' — needs Ryu's review
692957,2026-05-06,485APOS,0001999371-26-010107,Tidal Trust II,Defiance Daily Target 2X Long [Quantinuum] ETF,,BRACKET,MANUAL,Bracketed placeholder for 'Quantinuum' — needs Ryu's review
704699,2026-05-29,485BXT,0001999371-26-011649,Tidal Trust II,Defiance Daily Target 2X Long [SpaceX] ETF,,BRACKET,MANUAL,Bracketed placeholder for 'SpaceX' — needs Ryu's review
696488,2026-05-15,485BXT,0001999371-26-010787,Tidal Trust II,Defiance Daily Target 2X Long [SpaceX] ETF,,BRACKET,MANUAL,Bracketed placeholder for 'SpaceX' — needs Ryu's review
557473,2026-03-04,485APOS,0001999371-26-005025,Tidal Trust II,Defiance Daily Target 2X Long [SpaceX] ETF,,BRACKET,MANUAL,Bracketed placeholder for 'SpaceX' — needs Ryu's review
727818,2026-07-02,485BXT,0001999371-26-014125,Tidal Trust II,Defiance Daily Target 2X Long [Stripe] ETF,,BRACKET,MANUAL,Bracketed placeholder for 'Stripe' — needs Ryu's review
658023,2026-04-21,485APOS,0001999371-26-008597,Tidal Trust II,Defiance Daily Target 2X Long [Stripe] ETF,,BRACKET,MANUAL,Bracketed placeholder for 'Stripe' — needs Ryu's review
660004,2026-04-23,485APOS,0001999371-26-008820,Tidal Trust II,Defiance Daily Target 2X Long [Toss] ETF,,BRACKET,MANUAL,Bracketed placeholder for 'Toss' — needs Ryu's review
715434,2026-06-18,485BXT,0001999371-26-013053,Tidal Trust II,Defiance Daily Target 2X Long [X-Energy] ETF,,BRACKET,MANUAL,Bracketed placeholder for '' — needs Ryu's review
650547,2026-04-08,485APOS,0001999371-26-007890,Tidal Trust II,Defiance Daily Target 2X Long [X-Energy] ETF,,BRACKET,MANUAL,Bracketed placeholder for '' — needs Ryu's review
713945,2026-06-15,485BXT,0001999371-26-012832,Tidal Trust II,Defiance Daily Target 2X Short [Anduril] ETF,,BRACKET,MANUAL,Bracketed placeholder for 'Anduril' — needs Ryu's review
610141,2026-03-20,485APOS,0001999371-26-006604,Tidal Trust II,Defiance Daily Target 2X Short [Anduril] ETF,,BRACKET,MANUAL,Bracketed placeholder for 'Anduril' — needs Ryu's review
712454,2026-06-12,485BXT,0001999371-26-012688,Tidal Trust II,Defiance Daily Target 2X Short [Anthropic] ETF,,BRACKET,MANUAL,Bracketed placeholder for 'Anthropic' — needs Ryu's review
704648,2026-05-29,485BXT,0001999371-26-011647,Tidal Trust II,Defiance Daily Target 2X Short [Anthropic] ETF,,BRACKET,MANUAL,Bracketed placeholder for 'Anthropic' — needs Ryu's review
609387,2026-03-17,485APOS,0001999371-26-006059,Tidal Trust II,Defiance Daily Target 2X Short [Anthropic] ETF,,BRACKET,MANUAL,Bracketed placeholder for 'Anthropic' — needs Ryu's review
720577,2026-06-26,485BXT,0001999371-26-013553,Tidal Trust II,Defiance Daily Target 2X Short [Cerebras] ETF,,BRACKET,MANUAL,Bracketed placeholder for 'Cerebras' — needs Ryu's review
651532,2026-04-14,485APOS,0001999371-26-008256,Tidal Trust II,Defiance Daily Target 2X Short [Cerebras] ETF,,BRACKET,MANUAL,Bracketed placeholder for 'Cerebras' — needs Ryu's review
712452,2026-06-12,485BXT,0001999371-26-012686,Tidal Trust II,Defiance Daily Target 2X Short [Cohere] ETF,,BRACKET,MANUAL,Bracketed placeholder for 'Cohere' — needs Ryu's review
649253,2026-04-01,485APOS,0001999371-26-007533,Tidal Trust II,Defiance Daily Target 2X Short [Cohere] ETF,,BRACKET,MANUAL,Bracketed placeholder for 'Cohere' — needs Ryu's review
721334,2026-06-29,485BXT,0001999371-26-013678,Tidal Trust II,Defiance Daily Target 2X Short [Databricks] ETF,,BRACKET,MANUAL,Bracketed placeholder for 'Databricks' — needs Ryu's review
654360,2026-04-16,485APOS,0001999371-26-008412,Tidal Trust II,Defiance Daily Target 2X Short [Databricks] ETF,,BRACKET,MANUAL,Bracketed placeholder for 'Databricks' — needs Ryu's review
712456,2026-06-12,485BXT,0001999371-26-012694,Tidal Trust II,Defiance Daily Target 2X Short [Discord] ETF,,BRACKET,MANUAL,Bracketed placeholder for 'Discord' — needs Ryu's review
696487,2026-05-15,485BXT,0001999371-26-010784,Tidal Trust II,Defiance Daily Target 2X Short [Discord] ETF,,BRACKET,MANUAL,Bracketed placeholder for 'Discord' — needs Ryu's review
553906,2026-03-03,485APOS,0001999371-26-004918,Tidal Trust II,Defiance Daily Target 2X Short [Discord] ETF,,BRACKET,MANUAL,Bracketed placeholder for 'Discord' — needs Ryu's review
720579,2026-06-26,485BXT,0001999371-26-013556,Tidal Trust II,Defiance Daily Target 2X Short [Kraken] ETF,,BRACKET,MANUAL,Bracketed placeholder for 'Kraken' — needs Ryu's review
653635,2026-04-15,485APOS,0001999371-26-008327,Tidal Trust II,Defiance Daily Target 2X Short [Kraken] ETF,,BRACKET,MANUAL,Bracketed placeholder for 'Kraken' — needs Ryu's review
713947,2026-06-15,485BXT,0001999371-26-012836,Tidal Trust II,Defiance Daily Target 2X Short [OpenAI] ETF,,BRACKET,MANUAL,Bracketed placeholder for 'OpenAI' — needs Ryu's review
710730,2026-06-08,485BXT,0001999371-26-012334,Tidal Trust II,Defiance Daily Target 2X Short [OpenAI] ETF,,BRACKET,MANUAL,Bracketed placeholder for 'OpenAI' — needs Ryu's review
647168,2026-03-26,485APOS,0001999371-26-006997,Tidal Trust II,Defiance Daily Target 2X Short [OpenAI] ETF,,BRACKET,MANUAL,Bracketed placeholder for 'OpenAI' — needs Ryu's review
704700,2026-05-29,485BXT,0001999371-26-011649,Tidal Trust II,Defiance Daily Target 2X Short [SpaceX] ETF,,BRACKET,MANUAL,Bracketed placeholder for 'SpaceX' — needs Ryu's review
696489,2026-05-15,485BXT,0001999371-26-010787,Tidal Trust II,Defiance Daily Target 2X Short [SpaceX] ETF,,BRACKET,MANUAL,Bracketed placeholder for 'SpaceX' — needs Ryu's review
557474,2026-03-04,485APOS,0001999371-26-005025,Tidal Trust II,Defiance Daily Target 2X Short [SpaceX] ETF,,BRACKET,MANUAL,Bracketed placeholder for 'SpaceX' — needs Ryu's review
727819,2026-07-02,485BXT,0001999371-26-014125,Tidal Trust II,Defiance Daily Target 2X Short [Stripe] ETF,,BRACKET,MANUAL,Bracketed placeholder for 'Stripe' — needs Ryu's review
658024,2026-04-21,485APOS,0001999371-26-008597,Tidal Trust II,Defiance Daily Target 2X Short [Stripe] ETF,,BRACKET,MANUAL,Bracketed placeholder for 'Stripe' — needs Ryu's review
660005,2026-04-23,485APOS,0001999371-26-008820,Tidal Trust II,Defiance Daily Target 2X Short [Toss] ETF,,BRACKET,MANUAL,Bracketed placeholder for 'Toss' — needs Ryu's review
48811,2025-12-23,485BXT,0001445546-25-008522,First Trust Exchange-Traded Fund,First Trust Bitcoin Buffer 15 ETF - [Month],,BRACKET,MANUAL,Bracketed placeholder for 'Month' — needs Ryu's review
48915,2025-12-23,485BXT,0001445546-25-008522,First Trust Exchange-Traded Fund,First Trust Bitcoin Buffer 15 ETF - [Month],,BRACKET,MANUAL,Bracketed placeholder for 'Month' — needs Ryu's review
48818,2025-11-28,485BXT,0001445546-25-007847,First Trust Exchange-Traded Fund,First Trust Bitcoin Buffer 15 ETF - [Month],,BRACKET,MANUAL,Bracketed placeholder for 'Month' — needs Ryu's review
48932,2025-11-28,485BXT,0001445546-25-007847,First Trust Exchange-Traded Fund,First Trust Bitcoin Buffer 15 ETF - [Month],,BRACKET,MANUAL,Bracketed placeholder for 'Month' — needs Ryu's review
48825,2025-10-31,485BXT,0001445546-25-007239,First Trust Exchange-Traded Fund,First Trust Bitcoin Buffer 15 ETF - [Month],,BRACKET,MANUAL,Bracketed placeholder for 'Month' — needs Ryu's review
48941,2025-10-31,485BXT,0001445546-25-007239,First Trust Exchange-Traded Fund,First Trust Bitcoin Buffer 15 ETF - [Month],,BRACKET,MANUAL,Bracketed placeholder for 'Month' — needs Ryu's review
48832,2025-10-02,485BXT,0001445546-25-006559,First Trust Exchange-Traded Fund,First Trust Bitcoin Buffer 15 ETF - [Month],,BRACKET,MANUAL,Bracketed placeholder for 'Month' — needs Ryu's review
48950,2025-10-02,485BXT,0001445546-25-006559,First Trust Exchange-Traded Fund,First Trust Bitcoin Buffer 15 ETF - [Month],,BRACKET,MANUAL,Bracketed placeholder for 'Month' — needs Ryu's review
48838,2025-09-03,485BXT,0001445546-25-005908,First Trust Exchange-Traded Fund,First Trust Bitcoin Buffer 15 ETF - [Month],,BRACKET,MANUAL,Bracketed placeholder for 'Month' — needs Ryu's review
48960,2025-09-03,485BXT,0001445546-25-005908,First Trust Exchange-Traded Fund,First Trust Bitcoin Buffer 15 ETF - [Month],,BRACKET,MANUAL,Bracketed placeholder for 'Month' — needs Ryu's review
48843,2025-08-05,485BXT,0001445546-25-005252,First Trust Exchange-Traded Fund,First Trust Bitcoin Buffer 15 ETF - [Month],,BRACKET,MANUAL,Bracketed placeholder for 'Month' — needs Ryu's review
48999,2025-08-05,485BXT,0001445546-25-005252,First Trust Exchange-Traded Fund,First Trust Bitcoin Buffer 15 ETF - [Month],,BRACKET,MANUAL,Bracketed placeholder for 'Month' — needs Ryu's review
48849,2025-07-11,485BXT,0001445546-25-004713,First Trust Exchange-Traded Fund,First Trust Bitcoin Buffer 15 ETF - [Month],,BRACKET,MANUAL,Bracketed placeholder for 'Month' — needs Ryu's review
49005,2025-07-11,485BXT,0001445546-25-004713,First Trust Exchange-Traded Fund,First Trust Bitcoin Buffer 15 ETF - [Month],,BRACKET,MANUAL,Bracketed placeholder for 'Month' — needs Ryu's review
48856,2025-06-13,485BXT,0001445546-25-004049,First Trust Exchange-Traded Fund,First Trust Bitcoin Buffer 15 ETF - [Month],,BRACKET,MANUAL,Bracketed placeholder for 'Month' — needs Ryu's review
49022,2025-06-13,485BXT,0001445546-25-004049,First Trust Exchange-Traded Fund,First Trust Bitcoin Buffer 15 ETF - [Month],,BRACKET,MANUAL,Bracketed placeholder for 'Month' — needs Ryu's review
48859,2025-05-16,485BXT,0001445546-25-003655,First Trust Exchange-Traded Fund,First Trust Bitcoin Buffer 15 ETF - [Month],,BRACKET,MANUAL,Bracketed placeholder for 'Month' — needs Ryu's review
49029,2025-05-16,485BXT,0001445546-25-003655,First Trust Exchange-Traded Fund,First Trust Bitcoin Buffer 15 ETF - [Month],,BRACKET,MANUAL,Bracketed placeholder for 'Month' — needs Ryu's review
48863,2025-04-17,485BXT,0001445546-25-002748,First Trust Exchange-Traded Fund,First Trust Bitcoin Buffer 15 ETF - [Month],,BRACKET,MANUAL,Bracketed placeholder for 'Month' — needs Ryu's review
49111,2025-04-17,485BXT,0001445546-25-002748,First Trust Exchange-Traded Fund,First Trust Bitcoin Buffer 15 ETF - [Month],,BRACKET,MANUAL,Bracketed placeholder for 'Month' — needs Ryu's review
48871,2025-03-20,485BXT,0001445546-25-002123,First Trust Exchange-Traded Fund,First Trust Bitcoin Buffer 15 ETF - [Month],,BRACKET,MANUAL,Bracketed placeholder for 'Month' — needs Ryu's review
49127,2025-03-20,485BXT,0001445546-25-002123,First Trust Exchange-Traded Fund,First Trust Bitcoin Buffer 15 ETF - [Month],,BRACKET,MANUAL,Bracketed placeholder for 'Month' — needs Ryu's review
48877,2025-03-05,485BXT,0001445546-25-001801,First Trust Exchange-Traded Fund,First Trust Bitcoin Buffer 15 ETF - [Month],,BRACKET,MANUAL,Bracketed placeholder for 'Month' — needs Ryu's review
49133,2025-03-05,485BXT,0001445546-25-001801,First Trust Exchange-Traded Fund,First Trust Bitcoin Buffer 15 ETF - [Month],,BRACKET,MANUAL,Bracketed placeholder for 'Month' — needs Ryu's review
48883,2025-02-04,485BXT,0001445546-25-000932,First Trust Exchange-Traded Fund,First Trust Bitcoin Buffer 15 ETF - [Month],,BRACKET,MANUAL,Bracketed placeholder for 'Month' — needs Ryu's review
49143,2025-02-04,485BXT,0001445546-25-000932,First Trust Exchange-Traded Fund,First Trust Bitcoin Buffer 15 ETF - [Month],,BRACKET,MANUAL,Bracketed placeholder for 'Month' — needs Ryu's review
48890,2024-11-22,485APOS,0001445546-24-008085,First Trust Exchange-Traded Fund,First Trust Bitcoin Buffer 15 ETF - [Month],,BRACKET,MANUAL,Bracketed placeholder for 'Month' — needs Ryu's review
49167,2024-11-22,485APOS,0001445546-24-008085,First Trust Exchange-Traded Fund,First Trust Bitcoin Buffer 15 ETF - [Month],,BRACKET,MANUAL,Bracketed placeholder for 'Month' — needs Ryu's review
49313,2023-12-14,485APOS,0001445546-23-008355,First Trust Exchange-Traded Fund,First Trust Bitcoin Buffer 15 ETF - [Month],,BRACKET,MANUAL,Bracketed placeholder for 'Month' — needs Ryu's review
48812,2025-12-23,485BXT,0001445546-25-008520,First Trust Exchange-Traded Fund,First Trust Bitcoin Buffer 30 ETF - [Month],,BRACKET,MANUAL,Bracketed placeholder for 'Month' — needs Ryu's review
48916,2025-12-23,485BXT,0001445546-25-008520,First Trust Exchange-Traded Fund,First Trust Bitcoin Buffer 30 ETF - [Month],,BRACKET,MANUAL,Bracketed placeholder for 'Month' — needs Ryu's review
48819,2025-11-28,485BXT,0001445546-25-007845,First Trust Exchange-Traded Fund,First Trust Bitcoin Buffer 30 ETF - [Month],,BRACKET,MANUAL,Bracketed placeholder for 'Month' — needs Ryu's review
48933,2025-11-28,485BXT,0001445546-25-007845,First Trust Exchange-Traded Fund,First Trust Bitcoin Buffer 30 ETF - [Month],,BRACKET,MANUAL,Bracketed placeholder for 'Month' — needs Ryu's review
48826,2025-10-31,485BXT,0001445546-25-007237,First Trust Exchange-Traded Fund,First Trust Bitcoin Buffer 30 ETF - [Month],,BRACKET,MANUAL,Bracketed placeholder for 'Month' — needs Ryu's review
48942,2025-10-31,485BXT,0001445546-25-007237,First Trust Exchange-Traded Fund,First Trust Bitcoin Buffer 30 ETF - [Month],,BRACKET,MANUAL,Bracketed placeholder for 'Month' — needs Ryu's review
48833,2025-10-02,485BXT,0001445546-25-006557,First Trust Exchange-Traded Fund,First Trust Bitcoin Buffer 30 ETF - [Month],,BRACKET,MANUAL,Bracketed placeholder for 'Month' — needs Ryu's review
48951,2025-10-02,485BXT,0001445546-25-006557,First Trust Exchange-Traded Fund,First Trust Bitcoin Buffer 30 ETF - [Month],,BRACKET,MANUAL,Bracketed placeholder for 'Month' — needs Ryu's review
48839,2025-09-03,485BXT,0001445546-25-005906,First Trust Exchange-Traded Fund,First Trust Bitcoin Buffer 30 ETF - [Month],,BRACKET,MANUAL,Bracketed placeholder for 'Month' — needs Ryu's review
48961,2025-09-03,485BXT,0001445546-25-005906,First Trust Exchange-Traded Fund,First Trust Bitcoin Buffer 30 ETF - [Month],,BRACKET,MANUAL,Bracketed placeholder for 'Month' — needs Ryu's review
48842,2025-08-05,485BXT,0001445546-25-005254,First Trust Exchange-Traded Fund,First Trust Bitcoin Buffer 30 ETF - [Month],,BRACKET,MANUAL,Bracketed placeholder for 'Month' — needs Ryu's review
48998,2025-08-05,485BXT,0001445546-25-005254,First Trust Exchange-Traded Fund,First Trust Bitcoin Buffer 30 ETF - [Month],,BRACKET,MANUAL,Bracketed placeholder for 'Month' — needs Ryu's review
48850,2025-07-11,485BXT,0001445546-25-004711,First Trust Exchange-Traded Fund,First Trust Bitcoin Buffer 30 ETF - [Month],,BRACKET,MANUAL,Bracketed placeholder for 'Month' — needs Ryu's review
49006,2025-07-11,485BXT,0001445546-25-004711,First Trust Exchange-Traded Fund,First Trust Bitcoin Buffer 30 ETF - [Month],,BRACKET,MANUAL,Bracketed placeholder for 'Month' — needs Ryu's review
48857,2025-06-13,485BXT,0001445546-25-004047,First Trust Exchange-Traded Fund,First Trust Bitcoin Buffer 30 ETF - [Month],,BRACKET,MANUAL,Bracketed placeholder for 'Month' — needs Ryu's review
49023,2025-06-13,485BXT,0001445546-25-004047,First Trust Exchange-Traded Fund,First Trust Bitcoin Buffer 30 ETF - [Month],,BRACKET,MANUAL,Bracketed placeholder for 'Month' — needs Ryu's review
48860,2025-05-16,485BXT,0001445546-25-003653,First Trust Exchange-Traded Fund,First Trust Bitcoin Buffer 30 ETF - [Month],,BRACKET,MANUAL,Bracketed placeholder for 'Month' — needs Ryu's review
49030,2025-05-16,485BXT,0001445546-25-003653,First Trust Exchange-Traded Fund,First Trust Bitcoin Buffer 30 ETF - [Month],,BRACKET,MANUAL,Bracketed placeholder for 'Month' — needs Ryu's review
48864,2025-04-17,485BXT,0001445546-25-002746,First Trust Exchange-Traded Fund,First Trust Bitcoin Buffer 30 ETF - [Month],,BRACKET,MANUAL,Bracketed placeholder for 'Month' — needs Ryu's review
49112,2025-04-17,485BXT,0001445546-25-002746,First Trust Exchange-Traded Fund,First Trust Bitcoin Buffer 30 ETF - [Month],,BRACKET,MANUAL,Bracketed placeholder for 'Month' — needs Ryu's review
48872,2025-03-20,485BXT,0001445546-25-002121,First Trust Exchange-Traded Fund,First Trust Bitcoin Buffer 30 ETF - [Month],,BRACKET,MANUAL,Bracketed placeholder for 'Month' — needs Ryu's review
49128,2025-03-20,485BXT,0001445546-25-002121,First Trust Exchange-Traded Fund,First Trust Bitcoin Buffer 30 ETF - [Month],,BRACKET,MANUAL,Bracketed placeholder for 'Month' — needs Ryu's review
48876,2025-03-05,485BXT,0001445546-25-001803,First Trust Exchange-Traded Fund,First Trust Bitcoin Buffer 30 ETF - [Month],,BRACKET,MANUAL,Bracketed placeholder for 'Month' — needs Ryu's review
49132,2025-03-05,485BXT,0001445546-25-001803,First Trust Exchange-Traded Fund,First Trust Bitcoin Buffer 30 ETF - [Month],,BRACKET,MANUAL,Bracketed placeholder for 'Month' — needs Ryu's review
48882,2025-02-04,485BXT,0001445546-25-000934,First Trust Exchange-Traded Fund,First Trust Bitcoin Buffer 30 ETF - [Month],,BRACKET,MANUAL,Bracketed placeholder for 'Month' — needs Ryu's review
49142,2025-02-04,485BXT,0001445546-25-000934,First Trust Exchange-Traded Fund,First Trust Bitcoin Buffer 30 ETF - [Month],,BRACKET,MANUAL,Bracketed placeholder for 'Month' — needs Ryu's review
48889,2024-11-22,485APOS,0001445546-24-008087,First Trust Exchange-Traded Fund,First Trust Bitcoin Buffer 30 ETF - [Month],,BRACKET,MANUAL,Bracketed placeholder for 'Month' — needs Ryu's review
49166,2024-11-22,485APOS,0001445546-24-008087,First Trust Exchange-Traded Fund,First Trust Bitcoin Buffer 30 ETF - [Month],,BRACKET,MANUAL,Bracketed placeholder for 'Month' — needs Ryu's review
49311,2023-12-14,485APOS,0001445546-23-008359,First Trust Exchange-Traded Fund,First Trust Bitcoin Buffer 30 ETF - [Month],,BRACKET,MANUAL,Bracketed placeholder for 'Month' — needs Ryu's review
48868,2025-03-20,485BXT,0001445546-25-002134,First Trust Exchange-Traded Fund,First Trust Bitcoin Floor 15 ETF - [Month],,BRACKET,MANUAL,Bracketed placeholder for 'Month' — needs Ryu's review
49124,2025-03-20,485BXT,0001445546-25-002134,First Trust Exchange-Traded Fund,First Trust Bitcoin Floor 15 ETF - [Month],,BRACKET,MANUAL,Bracketed placeholder for 'Month' — needs Ryu's review
48878,2025-03-05,485BXT,0001445546-25-001799,First Trust Exchange-Traded Fund,First Trust Bitcoin Floor 15 ETF - [Month],,BRACKET,MANUAL,Bracketed placeholder for 'Month' — needs Ryu's review
49134,2025-03-05,485BXT,0001445546-25-001799,First Trust Exchange-Traded Fund,First Trust Bitcoin Floor 15 ETF - [Month],,BRACKET,MANUAL,Bracketed placeholder for 'Month' — needs Ryu's review
48884,2025-02-04,485BXT,0001445546-25-000930,First Trust Exchange-Traded Fund,First Trust Bitcoin Floor 15 ETF - [Month],,BRACKET,MANUAL,Bracketed placeholder for 'Month' — needs Ryu's review
49144,2025-02-04,485BXT,0001445546-25-000930,First Trust Exchange-Traded Fund,First Trust Bitcoin Floor 15 ETF - [Month],,BRACKET,MANUAL,Bracketed placeholder for 'Month' — needs Ryu's review
48891,2024-11-22,485APOS,0001445546-24-008083,First Trust Exchange-Traded Fund,First Trust Bitcoin Floor 15 ETF - [Month],,BRACKET,MANUAL,Bracketed placeholder for 'Month' — needs Ryu's review
49168,2024-11-22,485APOS,0001445546-24-008083,First Trust Exchange-Traded Fund,First Trust Bitcoin Floor 15 ETF - [Month],,BRACKET,MANUAL,Bracketed placeholder for 'Month' — needs Ryu's review
49312,2023-12-14,485APOS,0001445546-23-008357,First Trust Exchange-Traded Fund,First Trust Bitcoin Floor 15 ETF - [Month],,BRACKET,MANUAL,Bracketed placeholder for 'Month' — needs Ryu's review
57555,2025-10-10,485APOS,0001432353-25-000553,Global X Funds,Global X [ ] TargetIncome ETF,,BRACKET,MANUAL,Bracketed placeholder for '' — needs Ryu's review
57507,2026-01-14,485BXT,0001432353-26-000015,Global X Funds,Global X [ ] [ ] ETF,,BRACKET,MANUAL,Bracketed placeholder for '' — needs Ryu's review
57512,2025-12-22,485BXT,0001432353-25-000647,Global X Funds,Global X [ ] [ ] ETF,,BRACKET,MANUAL,Bracketed placeholder for '' — needs Ryu's review
57554,2025-10-10,485APOS,0001432353-25-000553,Global X Funds,Global X [*] TargetIncome ETF,,BRACKET,MANUAL,Bracketed placeholder for '' — needs Ryu's review
57506,2026-01-14,485BXT,0001432353-26-000015,Global X Funds,Global X [*] [ ] ETF,,BRACKET,MANUAL,Bracketed placeholder for '' — needs Ryu's review
57511,2025-12-22,485BXT,0001432353-25-000647,Global X Funds,Global X [*] [ ] ETF,,BRACKET,MANUAL,Bracketed placeholder for '' — needs Ryu's review
728025,2026-07-02,485BXT,0001493152-26-031709,GraniteShares ETF Trust,GraniteShares 2x Long [Axiom Space] Daily ETF,,BRACKET,MANUAL,Bracketed placeholder for 'Axiom Space' — needs Ryu's review
658956,2026-04-22,485APOS,0001493152-26-018524,GraniteShares ETF Trust,GraniteShares 2x Long [Axiom Space] Daily ETF,,BRACKET,MANUAL,Bracketed placeholder for 'Axiom Space' — needs Ryu's review
728016,2026-07-02,485BXT,0001493152-26-031703,GraniteShares ETF Trust,GraniteShares 2x Long [Croq] Daily ETF,,BRACKET,MANUAL,Bracketed placeholder for 'Croq' — needs Ryu's review
658975,2026-04-22,485APOS,0001493152-26-018537,GraniteShares ETF Trust,GraniteShares 2x Long [Croq] Daily ETF,,BRACKET,MANUAL,Bracketed placeholder for 'Croq' — needs Ryu's review
728006,2026-07-02,485BXT,0001493152-26-031693,GraniteShares ETF Trust,GraniteShares 2x Long [Lambda] Daily ETF,,BRACKET,MANUAL,Bracketed placeholder for 'Lambda' — needs Ryu's review
658922,2026-04-22,485APOS,0001493152-26-018518,GraniteShares ETF Trust,GraniteShares 2x Long [Lambda] Daily ETF,,BRACKET,MANUAL,Bracketed placeholder for 'Lambda' — needs Ryu's review
728008,2026-07-02,485BXT,0001493152-26-031696,GraniteShares ETF Trust,GraniteShares 2x Long [Nscale] Daily ETF,,BRACKET,MANUAL,Bracketed placeholder for 'Nscale' — needs Ryu's review
658958,2026-04-22,485APOS,0001493152-26-018529,GraniteShares ETF Trust,GraniteShares 2x Long [Nscale] Daily ETF,,BRACKET,MANUAL,Bracketed placeholder for 'Nscale' — needs Ryu's review
728023,2026-07-02,485BXT,0001493152-26-031707,GraniteShares ETF Trust,GraniteShares 2x Long [Relativity Space] Daily ETF,,BRACKET,MANUAL,Bracketed placeholder for 'Relativity Space' — needs Ryu's review
658952,2026-04-22,485APOS,0001493152-26-018521,GraniteShares ETF Trust,GraniteShares 2x Long [Relativity Space] Daily ETF,,BRACKET,MANUAL,Bracketed placeholder for 'Relativity Space' — needs Ryu's review
728014,2026-07-02,485BXT,0001493152-26-031702,GraniteShares ETF Trust,GraniteShares 2x Long [SambaNova] Daily ETF,,BRACKET,MANUAL,Bracketed placeholder for 'SambaNova' — needs Ryu's review
658979,2026-04-22,485APOS,0001493152-26-018539,GraniteShares ETF Trust,GraniteShares 2x Long [SambaNova] Daily ETF,,BRACKET,MANUAL,Bracketed placeholder for 'SambaNova' — needs Ryu's review
728012,2026-07-02,485BXT,0001493152-26-031699,GraniteShares ETF Trust,GraniteShares 2x Long [Scale AI] Daily ETF,,BRACKET,MANUAL,Bracketed placeholder for 'Scale AI' — needs Ryu's review
658966,2026-04-22,485APOS,0001493152-26-018532,GraniteShares ETF Trust,GraniteShares 2x Long [Scale AI] Daily ETF,,BRACKET,MANUAL,Bracketed placeholder for 'Scale AI' — needs Ryu's review
728018,2026-07-02,485BXT,0001493152-26-031705,GraniteShares ETF Trust,GraniteShares 2x Long [Sierra Space] Daily ETF,,BRACKET,MANUAL,Bracketed placeholder for 'Sierra Space' — needs Ryu's review
658985,2026-04-22,485APOS,0001493152-26-018544,GraniteShares ETF Trust,GraniteShares 2x Long [Sierra Space] Daily ETF,,BRACKET,MANUAL,Bracketed placeholder for 'Sierra Space' — needs Ryu's review
728026,2026-07-02,485BXT,0001493152-26-031709,GraniteShares ETF Trust,GraniteShares 2x Short [Axiom Space] Daily ETF,,BRACKET,MANUAL,Bracketed placeholder for 'Axiom Space' — needs Ryu's review
658957,2026-04-22,485APOS,0001493152-26-018524,GraniteShares ETF Trust,GraniteShares 2x Short [Axiom Space] Daily ETF,,BRACKET,MANUAL,Bracketed placeholder for 'Axiom Space' — needs Ryu's review
728017,2026-07-02,485BXT,0001493152-26-031703,GraniteShares ETF Trust,GraniteShares 2x Short [Croq] Daily ETF,,BRACKET,MANUAL,Bracketed placeholder for 'Croq' — needs Ryu's review
658976,2026-04-22,485APOS,0001493152-26-018537,GraniteShares ETF Trust,GraniteShares 2x Short [Croq] Daily ETF,,BRACKET,MANUAL,Bracketed placeholder for 'Croq' — needs Ryu's review
728007,2026-07-02,485BXT,0001493152-26-031693,GraniteShares ETF Trust,GraniteShares 2x Short [Lambda] Daily ETF,,BRACKET,MANUAL,Bracketed placeholder for 'Lambda' — needs Ryu's review
658923,2026-04-22,485APOS,0001493152-26-018518,GraniteShares ETF Trust,GraniteShares 2x Short [Lambda] Daily ETF,,BRACKET,MANUAL,Bracketed placeholder for 'Lambda' — needs Ryu's review
728009,2026-07-02,485BXT,0001493152-26-031696,GraniteShares ETF Trust,GraniteShares 2x Short [Nscale] Daily ETF,,BRACKET,MANUAL,Bracketed placeholder for 'Nscale' — needs Ryu's review
658959,2026-04-22,485APOS,0001493152-26-018529,GraniteShares ETF Trust,GraniteShares 2x Short [Nscale] Daily ETF,,BRACKET,MANUAL,Bracketed placeholder for 'Nscale' — needs Ryu's review
728024,2026-07-02,485BXT,0001493152-26-031707,GraniteShares ETF Trust,GraniteShares 2x Short [Relativity Space] Daily ETF,,BRACKET,MANUAL,Bracketed placeholder for 'Relativity Space' — needs Ryu's review
658953,2026-04-22,485APOS,0001493152-26-018521,GraniteShares ETF Trust,GraniteShares 2x Short [Relativity Space] Daily ETF,,BRACKET,MANUAL,Bracketed placeholder for 'Relativity Space' — needs Ryu's review
728015,2026-07-02,485BXT,0001493152-26-031702,GraniteShares ETF Trust,GraniteShares 2x Short [SambaNova] Daily ETF,,BRACKET,MANUAL,Bracketed placeholder for 'SambaNova' — needs Ryu's review
658980,2026-04-22,485APOS,0001493152-26-018539,GraniteShares ETF Trust,GraniteShares 2x Short [SambaNova] Daily ETF,,BRACKET,MANUAL,Bracketed placeholder for 'SambaNova' — needs Ryu's review
728013,2026-07-02,485BXT,0001493152-26-031699,GraniteShares ETF Trust,GraniteShares 2x Short [Scale AI] Daily ETF,,BRACKET,MANUAL,Bracketed placeholder for 'Scale AI' — needs Ryu's review
658967,2026-04-22,485APOS,0001493152-26-018532,GraniteShares ETF Trust,GraniteShares 2x Short [Scale AI] Daily ETF,,BRACKET,MANUAL,Bracketed placeholder for 'Scale AI' — needs Ryu's review
728019,2026-07-02,485BXT,0001493152-26-031705,GraniteShares ETF Trust,GraniteShares 2x Short [Sierra Space] Daily ETF,,BRACKET,MANUAL,Bracketed placeholder for 'Sierra Space' — needs Ryu's review
658986,2026-04-22,485APOS,0001493152-26-018544,GraniteShares ETF Trust,GraniteShares 2x Short [Sierra Space] Daily ETF,,BRACKET,MANUAL,Bracketed placeholder for 'Sierra Space' — needs Ryu's review
712054,2026-06-11,485BXT,0001999371-26-012605,Kurv ETF Trust,Kurv Anthropic ([ ]) Enhanced Income ETF,,BRACKET,MANUAL,Bracketed placeholder for '' — needs Ryu's review
704223,2026-05-28,485BXT,0001999371-26-011615,Kurv ETF Trust,Kurv Anthropic ([ ]) Enhanced Income ETF,,BRACKET,MANUAL,Bracketed placeholder for '' — needs Ryu's review
694144,2026-05-08,485BXT,0001999371-26-010345,Kurv ETF Trust,Kurv Anthropic ([ ]) Enhanced Income ETF,,BRACKET,MANUAL,Bracketed placeholder for '' — needs Ryu's review
106120,2026-02-23,485APOS,0001999371-26-003965,Kurv ETF Trust,Kurv Anthropic ([ ]) Enhanced Income ETF,,BRACKET,MANUAL,Bracketed placeholder for '' — needs Ryu's review
697024,2026-05-15,485BXT,0001999371-26-010852,Kurv ETF Trust,Kurv SK Hynix ([__]) Enhanced Income ETF,,BRACKET,MANUAL,Bracketed placeholder for '' — needs Ryu's review
554142,2026-03-02,485APOS,0001999371-26-004658,Kurv ETF Trust,Kurv SK Hynix ([__]) Enhanced Income ETF,,BRACKET,MANUAL,Bracketed placeholder for '' — needs Ryu's review
13628,2025-11-10,485BXT,0001999371-25-017368,Tidal Trust II,LevMax(TM) AMZN [Monthly 3x1] ETF,,BRACKET,MANUAL,Bracketed placeholder for '' — needs Ryu's review
15676,2025-11-10,485BXT,0001999371-25-017368,Tidal Trust II,LevMax(TM) AMZN [Monthly 3x1] ETF,,BRACKET,MANUAL,Bracketed placeholder for '' — needs Ryu's review
13834,2025-10-10,485BXT,0001999371-25-015155,Tidal Trust II,LevMax(TM) AMZN [Monthly 3x1] ETF,,BRACKET,MANUAL,Bracketed placeholder for '' — needs Ryu's review
15913,2025-10-10,485BXT,0001999371-25-015155,Tidal Trust II,LevMax(TM) AMZN [Monthly 3x1] ETF,,BRACKET,MANUAL,Bracketed placeholder for '' — needs Ryu's review
14077,2025-09-12,485BXT,0001999371-25-013164,Tidal Trust II,LevMax(TM) AMZN [Monthly 3x1] ETF,,BRACKET,MANUAL,Bracketed placeholder for '' — needs Ryu's review
16162,2025-09-12,485BXT,0001999371-25-013164,Tidal Trust II,LevMax(TM) AMZN [Monthly 3x1] ETF,,BRACKET,MANUAL,Bracketed placeholder for '' — needs Ryu's review
14359,2025-08-14,485BXT,0001999371-25-011306,Tidal Trust II,LevMax(TM) AMZN [Monthly 3x1] ETF,,BRACKET,MANUAL,Bracketed placeholder for '' — needs Ryu's review
16483,2025-08-14,485BXT,0001999371-25-011306,Tidal Trust II,LevMax(TM) AMZN [Monthly 3x1] ETF,,BRACKET,MANUAL,Bracketed placeholder for '' — needs Ryu's review
14599,2025-06-03,485APOS,0001999371-25-007089,Tidal Trust II,LevMax(TM) AMZN [Monthly 3x1] ETF,,BRACKET,MANUAL,Bracketed placeholder for '' — needs Ryu's review
16747,2025-06-03,485APOS,0001999371-25-007089,Tidal Trust II,LevMax(TM) AMZN [Monthly 3x1] ETF,,BRACKET,MANUAL,Bracketed placeholder for '' — needs Ryu's review
13632,2025-11-10,485BXT,0001999371-25-017368,Tidal Trust II,LevMax(TM) BRK-B [Monthly 3x1] ETF,,BRACKET,MANUAL,Bracketed placeholder for '' — needs Ryu's review
15680,2025-11-10,485BXT,0001999371-25-017368,Tidal Trust II,LevMax(TM) BRK-B [Monthly 3x1] ETF,,BRACKET,MANUAL,Bracketed placeholder for '' — needs Ryu's review
13838,2025-10-10,485BXT,0001999371-25-015155,Tidal Trust II,LevMax(TM) BRK-B [Monthly 3x1] ETF,,BRACKET,MANUAL,Bracketed placeholder for '' — needs Ryu's review
15917,2025-10-10,485BXT,0001999371-25-015155,Tidal Trust II,LevMax(TM) BRK-B [Monthly 3x1] ETF,,BRACKET,MANUAL,Bracketed placeholder for '' — needs Ryu's review
14081,2025-09-12,485BXT,0001999371-25-013164,Tidal Trust II,LevMax(TM) BRK-B [Monthly 3x1] ETF,,BRACKET,MANUAL,Bracketed placeholder for '' — needs Ryu's review
16166,2025-09-12,485BXT,0001999371-25-013164,Tidal Trust II,LevMax(TM) BRK-B [Monthly 3x1] ETF,,BRACKET,MANUAL,Bracketed placeholder for '' — needs Ryu's review
14363,2025-08-14,485BXT,0001999371-25-011306,Tidal Trust II,LevMax(TM) BRK-B [Monthly 3x1] ETF,,BRACKET,MANUAL,Bracketed placeholder for '' — needs Ryu's review
16487,2025-08-14,485BXT,0001999371-25-011306,Tidal Trust II,LevMax(TM) BRK-B [Monthly 3x1] ETF,,BRACKET,MANUAL,Bracketed placeholder for '' — needs Ryu's review
14603,2025-06-03,485APOS,0001999371-25-007089,Tidal Trust II,LevMax(TM) BRK-B [Monthly 3x1] ETF,,BRACKET,MANUAL,Bracketed placeholder for '' — needs Ryu's review
16751,2025-06-03,485APOS,0001999371-25-007089,Tidal Trust II,LevMax(TM) BRK-B [Monthly 3x1] ETF,,BRACKET,MANUAL,Bracketed placeholder for '' — needs Ryu's review
13633,2025-11-10,485BXT,0001999371-25-017368,Tidal Trust II,LevMax(TM) Bitcoin [Monthly 3x1] ETF,,BRACKET,MANUAL,Bracketed placeholder for '' — needs Ryu's review
15681,2025-11-10,485BXT,0001999371-25-017368,Tidal Trust II,LevMax(TM) Bitcoin [Monthly 3x1] ETF,,BRACKET,MANUAL,Bracketed placeholder for '' — needs Ryu's review
13839,2025-10-10,485BXT,0001999371-25-015155,Tidal Trust II,LevMax(TM) Bitcoin [Monthly 3x1] ETF,,BRACKET,MANUAL,Bracketed placeholder for '' — needs Ryu's review
15918,2025-10-10,485BXT,0001999371-25-015155,Tidal Trust II,LevMax(TM) Bitcoin [Monthly 3x1] ETF,,BRACKET,MANUAL,Bracketed placeholder for '' — needs Ryu's review
14082,2025-09-12,485BXT,0001999371-25-013164,Tidal Trust II,LevMax(TM) Bitcoin [Monthly 3x1] ETF,,BRACKET,MANUAL,Bracketed placeholder for '' — needs Ryu's review
16167,2025-09-12,485BXT,0001999371-25-013164,Tidal Trust II,LevMax(TM) Bitcoin [Monthly 3x1] ETF,,BRACKET,MANUAL,Bracketed placeholder for '' — needs Ryu's review
14364,2025-08-14,485BXT,0001999371-25-011306,Tidal Trust II,LevMax(TM) Bitcoin [Monthly 3x1] ETF,,BRACKET,MANUAL,Bracketed placeholder for '' — needs Ryu's review
16488,2025-08-14,485BXT,0001999371-25-011306,Tidal Trust II,LevMax(TM) Bitcoin [Monthly 3x1] ETF,,BRACKET,MANUAL,Bracketed placeholder for '' — needs Ryu's review
14604,2025-06-03,485APOS,0001999371-25-007089,Tidal Trust II,LevMax(TM) Bitcoin [Monthly 3x1] ETF,,BRACKET,MANUAL,Bracketed placeholder for '' — needs Ryu's review
16752,2025-06-03,485APOS,0001999371-25-007089,Tidal Trust II,LevMax(TM) Bitcoin [Monthly 3x1] ETF,,BRACKET,MANUAL,Bracketed placeholder for '' — needs Ryu's review
13634,2025-11-10,485BXT,0001999371-25-017368,Tidal Trust II,LevMax(TM) COIN [Monthly 3x1] ETF,,BRACKET,MANUAL,Bracketed placeholder for '' — needs Ryu's review
15682,2025-11-10,485BXT,0001999371-25-017368,Tidal Trust II,LevMax(TM) COIN [Monthly 3x1] ETF,,BRACKET,MANUAL,Bracketed placeholder for '' — needs Ryu's review
13840,2025-10-10,485BXT,0001999371-25-015155,Tidal Trust II,LevMax(TM) COIN [Monthly 3x1] ETF,,BRACKET,MANUAL,Bracketed placeholder for '' — needs Ryu's review
15919,2025-10-10,485BXT,0001999371-25-015155,Tidal Trust II,LevMax(TM) COIN [Monthly 3x1] ETF,,BRACKET,MANUAL,Bracketed placeholder for '' — needs Ryu's review
14083,2025-09-12,485BXT,0001999371-25-013164,Tidal Trust II,LevMax(TM) COIN [Monthly 3x1] ETF,,BRACKET,MANUAL,Bracketed placeholder for '' — needs Ryu's review
16168,2025-09-12,485BXT,0001999371-25-013164,Tidal Trust II,LevMax(TM) COIN [Monthly 3x1] ETF,,BRACKET,MANUAL,Bracketed placeholder for '' — needs Ryu's review
14365,2025-08-14,485BXT,0001999371-25-011306,Tidal Trust II,LevMax(TM) COIN [Monthly 3x1] ETF,,BRACKET,MANUAL,Bracketed placeholder for '' — needs Ryu's review
16489,2025-08-14,485BXT,0001999371-25-011306,Tidal Trust II,LevMax(TM) COIN [Monthly 3x1] ETF,,BRACKET,MANUAL,Bracketed placeholder for '' — needs Ryu's review
14605,2025-06-03,485APOS,0001999371-25-007089,Tidal Trust II,LevMax(TM) COIN [Monthly 3x1] ETF,,BRACKET,MANUAL,Bracketed placeholder for '' — needs Ryu's review
16753,2025-06-03,485APOS,0001999371-25-007089,Tidal Trust II,LevMax(TM) COIN [Monthly 3x1] ETF,,BRACKET,MANUAL,Bracketed placeholder for '' — needs Ryu's review
13635,2025-11-10,485BXT,0001999371-25-017368,Tidal Trust II,LevMax(TM) HOOD [Monthly 3x1] ETF,,BRACKET,MANUAL,Bracketed placeholder for '' — needs Ryu's review
15683,2025-11-10,485BXT,0001999371-25-017368,Tidal Trust II,LevMax(TM) HOOD [Monthly 3x1] ETF,,BRACKET,MANUAL,Bracketed placeholder for '' — needs Ryu's review
13841,2025-10-10,485BXT,0001999371-25-015155,Tidal Trust II,LevMax(TM) HOOD [Monthly 3x1] ETF,,BRACKET,MANUAL,Bracketed placeholder for '' — needs Ryu's review
15920,2025-10-10,485BXT,0001999371-25-015155,Tidal Trust II,LevMax(TM) HOOD [Monthly 3x1] ETF,,BRACKET,MANUAL,Bracketed placeholder for '' — needs Ryu's review
14084,2025-09-12,485BXT,0001999371-25-013164,Tidal Trust II,LevMax(TM) HOOD [Monthly 3x1] ETF,,BRACKET,MANUAL,Bracketed placeholder for '' — needs Ryu's review
16169,2025-09-12,485BXT,0001999371-25-013164,Tidal Trust II,LevMax(TM) HOOD [Monthly 3x1] ETF,,BRACKET,MANUAL,Bracketed placeholder for '' — needs Ryu's review
14366,2025-08-14,485BXT,0001999371-25-011306,Tidal Trust II,LevMax(TM) HOOD [Monthly 3x1] ETF,,BRACKET,MANUAL,Bracketed placeholder for '' — needs Ryu's review
16490,2025-08-14,485BXT,0001999371-25-011306,Tidal Trust II,LevMax(TM) HOOD [Monthly 3x1] ETF,,BRACKET,MANUAL,Bracketed placeholder for '' — needs Ryu's review
14606,2025-06-03,485APOS,0001999371-25-007089,Tidal Trust II,LevMax(TM) HOOD [Monthly 3x1] ETF,,BRACKET,MANUAL,Bracketed placeholder for '' — needs Ryu's review
16754,2025-06-03,485APOS,0001999371-25-007089,Tidal Trust II,LevMax(TM) HOOD [Monthly 3x1] ETF,,BRACKET,MANUAL,Bracketed placeholder for '' — needs Ryu's review
13636,2025-11-10,485BXT,0001999371-25-017368,Tidal Trust II,LevMax(TM) MSFT [Monthly 3x1] ETF,,BRACKET,MANUAL,Bracketed placeholder for '' — needs Ryu's review
15684,2025-11-10,485BXT,0001999371-25-017368,Tidal Trust II,LevMax(TM) MSFT [Monthly 3x1] ETF,,BRACKET,MANUAL,Bracketed placeholder for '' — needs Ryu's review
13842,2025-10-10,485BXT,0001999371-25-015155,Tidal Trust II,LevMax(TM) MSFT [Monthly 3x1] ETF,,BRACKET,MANUAL,Bracketed placeholder for '' — needs Ryu's review
15921,2025-10-10,485BXT,0001999371-25-015155,Tidal Trust II,LevMax(TM) MSFT [Monthly 3x1] ETF,,BRACKET,MANUAL,Bracketed placeholder for '' — needs Ryu's review
14085,2025-09-12,485BXT,0001999371-25-013164,Tidal Trust II,LevMax(TM) MSFT [Monthly 3x1] ETF,,BRACKET,MANUAL,Bracketed placeholder for '' — needs Ryu's review
16170,2025-09-12,485BXT,0001999371-25-013164,Tidal Trust II,LevMax(TM) MSFT [Monthly 3x1] ETF,,BRACKET,MANUAL,Bracketed placeholder for '' — needs Ryu's review
14367,2025-08-14,485BXT,0001999371-25-011306,Tidal Trust II,LevMax(TM) MSFT [Monthly 3x1] ETF,,BRACKET,MANUAL,Bracketed placeholder for '' — needs Ryu's review
16491,2025-08-14,485BXT,0001999371-25-011306,Tidal Trust II,LevMax(TM) MSFT [Monthly 3x1] ETF,,BRACKET,MANUAL,Bracketed placeholder for '' — needs Ryu's review
14607,2025-06-03,485APOS,0001999371-25-007089,Tidal Trust II,LevMax(TM) MSFT [Monthly 3x1] ETF,,BRACKET,MANUAL,Bracketed placeholder for '' — needs Ryu's review
16755,2025-06-03,485APOS,0001999371-25-007089,Tidal Trust II,LevMax(TM) MSFT [Monthly 3x1] ETF,,BRACKET,MANUAL,Bracketed placeholder for '' — needs Ryu's review
13637,2025-11-10,485BXT,0001999371-25-017368,Tidal Trust II,LevMax(TM) MSTR [Monthly 3x1] ETF,,BRACKET,MANUAL,Bracketed placeholder for '' — needs Ryu's review
15685,2025-11-10,485BXT,0001999371-25-017368,Tidal Trust II,LevMax(TM) MSTR [Monthly 3x1] ETF,,BRACKET,MANUAL,Bracketed placeholder for '' — needs Ryu's review
13843,2025-10-10,485BXT,0001999371-25-015155,Tidal Trust II,LevMax(TM) MSTR [Monthly 3x1] ETF,,BRACKET,MANUAL,Bracketed placeholder for '' — needs Ryu's review
15922,2025-10-10,485BXT,0001999371-25-015155,Tidal Trust II,LevMax(TM) MSTR [Monthly 3x1] ETF,,BRACKET,MANUAL,Bracketed placeholder for '' — needs Ryu's review
14086,2025-09-12,485BXT,0001999371-25-013164,Tidal Trust II,LevMax(TM) MSTR [Monthly 3x1] ETF,,BRACKET,MANUAL,Bracketed placeholder for '' — needs Ryu's review
16171,2025-09-12,485BXT,0001999371-25-013164,Tidal Trust II,LevMax(TM) MSTR [Monthly 3x1] ETF,,BRACKET,MANUAL,Bracketed placeholder for '' — needs Ryu's review
14368,2025-08-14,485BXT,0001999371-25-011306,Tidal Trust II,LevMax(TM) MSTR [Monthly 3x1] ETF,,BRACKET,MANUAL,Bracketed placeholder for '' — needs Ryu's review
16492,2025-08-14,485BXT,0001999371-25-011306,Tidal Trust II,LevMax(TM) MSTR [Monthly 3x1] ETF,,BRACKET,MANUAL,Bracketed placeholder for '' — needs Ryu's review
14608,2025-06-03,485APOS,0001999371-25-007089,Tidal Trust II,LevMax(TM) MSTR [Monthly 3x1] ETF,,BRACKET,MANUAL,Bracketed placeholder for '' — needs Ryu's review
16756,2025-06-03,485APOS,0001999371-25-007089,Tidal Trust II,LevMax(TM) MSTR [Monthly 3x1] ETF,,BRACKET,MANUAL,Bracketed placeholder for '' — needs Ryu's review
13638,2025-11-10,485BXT,0001999371-25-017368,Tidal Trust II,LevMax(TM) NVDA [Monthly 3x1] ETF,,BRACKET,MANUAL,Bracketed placeholder for '' — needs Ryu's review
15686,2025-11-10,485BXT,0001999371-25-017368,Tidal Trust II,LevMax(TM) NVDA [Monthly 3x1] ETF,,BRACKET,MANUAL,Bracketed placeholder for '' — needs Ryu's review
13844,2025-10-10,485BXT,0001999371-25-015155,Tidal Trust II,LevMax(TM) NVDA [Monthly 3x1] ETF,,BRACKET,MANUAL,Bracketed placeholder for '' — needs Ryu's review
15923,2025-10-10,485BXT,0001999371-25-015155,Tidal Trust II,LevMax(TM) NVDA [Monthly 3x1] ETF,,BRACKET,MANUAL,Bracketed placeholder for '' — needs Ryu's review
14087,2025-09-12,485BXT,0001999371-25-013164,Tidal Trust II,LevMax(TM) NVDA [Monthly 3x1] ETF,,BRACKET,MANUAL,Bracketed placeholder for '' — needs Ryu's review
16172,2025-09-12,485BXT,0001999371-25-013164,Tidal Trust II,LevMax(TM) NVDA [Monthly 3x1] ETF,,BRACKET,MANUAL,Bracketed placeholder for '' — needs Ryu's review
14369,2025-08-14,485BXT,0001999371-25-011306,Tidal Trust II,LevMax(TM) NVDA [Monthly 3x1] ETF,,BRACKET,MANUAL,Bracketed placeholder for '' — needs Ryu's review
16493,2025-08-14,485BXT,0001999371-25-011306,Tidal Trust II,LevMax(TM) NVDA [Monthly 3x1] ETF,,BRACKET,MANUAL,Bracketed placeholder for '' — needs Ryu's review
14609,2025-06-03,485APOS,0001999371-25-007089,Tidal Trust II,LevMax(TM) NVDA [Monthly 3x1] ETF,,BRACKET,MANUAL,Bracketed placeholder for '' — needs Ryu's review
16757,2025-06-03,485APOS,0001999371-25-007089,Tidal Trust II,LevMax(TM) NVDA [Monthly 3x1] ETF,,BRACKET,MANUAL,Bracketed placeholder for '' — needs Ryu's review
13639,2025-11-10,485BXT,0001999371-25-017368,Tidal Trust II,LevMax(TM) PLTR [Monthly 3x1] ETF,,BRACKET,MANUAL,Bracketed placeholder for '' — needs Ryu's review
15687,2025-11-10,485BXT,0001999371-25-017368,Tidal Trust II,LevMax(TM) PLTR [Monthly 3x1] ETF,,BRACKET,MANUAL,Bracketed placeholder for '' — needs Ryu's review
13845,2025-10-10,485BXT,0001999371-25-015155,Tidal Trust II,LevMax(TM) PLTR [Monthly 3x1] ETF,,BRACKET,MANUAL,Bracketed placeholder for '' — needs Ryu's review
15924,2025-10-10,485BXT,0001999371-25-015155,Tidal Trust II,LevMax(TM) PLTR [Monthly 3x1] ETF,,BRACKET,MANUAL,Bracketed placeholder for '' — needs Ryu's review
14088,2025-09-12,485BXT,0001999371-25-013164,Tidal Trust II,LevMax(TM) PLTR [Monthly 3x1] ETF,,BRACKET,MANUAL,Bracketed placeholder for '' — needs Ryu's review
16173,2025-09-12,485BXT,0001999371-25-013164,Tidal Trust II,LevMax(TM) PLTR [Monthly 3x1] ETF,,BRACKET,MANUAL,Bracketed placeholder for '' — needs Ryu's review
14370,2025-08-14,485BXT,0001999371-25-011306,Tidal Trust II,LevMax(TM) PLTR [Monthly 3x1] ETF,,BRACKET,MANUAL,Bracketed placeholder for '' — needs Ryu's review
16494,2025-08-14,485BXT,0001999371-25-011306,Tidal Trust II,LevMax(TM) PLTR [Monthly 3x1] ETF,,BRACKET,MANUAL,Bracketed placeholder for '' — needs Ryu's review
14610,2025-06-03,485APOS,0001999371-25-007089,Tidal Trust II,LevMax(TM) PLTR [Monthly 3x1] ETF,,BRACKET,MANUAL,Bracketed placeholder for '' — needs Ryu's review
16758,2025-06-03,485APOS,0001999371-25-007089,Tidal Trust II,LevMax(TM) PLTR [Monthly 3x1] ETF,,BRACKET,MANUAL,Bracketed placeholder for '' — needs Ryu's review
13629,2025-11-10,485BXT,0001999371-25-017368,Tidal Trust II,LevMax(TM) RDDT [Monthly 3x1] ETF,,BRACKET,MANUAL,Bracketed placeholder for '' — needs Ryu's review
15677,2025-11-10,485BXT,0001999371-25-017368,Tidal Trust II,LevMax(TM) RDDT [Monthly 3x1] ETF,,BRACKET,MANUAL,Bracketed placeholder for '' — needs Ryu's review
13835,2025-10-10,485BXT,0001999371-25-015155,Tidal Trust II,LevMax(TM) RDDT [Monthly 3x1] ETF,,BRACKET,MANUAL,Bracketed placeholder for '' — needs Ryu's review
15914,2025-10-10,485BXT,0001999371-25-015155,Tidal Trust II,LevMax(TM) RDDT [Monthly 3x1] ETF,,BRACKET,MANUAL,Bracketed placeholder for '' — needs Ryu's review
14078,2025-09-12,485BXT,0001999371-25-013164,Tidal Trust II,LevMax(TM) RDDT [Monthly 3x1] ETF,,BRACKET,MANUAL,Bracketed placeholder for '' — needs Ryu's review
16163,2025-09-12,485BXT,0001999371-25-013164,Tidal Trust II,LevMax(TM) RDDT [Monthly 3x1] ETF,,BRACKET,MANUAL,Bracketed placeholder for '' — needs Ryu's review
14360,2025-08-14,485BXT,0001999371-25-011306,Tidal Trust II,LevMax(TM) RDDT [Monthly 3x1] ETF,,BRACKET,MANUAL,Bracketed placeholder for '' — needs Ryu's review
16484,2025-08-14,485BXT,0001999371-25-011306,Tidal Trust II,LevMax(TM) RDDT [Monthly 3x1] ETF,,BRACKET,MANUAL,Bracketed placeholder for '' — needs Ryu's review
14600,2025-06-03,485APOS,0001999371-25-007089,Tidal Trust II,LevMax(TM) RDDT [Monthly 3x1] ETF,,BRACKET,MANUAL,Bracketed placeholder for '' — needs Ryu's review
16748,2025-06-03,485APOS,0001999371-25-007089,Tidal Trust II,LevMax(TM) RDDT [Monthly 3x1] ETF,,BRACKET,MANUAL,Bracketed placeholder for '' — needs Ryu's review
13630,2025-11-10,485BXT,0001999371-25-017368,Tidal Trust II,LevMax(TM) SMCI [Monthly 3x1] ETF,,BRACKET,MANUAL,Bracketed placeholder for '' — needs Ryu's review
15678,2025-11-10,485BXT,0001999371-25-017368,Tidal Trust II,LevMax(TM) SMCI [Monthly 3x1] ETF,,BRACKET,MANUAL,Bracketed placeholder for '' — needs Ryu's review
13836,2025-10-10,485BXT,0001999371-25-015155,Tidal Trust II,LevMax(TM) SMCI [Monthly 3x1] ETF,,BRACKET,MANUAL,Bracketed placeholder for '' — needs Ryu's review
15915,2025-10-10,485BXT,0001999371-25-015155,Tidal Trust II,LevMax(TM) SMCI [Monthly 3x1] ETF,,BRACKET,MANUAL,Bracketed placeholder for '' — needs Ryu's review
14079,2025-09-12,485BXT,0001999371-25-013164,Tidal Trust II,LevMax(TM) SMCI [Monthly 3x1] ETF,,BRACKET,MANUAL,Bracketed placeholder for '' — needs Ryu's review
16164,2025-09-12,485BXT,0001999371-25-013164,Tidal Trust II,LevMax(TM) SMCI [Monthly 3x1] ETF,,BRACKET,MANUAL,Bracketed placeholder for '' — needs Ryu's review
14361,2025-08-14,485BXT,0001999371-25-011306,Tidal Trust II,LevMax(TM) SMCI [Monthly 3x1] ETF,,BRACKET,MANUAL,Bracketed placeholder for '' — needs Ryu's review
16485,2025-08-14,485BXT,0001999371-25-011306,Tidal Trust II,LevMax(TM) SMCI [Monthly 3x1] ETF,,BRACKET,MANUAL,Bracketed placeholder for '' — needs Ryu's review
14601,2025-06-03,485APOS,0001999371-25-007089,Tidal Trust II,LevMax(TM) SMCI [Monthly 3x1] ETF,,BRACKET,MANUAL,Bracketed placeholder for '' — needs Ryu's review
16749,2025-06-03,485APOS,0001999371-25-007089,Tidal Trust II,LevMax(TM) SMCI [Monthly 3x1] ETF,,BRACKET,MANUAL,Bracketed placeholder for '' — needs Ryu's review
13631,2025-11-10,485BXT,0001999371-25-017368,Tidal Trust II,LevMax(TM) TSLA [Monthly 3x1] ETF,,BRACKET,MANUAL,Bracketed placeholder for '' — needs Ryu's review
15679,2025-11-10,485BXT,0001999371-25-017368,Tidal Trust II,LevMax(TM) TSLA [Monthly 3x1] ETF,,BRACKET,MANUAL,Bracketed placeholder for '' — needs Ryu's review
13837,2025-10-10,485BXT,0001999371-25-015155,Tidal Trust II,LevMax(TM) TSLA [Monthly 3x1] ETF,,BRACKET,MANUAL,Bracketed placeholder for '' — needs Ryu's review
15916,2025-10-10,485BXT,0001999371-25-015155,Tidal Trust II,LevMax(TM) TSLA [Monthly 3x1] ETF,,BRACKET,MANUAL,Bracketed placeholder for '' — needs Ryu's review
14080,2025-09-12,485BXT,0001999371-25-013164,Tidal Trust II,LevMax(TM) TSLA [Monthly 3x1] ETF,,BRACKET,MANUAL,Bracketed placeholder for '' — needs Ryu's review
16165,2025-09-12,485BXT,0001999371-25-013164,Tidal Trust II,LevMax(TM) TSLA [Monthly 3x1] ETF,,BRACKET,MANUAL,Bracketed placeholder for '' — needs Ryu's review
14362,2025-08-14,485BXT,0001999371-25-011306,Tidal Trust II,LevMax(TM) TSLA [Monthly 3x1] ETF,,BRACKET,MANUAL,Bracketed placeholder for '' — needs Ryu's review
16486,2025-08-14,485BXT,0001999371-25-011306,Tidal Trust II,LevMax(TM) TSLA [Monthly 3x1] ETF,,BRACKET,MANUAL,Bracketed placeholder for '' — needs Ryu's review
14602,2025-06-03,485APOS,0001999371-25-007089,Tidal Trust II,LevMax(TM) TSLA [Monthly 3x1] ETF,,BRACKET,MANUAL,Bracketed placeholder for '' — needs Ryu's review
16750,2025-06-03,485APOS,0001999371-25-007089,Tidal Trust II,LevMax(TM) TSLA [Monthly 3x1] ETF,,BRACKET,MANUAL,Bracketed placeholder for '' — needs Ryu's review
693670,2026-05-07,485BXT,0001829126-26-004770,Themes ETF Trust,Leverage Shares 2X Long [XNDU] Daily ETF,,BRACKET,MANUAL,Bracketed placeholder for 'XNDU' — needs Ryu's review
689254,2026-05-05,485BXT,0001829126-26-004545,Themes ETF Trust,Leverage Shares 2X Long [XNDU] Daily ETF,,BRACKET,MANUAL,Bracketed placeholder for 'XNDU' — needs Ryu's review
650093,2026-04-06,485BXT,0001829126-26-003194,Themes ETF Trust,Leverage Shares 2X Long [XNDU] Daily ETF,,BRACKET,MANUAL,Bracketed placeholder for 'XNDU' — needs Ryu's review
19874,2026-01-22,485APOS,0001829126-26-000467,Themes ETF Trust,Leverage Shares 2X Long [XNDU] Daily ETF,,BRACKET,MANUAL,Bracketed placeholder for 'XNDU' — needs Ryu's review
21062,2026-01-22,485APOS,0001829126-26-000467,Themes ETF Trust,Leverage Shares 2X Long [XNDU] Daily ETF,,BRACKET,MANUAL,Bracketed placeholder for 'XNDU' — needs Ryu's review
693673,2026-05-07,485BXT,0001829126-26-004770,Themes ETF Trust,Leverage Shares 2X Short [XNDU] Daily ETF,,BRACKET,MANUAL,Bracketed placeholder for 'XNDU' — needs Ryu's review
689257,2026-05-05,485BXT,0001829126-26-004545,Themes ETF Trust,Leverage Shares 2X Short [XNDU] Daily ETF,,BRACKET,MANUAL,Bracketed placeholder for 'XNDU' — needs Ryu's review
650096,2026-04-06,485BXT,0001829126-26-003194,Themes ETF Trust,Leverage Shares 2X Short [XNDU] Daily ETF,,BRACKET,MANUAL,Bracketed placeholder for 'XNDU' — needs Ryu's review
19877,2026-01-22,485APOS,0001829126-26-000467,Themes ETF Trust,Leverage Shares 2X Short [XNDU] Daily ETF,,BRACKET,MANUAL,Bracketed placeholder for 'XNDU' — needs Ryu's review
21065,2026-01-22,485APOS,0001829126-26-000467,Themes ETF Trust,Leverage Shares 2X Short [XNDU] Daily ETF,,BRACKET,MANUAL,Bracketed placeholder for 'XNDU' — needs Ryu's review
727793,2026-07-02,485BXT,0001829126-26-007185,Themes ETF Trust,Leverage Shares 3X Long [XNDU] Daily Target ETF,,BRACKET,MANUAL,Bracketed placeholder for 'XNDU' — needs Ryu's review
709593,2026-06-04,485BXT,0001829126-26-006050,Themes ETF Trust,Leverage Shares 3X Long [XNDU] Daily Target ETF,,BRACKET,MANUAL,Bracketed placeholder for 'XNDU' — needs Ryu's review
693682,2026-05-07,485BXT,0001829126-26-004777,Themes ETF Trust,Leverage Shares 3X Long [XNDU] Daily Target ETF,,BRACKET,MANUAL,Bracketed placeholder for 'XNDU' — needs Ryu's review
651191,2026-04-10,485BXT,0001829126-26-003384,Themes ETF Trust,Leverage Shares 3X Long [XNDU] Daily Target ETF,,BRACKET,MANUAL,Bracketed placeholder for 'XNDU' — needs Ryu's review
19824,2026-01-28,485APOS,0001829126-26-000679,Themes ETF Trust,Leverage Shares 3X Long [XNDU] Daily Target ETF,,BRACKET,MANUAL,Bracketed placeholder for 'XNDU' — needs Ryu's review
21012,2026-01-28,485APOS,0001829126-26-000679,Themes ETF Trust,Leverage Shares 3X Long [XNDU] Daily Target ETF,,BRACKET,MANUAL,Bracketed placeholder for 'XNDU' — needs Ryu's review
727796,2026-07-02,485BXT,0001829126-26-007185,Themes ETF Trust,Leverage Shares 3X Short [XNDU] Daily Target ETF,,BRACKET,MANUAL,Bracketed placeholder for 'XNDU' — needs Ryu's review
709596,2026-06-04,485BXT,0001829126-26-006050,Themes ETF Trust,Leverage Shares 3X Short [XNDU] Daily Target ETF,,BRACKET,MANUAL,Bracketed placeholder for 'XNDU' — needs Ryu's review
693685,2026-05-07,485BXT,0001829126-26-004777,Themes ETF Trust,Leverage Shares 3X Short [XNDU] Daily Target ETF,,BRACKET,MANUAL,Bracketed placeholder for 'XNDU' — needs Ryu's review
651194,2026-04-10,485BXT,0001829126-26-003384,Themes ETF Trust,Leverage Shares 3X Short [XNDU] Daily Target ETF,,BRACKET,MANUAL,Bracketed placeholder for 'XNDU' — needs Ryu's review
19827,2026-01-28,485APOS,0001829126-26-000679,Themes ETF Trust,Leverage Shares 3X Short [XNDU] Daily Target ETF,,BRACKET,MANUAL,Bracketed placeholder for 'XNDU' — needs Ryu's review
21015,2026-01-28,485APOS,0001829126-26-000679,Themes ETF Trust,Leverage Shares 3X Short [XNDU] Daily Target ETF,,BRACKET,MANUAL,Bracketed placeholder for 'XNDU' — needs Ryu's review
721574,2026-06-29,485BXT,0000894189-26-020758,ETF Series Solutions,Predictive ASTS Moonshot Target [TBA Year] [TBA Upside] ETF,,BRACKET,MANUAL,Bracketed placeholder for 'TBA Year' — needs Ryu's review
656662,2026-04-17,485APOS,0000894189-26-012222,ETF Series Solutions,Predictive ASTS Moonshot Target [TBA Year] [TBA Upside] ETF,,BRACKET,MANUAL,Bracketed placeholder for 'TBA Year' — needs Ryu's review
721575,2026-06-29,485BXT,0000894189-26-020758,ETF Series Solutions,Predictive Bitcoin Moonshot Target [TBA Year] [TBA Upside] ETF,,BRACKET,MANUAL,Bracketed placeholder for 'TBA Year' — needs Ryu's review
656663,2026-04-17,485APOS,0000894189-26-012222,ETF Series Solutions,Predictive Bitcoin Moonshot Target [TBA Year] [TBA Upside] ETF,,BRACKET,MANUAL,Bracketed placeholder for 'TBA Year' — needs Ryu's review
721576,2026-06-29,485BXT,0000894189-26-020758,ETF Series Solutions,Predictive Ethereum Moonshot Target [TBA Year] [TBA Upside] ETF,,BRACKET,MANUAL,Bracketed placeholder for 'TBA Year' — needs Ryu's review
656664,2026-04-17,485APOS,0000894189-26-012222,ETF Series Solutions,Predictive Ethereum Moonshot Target [TBA Year] [TBA Upside] ETF,,BRACKET,MANUAL,Bracketed placeholder for 'TBA Year' — needs Ryu's review
721577,2026-06-29,485BXT,0000894189-26-020758,ETF Series Solutions,Predictive Gold Moonshot Target [TBA Year] [TBA Upside] ETF,,BRACKET,MANUAL,Bracketed placeholder for 'TBA Year' — needs Ryu's review
656665,2026-04-17,485APOS,0000894189-26-012222,ETF Series Solutions,Predictive Gold Moonshot Target [TBA Year] [TBA Upside] ETF,,BRACKET,MANUAL,Bracketed placeholder for 'TBA Year' — needs Ryu's review
721579,2026-06-29,485BXT,0000894189-26-020758,ETF Series Solutions,Predictive NVDA Moonshot Target [TBA Year] [TBA Upside] ETF,,BRACKET,MANUAL,Bracketed placeholder for 'TBA Year' — needs Ryu's review
656667,2026-04-17,485APOS,0000894189-26-012222,ETF Series Solutions,Predictive NVDA Moonshot Target [TBA Year] [TBA Upside] ETF,,BRACKET,MANUAL,Bracketed placeholder for 'TBA Year' — needs Ryu's review
721578,2026-06-29,485BXT,0000894189-26-020758,ETF Series Solutions,Predictive Nasdaq Moonshot Target [TBA Year] [TBA Upside] ETF,,BRACKET,MANUAL,Bracketed placeholder for 'TBA Year' — needs Ryu's review
656666,2026-04-17,485APOS,0000894189-26-012222,ETF Series Solutions,Predictive Nasdaq Moonshot Target [TBA Year] [TBA Upside] ETF,,BRACKET,MANUAL,Bracketed placeholder for 'TBA Year' — needs Ryu's review
721580,2026-06-29,485BXT,0000894189-26-020758,ETF Series Solutions,Predictive Rocket Labs Moonshot Target [TBA Year] [TBA Upside] ETF,,BRACKET,MANUAL,Bracketed placeholder for 'TBA Year' — needs Ryu's review
656668,2026-04-17,485APOS,0000894189-26-012222,ETF Series Solutions,Predictive Rocket Labs Moonshot Target [TBA Year] [TBA Upside] ETF,,BRACKET,MANUAL,Bracketed placeholder for 'TBA Year' — needs Ryu's review
721581,2026-06-29,485BXT,0000894189-26-020758,ETF Series Solutions,Predictive S&P 500 Moonshot Target [TBA Year] [TBA Upside] ETF,,BRACKET,MANUAL,Bracketed placeholder for 'TBA Year' — needs Ryu's review
656669,2026-04-17,485APOS,0000894189-26-012222,ETF Series Solutions,Predictive S&P 500 Moonshot Target [TBA Year] [TBA Upside] ETF,,BRACKET,MANUAL,Bracketed placeholder for 'TBA Year' — needs Ryu's review
656670,2026-04-17,485APOS,0000894189-26-012222,ETF Series Solutions,Predictive Telsa Moonshot Target [TBA Year] [TBA Upside] ETF,,BRACKET,MANUAL,Bracketed placeholder for 'TBA Year' — needs Ryu's review
721582,2026-06-29,485BXT,0000894189-26-020758,ETF Series Solutions,Predictive Tesla Moonshot Target [TBA Year] [TBA Upside] ETF,,BRACKET,MANUAL,Bracketed placeholder for 'TBA Year' — needs Ryu's review
114848,2022-01-10,485BPOS,0001193125-22-005221,SPDR Index Shares Funds,SPDR [Bloomberg SASB Developed Markets Ex US ESG Select] ETF,RDMX,BRACKET,MANUAL,Bracketed placeholder for 'Bloomberg SASB Developed Markets Ex US ESG Select' — needs Ryu's review
114858,2021-12-17,485BXT,0001193125-21-360846,SPDR Index Shares Funds,SPDR [Bloomberg SASB Developed Markets Ex US ESG Select] ETF,,BRACKET,MANUAL,Bracketed placeholder for 'Bloomberg SASB Developed Markets Ex US ESG Select' — needs Ryu's review
114860,2021-11-19,485BXT,0001193125-21-335165,SPDR Index Shares Funds,SPDR [Bloomberg SASB Developed Markets Ex US ESG Select] ETF,,BRACKET,MANUAL,Bracketed placeholder for 'Bloomberg SASB Developed Markets Ex US ESG Select' — needs Ryu's review
114862,2021-10-22,485BXT,0001193125-21-305305,SPDR Index Shares Funds,SPDR [Bloomberg SASB Developed Markets Ex US ESG Select] ETF,,BRACKET,MANUAL,Bracketed placeholder for 'Bloomberg SASB Developed Markets Ex US ESG Select' — needs Ryu's review
114849,2022-01-10,485BPOS,0001193125-22-005221,SPDR Index Shares Funds,SPDR [Bloomberg SASB Emerging Markets ESG Select] ETF,REMG,BRACKET,MANUAL,Bracketed placeholder for 'Bloomberg SASB Emerging Markets ESG Select' — needs Ryu's review
114859,2021-12-17,485BXT,0001193125-21-360846,SPDR Index Shares Funds,SPDR [Bloomberg SASB Emerging Markets ESG Select] ETF,,BRACKET,MANUAL,Bracketed placeholder for 'Bloomberg SASB Emerging Markets ESG Select' — needs Ryu's review
114861,2021-11-19,485BXT,0001193125-21-335165,SPDR Index Shares Funds,SPDR [Bloomberg SASB Emerging Markets ESG Select] ETF,,BRACKET,MANUAL,Bracketed placeholder for 'Bloomberg SASB Emerging Markets ESG Select' — needs Ryu's review
114863,2021-10-22,485BXT,0001193125-21-305305,SPDR Index Shares Funds,SPDR [Bloomberg SASB Emerging Markets ESG Select] ETF,,BRACKET,MANUAL,Bracketed placeholder for 'Bloomberg SASB Emerging Markets ESG Select' — needs Ryu's review
167533,2010-03-25,N-1A,0001484018-10-000004,Spinnaker ETF Series,Spinnaker [FAS] Managed Equity ETF Fund,,BRACKET,MANUAL,Bracketed placeholder for 'FAS' — needs Ryu's review
724243,2026-06-30,485APOS,0001580642-26-004066,Strategy Shares,Strategy Shares [INDEX NAME] Enhanced Yield ETF,SPYY,BRACKET,MANUAL,Bracketed placeholder for 'INDEX NAME' — needs Ryu's review
18283,2025-02-28,485APOS,0000894189-25-001563,ETF Series Solutions,The [State] Focused ETF,,BRACKET,MANUAL,Bracketed placeholder for 'State' — needs Ryu's review
19644,2025-02-28,485APOS,0000894189-25-001563,ETF Series Solutions,The [State] Focused ETF,,BRACKET,MANUAL,Bracketed placeholder for 'State' — needs Ryu's review
14056,2025-09-18,485BXT,0001999371-25-013497,Tidal Trust II,YieldMax(R) Target [X](TM) AI Option Income ETF,,BRACKET,MANUAL,Bracketed placeholder for 'X' — needs Ryu's review
16139,2025-09-18,485BXT,0001999371-25-013497,Tidal Trust II,YieldMax(R) Target [X](TM) AI Option Income ETF,,BRACKET,MANUAL,Bracketed placeholder for 'X' — needs Ryu's review
14058,2025-09-18,485BXT,0001999371-25-013497,Tidal Trust II,YieldMax(R) Target [X](TM) AMD Option Income ETF,,BRACKET,MANUAL,Bracketed placeholder for 'X' — needs Ryu's review
16141,2025-09-18,485BXT,0001999371-25-013497,Tidal Trust II,YieldMax(R) Target [X](TM) AMD Option Income ETF,,BRACKET,MANUAL,Bracketed placeholder for 'X' — needs Ryu's review
14059,2025-09-18,485BXT,0001999371-25-013497,Tidal Trust II,YieldMax(R) Target [X](TM) AMZN Option Income ETF,,BRACKET,MANUAL,Bracketed placeholder for 'X' — needs Ryu's review
16142,2025-09-18,485BXT,0001999371-25-013497,Tidal Trust II,YieldMax(R) Target [X](TM) AMZN Option Income ETF,,BRACKET,MANUAL,Bracketed placeholder for 'X' — needs Ryu's review
14060,2025-09-18,485BXT,0001999371-25-013497,Tidal Trust II,YieldMax(R) Target [X](TM) COIN Option Income ETF,,BRACKET,MANUAL,Bracketed placeholder for 'X' — needs Ryu's review
16143,2025-09-18,485BXT,0001999371-25-013497,Tidal Trust II,YieldMax(R) Target [X](TM) COIN Option Income ETF,,BRACKET,MANUAL,Bracketed placeholder for 'X' — needs Ryu's review
14061,2025-09-18,485BXT,0001999371-25-013497,Tidal Trust II,YieldMax(R) Target [X](TM) MARA Option Income ETF,,BRACKET,MANUAL,Bracketed placeholder for 'X' — needs Ryu's review
16144,2025-09-18,485BXT,0001999371-25-013497,Tidal Trust II,YieldMax(R) Target [X](TM) MARA Option Income ETF,,BRACKET,MANUAL,Bracketed placeholder for 'X' — needs Ryu's review
14062,2025-09-18,485BXT,0001999371-25-013497,Tidal Trust II,YieldMax(R) Target [X](TM) MSTR Option Income ETF,,BRACKET,MANUAL,Bracketed placeholder for 'X' — needs Ryu's review
16145,2025-09-18,485BXT,0001999371-25-013497,Tidal Trust II,YieldMax(R) Target [X](TM) MSTR Option Income ETF,,BRACKET,MANUAL,Bracketed placeholder for 'X' — needs Ryu's review
14063,2025-09-18,485BXT,0001999371-25-013497,Tidal Trust II,YieldMax(R) Target [X](TM) NVDA Option Income ETF,,BRACKET,MANUAL,Bracketed placeholder for 'X' — needs Ryu's review
16146,2025-09-18,485BXT,0001999371-25-013497,Tidal Trust II,YieldMax(R) Target [X](TM) NVDA Option Income ETF,,BRACKET,MANUAL,Bracketed placeholder for 'X' — needs Ryu's review
14064,2025-09-18,485BXT,0001999371-25-013497,Tidal Trust II,YieldMax(R) Target [X](TM) PLTR Option Income ETF,,BRACKET,MANUAL,Bracketed placeholder for 'X' — needs Ryu's review
16147,2025-09-18,485BXT,0001999371-25-013497,Tidal Trust II,YieldMax(R) Target [X](TM) PLTR Option Income ETF,,BRACKET,MANUAL,Bracketed placeholder for 'X' — needs Ryu's review
14065,2025-09-18,485BXT,0001999371-25-013497,Tidal Trust II,YieldMax(R) Target [X](TM) SMCI Option Income ETF,,BRACKET,MANUAL,Bracketed placeholder for 'X' — needs Ryu's review
16148,2025-09-18,485BXT,0001999371-25-013497,Tidal Trust II,YieldMax(R) Target [X](TM) SMCI Option Income ETF,,BRACKET,MANUAL,Bracketed placeholder for 'X' — needs Ryu's review
14057,2025-09-18,485BXT,0001999371-25-013497,Tidal Trust II,YieldMax(R) Target [X](TM) TSLA Option Income ETF,,BRACKET,MANUAL,Bracketed placeholder for 'X' — needs Ryu's review
16140,2025-09-18,485BXT,0001999371-25-013497,Tidal Trust II,YieldMax(R) Target [X](TM) TSLA Option Income ETF,,BRACKET,MANUAL,Bracketed placeholder for 'X' — needs Ryu's review
669398,2026-04-29,485APOS,0001999371-26-009315,Tidal Trust II,YieldMax(R) [Anthropic] Option Income Strategy ETF,,BRACKET,MANUAL,Bracketed placeholder for 'Anthropic' — needs Ryu's review
672594,2026-04-30,485APOS,0001999371-26-009437,Tidal Trust II,YieldMax(R) [Databricks] Option Income Strategy ETF,,BRACKET,MANUAL,Bracketed placeholder for 'Databricks' — needs Ryu's review
694935,2026-05-11,485APOS,0001999371-26-010393,Tidal Trust II,YieldMax(R) [OpenAI] Option Income Strategy ETF,,BRACKET,MANUAL,Bracketed placeholder for 'OpenAI' — needs Ryu's review
667143,2026-04-28,485APOS,0001999371-26-009217,Tidal Trust II,YieldMax(R) [SpaceX] Option Income Strategy ETF,,BRACKET,MANUAL,Bracketed placeholder for 'SpaceX' — needs Ryu's review
14148,2025-09-04,485BXT,0001999371-25-012568,Tidal Trust II,YieldMax(TM) Target [X](TM) AI Option Income ETF,,BRACKET,MANUAL,Bracketed placeholder for 'X' — needs Ryu's review
16233,2025-09-04,485BXT,0001999371-25-012568,Tidal Trust II,YieldMax(TM) Target [X](TM) AI Option Income ETF,,BRACKET,MANUAL,Bracketed placeholder for 'X' — needs Ryu's review
14284,2025-08-26,485BXT,0001999371-25-011999,Tidal Trust II,YieldMax(TM) Target [X](TM) AI Option Income ETF,,BRACKET,MANUAL,Bracketed placeholder for 'X' — needs Ryu's review
16389,2025-08-26,485BXT,0001999371-25-011999,Tidal Trust II,YieldMax(TM) Target [X](TM) AI Option Income ETF,,BRACKET,MANUAL,Bracketed placeholder for 'X' — needs Ryu's review
14342,2025-08-18,485BXT,0001999371-25-011545,Tidal Trust II,YieldMax(TM) Target [X](TM) AI Option Income ETF,,BRACKET,MANUAL,Bracketed placeholder for 'X' — needs Ryu's review
16452,2025-08-18,485BXT,0001999371-25-011545,Tidal Trust II,YieldMax(TM) Target [X](TM) AI Option Income ETF,,BRACKET,MANUAL,Bracketed placeholder for 'X' — needs Ryu's review
14377,2025-08-11,485BXT,0001999371-25-011059,Tidal Trust II,YieldMax(TM) Target [X](TM) AI Option Income ETF,,BRACKET,MANUAL,Bracketed placeholder for 'X' — needs Ryu's review
16501,2025-08-11,485BXT,0001999371-25-011059,Tidal Trust II,YieldMax(TM) Target [X](TM) AI Option Income ETF,,BRACKET,MANUAL,Bracketed placeholder for 'X' — needs Ryu's review
14390,2025-08-07,485BXT,0001999371-25-010872,Tidal Trust II,YieldMax(TM) Target [X](TM) AI Option Income ETF,,BRACKET,MANUAL,Bracketed placeholder for 'X' — needs Ryu's review
16514,2025-08-07,485BXT,0001999371-25-010872,Tidal Trust II,YieldMax(TM) Target [X](TM) AI Option Income ETF,,BRACKET,MANUAL,Bracketed placeholder for 'X' — needs Ryu's review
14413,2025-07-30,485BXT,0001999371-25-010252,Tidal Trust II,YieldMax(TM) Target [X](TM) AI Option Income ETF,,BRACKET,MANUAL,Bracketed placeholder for 'X' — needs Ryu's review
16537,2025-07-30,485BXT,0001999371-25-010252,Tidal Trust II,YieldMax(TM) Target [X](TM) AI Option Income ETF,,BRACKET,MANUAL,Bracketed placeholder for 'X' — needs Ryu's review
14463,2025-07-10,485BXT,0001999371-25-008926,Tidal Trust II,YieldMax(TM) Target [X](TM) AI Option Income ETF,,BRACKET,MANUAL,Bracketed placeholder for 'X' — needs Ryu's review
16594,2025-07-10,485BXT,0001999371-25-008926,Tidal Trust II,YieldMax(TM) Target [X](TM) AI Option Income ETF,,BRACKET,MANUAL,Bracketed placeholder for 'X' — needs Ryu's review
14499,2025-06-30,485BXT,0001999371-25-008569,Tidal Trust II,YieldMax(TM) Target [X](TM) AI Option Income ETF,,BRACKET,MANUAL,Bracketed placeholder for 'X' — needs Ryu's review
16631,2025-06-30,485BXT,0001999371-25-008569,Tidal Trust II,YieldMax(TM) Target [X](TM) AI Option Income ETF,,BRACKET,MANUAL,Bracketed placeholder for 'X' — needs Ryu's review
14529,2025-06-23,485BXT,0001999371-25-008108,Tidal Trust II,YieldMax(TM) Target [X](TM) AI Option Income ETF,,BRACKET,MANUAL,Bracketed placeholder for 'X' — needs Ryu's review
16661,2025-06-23,485BXT,0001999371-25-008108,Tidal Trust II,YieldMax(TM) Target [X](TM) AI Option Income ETF,,BRACKET,MANUAL,Bracketed placeholder for 'X' — needs Ryu's review
14545,2025-06-16,485BXT,0001999371-25-007822,Tidal Trust II,YieldMax(TM) Target [X](TM) AI Option Income ETF,,BRACKET,MANUAL,Bracketed placeholder for 'X' — needs Ryu's review
16683,2025-06-16,485BXT,0001999371-25-007822,Tidal Trust II,YieldMax(TM) Target [X](TM) AI Option Income ETF,,BRACKET,MANUAL,Bracketed placeholder for 'X' — needs Ryu's review
14560,2025-06-06,485BXT,0001999371-25-007325,Tidal Trust II,YieldMax(TM) Target [X](TM) AI Option Income ETF,,BRACKET,MANUAL,Bracketed placeholder for 'X' — needs Ryu's review
16699,2025-06-06,485BXT,0001999371-25-007325,Tidal Trust II,YieldMax(TM) Target [X](TM) AI Option Income ETF,,BRACKET,MANUAL,Bracketed placeholder for 'X' — needs Ryu's review
14636,2025-06-02,485BXT,0001999371-25-007020,Tidal Trust II,YieldMax(TM) Target [X](TM) AI Option Income ETF,,BRACKET,MANUAL,Bracketed placeholder for 'X' — needs Ryu's review
16785,2025-06-02,485BXT,0001999371-25-007020,Tidal Trust II,YieldMax(TM) Target [X](TM) AI Option Income ETF,,BRACKET,MANUAL,Bracketed placeholder for 'X' — needs Ryu's review
14665,2025-05-23,485BXT,0001999371-25-006630,Tidal Trust II,YieldMax(TM) Target [X](TM) AI Option Income ETF,,BRACKET,MANUAL,Bracketed placeholder for 'X' — needs Ryu's review
16814,2025-05-23,485BXT,0001999371-25-006630,Tidal Trust II,YieldMax(TM) Target [X](TM) AI Option Income ETF,,BRACKET,MANUAL,Bracketed placeholder for 'X' — needs Ryu's review
14690,2025-05-16,485BXT,0001999371-25-006297,Tidal Trust II,YieldMax(TM) Target [X](TM) AI Option Income ETF,,BRACKET,MANUAL,Bracketed placeholder for 'X' — needs Ryu's review
16841,2025-05-16,485BXT,0001999371-25-006297,Tidal Trust II,YieldMax(TM) Target [X](TM) AI Option Income ETF,,BRACKET,MANUAL,Bracketed placeholder for 'X' — needs Ryu's review
14722,2025-05-02,485BXT,0001999371-25-005311,Tidal Trust II,YieldMax(TM) Target [X](TM) AI Option Income ETF,,BRACKET,MANUAL,Bracketed placeholder for 'X' — needs Ryu's review
16881,2025-05-02,485BXT,0001999371-25-005311,Tidal Trust II,YieldMax(TM) Target [X](TM) AI Option Income ETF,,BRACKET,MANUAL,Bracketed placeholder for 'X' — needs Ryu's review
15009,2025-02-19,485APOS,0001839882-25-009869,Tidal Trust II,YieldMax(TM) Target [X](TM) AI Option Income ETF,,BRACKET,MANUAL,Bracketed placeholder for 'X' — needs Ryu's review
17204,2025-02-19,485APOS,0001839882-25-009869,Tidal Trust II,YieldMax(TM) Target [X](TM) AI Option Income ETF,,BRACKET,MANUAL,Bracketed placeholder for 'X' — needs Ryu's review
14150,2025-09-04,485BXT,0001999371-25-012568,Tidal Trust II,YieldMax(TM) Target [X](TM) AMD Option Income ETF,,BRACKET,MANUAL,Bracketed placeholder for 'X' — needs Ryu's review
16235,2025-09-04,485BXT,0001999371-25-012568,Tidal Trust II,YieldMax(TM) Target [X](TM) AMD Option Income ETF,,BRACKET,MANUAL,Bracketed placeholder for 'X' — needs Ryu's review
14286,2025-08-26,485BXT,0001999371-25-011999,Tidal Trust II,YieldMax(TM) Target [X](TM) AMD Option Income ETF,,BRACKET,MANUAL,Bracketed placeholder for 'X' — needs Ryu's review
16391,2025-08-26,485BXT,0001999371-25-011999,Tidal Trust II,YieldMax(TM) Target [X](TM) AMD Option Income ETF,,BRACKET,MANUAL,Bracketed placeholder for 'X' — needs Ryu's review
14344,2025-08-18,485BXT,0001999371-25-011545,Tidal Trust II,YieldMax(TM) Target [X](TM) AMD Option Income ETF,,BRACKET,MANUAL,Bracketed placeholder for 'X' — needs Ryu's review
16454,2025-08-18,485BXT,0001999371-25-011545,Tidal Trust II,YieldMax(TM) Target [X](TM) AMD Option Income ETF,,BRACKET,MANUAL,Bracketed placeholder for 'X' — needs Ryu's review
14379,2025-08-11,485BXT,0001999371-25-011059,Tidal Trust II,YieldMax(TM) Target [X](TM) AMD Option Income ETF,,BRACKET,MANUAL,Bracketed placeholder for 'X' — needs Ryu's review
16503,2025-08-11,485BXT,0001999371-25-011059,Tidal Trust II,YieldMax(TM) Target [X](TM) AMD Option Income ETF,,BRACKET,MANUAL,Bracketed placeholder for 'X' — needs Ryu's review
14392,2025-08-07,485BXT,0001999371-25-010872,Tidal Trust II,YieldMax(TM) Target [X](TM) AMD Option Income ETF,,BRACKET,MANUAL,Bracketed placeholder for 'X' — needs Ryu's review
16516,2025-08-07,485BXT,0001999371-25-010872,Tidal Trust II,YieldMax(TM) Target [X](TM) AMD Option Income ETF,,BRACKET,MANUAL,Bracketed placeholder for 'X' — needs Ryu's review
14415,2025-07-30,485BXT,0001999371-25-010252,Tidal Trust II,YieldMax(TM) Target [X](TM) AMD Option Income ETF,,BRACKET,MANUAL,Bracketed placeholder for 'X' — needs Ryu's review
16539,2025-07-30,485BXT,0001999371-25-010252,Tidal Trust II,YieldMax(TM) Target [X](TM) AMD Option Income ETF,,BRACKET,MANUAL,Bracketed placeholder for 'X' — needs Ryu's review
14465,2025-07-10,485BXT,0001999371-25-008926,Tidal Trust II,YieldMax(TM) Target [X](TM) AMD Option Income ETF,,BRACKET,MANUAL,Bracketed placeholder for 'X' — needs Ryu's review
16596,2025-07-10,485BXT,0001999371-25-008926,Tidal Trust II,YieldMax(TM) Target [X](TM) AMD Option Income ETF,,BRACKET,MANUAL,Bracketed placeholder for 'X' — needs Ryu's review
14501,2025-06-30,485BXT,0001999371-25-008569,Tidal Trust II,YieldMax(TM) Target [X](TM) AMD Option Income ETF,,BRACKET,MANUAL,Bracketed placeholder for 'X' — needs Ryu's review
16633,2025-06-30,485BXT,0001999371-25-008569,Tidal Trust II,YieldMax(TM) Target [X](TM) AMD Option Income ETF,,BRACKET,MANUAL,Bracketed placeholder for 'X' — needs Ryu's review
14531,2025-06-23,485BXT,0001999371-25-008108,Tidal Trust II,YieldMax(TM) Target [X](TM) AMD Option Income ETF,,BRACKET,MANUAL,Bracketed placeholder for 'X' — needs Ryu's review
16663,2025-06-23,485BXT,0001999371-25-008108,Tidal Trust II,YieldMax(TM) Target [X](TM) AMD Option Income ETF,,BRACKET,MANUAL,Bracketed placeholder for 'X' — needs Ryu's review
14547,2025-06-16,485BXT,0001999371-25-007822,Tidal Trust II,YieldMax(TM) Target [X](TM) AMD Option Income ETF,,BRACKET,MANUAL,Bracketed placeholder for 'X' — needs Ryu's review
16685,2025-06-16,485BXT,0001999371-25-007822,Tidal Trust II,YieldMax(TM) Target [X](TM) AMD Option Income ETF,,BRACKET,MANUAL,Bracketed placeholder for 'X' — needs Ryu's review
14562,2025-06-06,485BXT,0001999371-25-007325,Tidal Trust II,YieldMax(TM) Target [X](TM) AMD Option Income ETF,,BRACKET,MANUAL,Bracketed placeholder for 'X' — needs Ryu's review
16701,2025-06-06,485BXT,0001999371-25-007325,Tidal Trust II,YieldMax(TM) Target [X](TM) AMD Option Income ETF,,BRACKET,MANUAL,Bracketed placeholder for 'X' — needs Ryu's review
14638,2025-06-02,485BXT,0001999371-25-007020,Tidal Trust II,YieldMax(TM) Target [X](TM) AMD Option Income ETF,,BRACKET,MANUAL,Bracketed placeholder for 'X' — needs Ryu's review
16787,2025-06-02,485BXT,0001999371-25-007020,Tidal Trust II,YieldMax(TM) Target [X](TM) AMD Option Income ETF,,BRACKET,MANUAL,Bracketed placeholder for 'X' — needs Ryu's review
14667,2025-05-23,485BXT,0001999371-25-006630,Tidal Trust II,YieldMax(TM) Target [X](TM) AMD Option Income ETF,,BRACKET,MANUAL,Bracketed placeholder for 'X' — needs Ryu's review
16816,2025-05-23,485BXT,0001999371-25-006630,Tidal Trust II,YieldMax(TM) Target [X](TM) AMD Option Income ETF,,BRACKET,MANUAL,Bracketed placeholder for 'X' — needs Ryu's review
14692,2025-05-16,485BXT,0001999371-25-006297,Tidal Trust II,YieldMax(TM) Target [X](TM) AMD Option Income ETF,,BRACKET,MANUAL,Bracketed placeholder for 'X' — needs Ryu's review
16843,2025-05-16,485BXT,0001999371-25-006297,Tidal Trust II,YieldMax(TM) Target [X](TM) AMD Option Income ETF,,BRACKET,MANUAL,Bracketed placeholder for 'X' — needs Ryu's review
14724,2025-05-02,485BXT,0001999371-25-005311,Tidal Trust II,YieldMax(TM) Target [X](TM) AMD Option Income ETF,,BRACKET,MANUAL,Bracketed placeholder for 'X' — needs Ryu's review
16883,2025-05-02,485BXT,0001999371-25-005311,Tidal Trust II,YieldMax(TM) Target [X](TM) AMD Option Income ETF,,BRACKET,MANUAL,Bracketed placeholder for 'X' — needs Ryu's review
15011,2025-02-19,485APOS,0001839882-25-009869,Tidal Trust II,YieldMax(TM) Target [X](TM) AMD Option Income ETF,,BRACKET,MANUAL,Bracketed placeholder for 'X' — needs Ryu's review
17206,2025-02-19,485APOS,0001839882-25-009869,Tidal Trust II,YieldMax(TM) Target [X](TM) AMD Option Income ETF,,BRACKET,MANUAL,Bracketed placeholder for 'X' — needs Ryu's review
14151,2025-09-04,485BXT,0001999371-25-012568,Tidal Trust II,YieldMax(TM) Target [X](TM) AMZN Option Income ETF,,BRACKET,MANUAL,Bracketed placeholder for 'X' — needs Ryu's review
16236,2025-09-04,485BXT,0001999371-25-012568,Tidal Trust II,YieldMax(TM) Target [X](TM) AMZN Option Income ETF,,BRACKET,MANUAL,Bracketed placeholder for 'X' — needs Ryu's review
14287,2025-08-26,485BXT,0001999371-25-011999,Tidal Trust II,YieldMax(TM) Target [X](TM) AMZN Option Income ETF,,BRACKET,MANUAL,Bracketed placeholder for 'X' — needs Ryu's review
16392,2025-08-26,485BXT,0001999371-25-011999,Tidal Trust II,YieldMax(TM) Target [X](TM) AMZN Option Income ETF,,BRACKET,MANUAL,Bracketed placeholder for 'X' — needs Ryu's review
14345,2025-08-18,485BXT,0001999371-25-011545,Tidal Trust II,YieldMax(TM) Target [X](TM) AMZN Option Income ETF,,BRACKET,MANUAL,Bracketed placeholder for 'X' — needs Ryu's review
16455,2025-08-18,485BXT,0001999371-25-011545,Tidal Trust II,YieldMax(TM) Target [X](TM) AMZN Option Income ETF,,BRACKET,MANUAL,Bracketed placeholder for 'X' — needs Ryu's review
14380,2025-08-11,485BXT,0001999371-25-011059,Tidal Trust II,YieldMax(TM) Target [X](TM) AMZN Option Income ETF,,BRACKET,MANUAL,Bracketed placeholder for 'X' — needs Ryu's review
16504,2025-08-11,485BXT,0001999371-25-011059,Tidal Trust II,YieldMax(TM) Target [X](TM) AMZN Option Income ETF,,BRACKET,MANUAL,Bracketed placeholder for 'X' — needs Ryu's review
14393,2025-08-07,485BXT,0001999371-25-010872,Tidal Trust II,YieldMax(TM) Target [X](TM) AMZN Option Income ETF,,BRACKET,MANUAL,Bracketed placeholder for 'X' — needs Ryu's review
16517,2025-08-07,485BXT,0001999371-25-010872,Tidal Trust II,YieldMax(TM) Target [X](TM) AMZN Option Income ETF,,BRACKET,MANUAL,Bracketed placeholder for 'X' — needs Ryu's review
14416,2025-07-30,485BXT,0001999371-25-010252,Tidal Trust II,YieldMax(TM) Target [X](TM) AMZN Option Income ETF,,BRACKET,MANUAL,Bracketed placeholder for 'X' — needs Ryu's review
16540,2025-07-30,485BXT,0001999371-25-010252,Tidal Trust II,YieldMax(TM) Target [X](TM) AMZN Option Income ETF,,BRACKET,MANUAL,Bracketed placeholder for 'X' — needs Ryu's review
14466,2025-07-10,485BXT,0001999371-25-008926,Tidal Trust II,YieldMax(TM) Target [X](TM) AMZN Option Income ETF,,BRACKET,MANUAL,Bracketed placeholder for 'X' — needs Ryu's review
16597,2025-07-10,485BXT,0001999371-25-008926,Tidal Trust II,YieldMax(TM) Target [X](TM) AMZN Option Income ETF,,BRACKET,MANUAL,Bracketed placeholder for 'X' — needs Ryu's review
14502,2025-06-30,485BXT,0001999371-25-008569,Tidal Trust II,YieldMax(TM) Target [X](TM) AMZN Option Income ETF,,BRACKET,MANUAL,Bracketed placeholder for 'X' — needs Ryu's review
16634,2025-06-30,485BXT,0001999371-25-008569,Tidal Trust II,YieldMax(TM) Target [X](TM) AMZN Option Income ETF,,BRACKET,MANUAL,Bracketed placeholder for 'X' — needs Ryu's review
14532,2025-06-23,485BXT,0001999371-25-008108,Tidal Trust II,YieldMax(TM) Target [X](TM) AMZN Option Income ETF,,BRACKET,MANUAL,Bracketed placeholder for 'X' — needs Ryu's review
16664,2025-06-23,485BXT,0001999371-25-008108,Tidal Trust II,YieldMax(TM) Target [X](TM) AMZN Option Income ETF,,BRACKET,MANUAL,Bracketed placeholder for 'X' — needs Ryu's review
14548,2025-06-16,485BXT,0001999371-25-007822,Tidal Trust II,YieldMax(TM) Target [X](TM) AMZN Option Income ETF,,BRACKET,MANUAL,Bracketed placeholder for 'X' — needs Ryu's review
16686,2025-06-16,485BXT,0001999371-25-007822,Tidal Trust II,YieldMax(TM) Target [X](TM) AMZN Option Income ETF,,BRACKET,MANUAL,Bracketed placeholder for 'X' — needs Ryu's review
14563,2025-06-06,485BXT,0001999371-25-007325,Tidal Trust II,YieldMax(TM) Target [X](TM) AMZN Option Income ETF,,BRACKET,MANUAL,Bracketed placeholder for 'X' — needs Ryu's review
16702,2025-06-06,485BXT,0001999371-25-007325,Tidal Trust II,YieldMax(TM) Target [X](TM) AMZN Option Income ETF,,BRACKET,MANUAL,Bracketed placeholder for 'X' — needs Ryu's review
14639,2025-06-02,485BXT,0001999371-25-007020,Tidal Trust II,YieldMax(TM) Target [X](TM) AMZN Option Income ETF,,BRACKET,MANUAL,Bracketed placeholder for 'X' — needs Ryu's review
16788,2025-06-02,485BXT,0001999371-25-007020,Tidal Trust II,YieldMax(TM) Target [X](TM) AMZN Option Income ETF,,BRACKET,MANUAL,Bracketed placeholder for 'X' — needs Ryu's review
14668,2025-05-23,485BXT,0001999371-25-006630,Tidal Trust II,YieldMax(TM) Target [X](TM) AMZN Option Income ETF,,BRACKET,MANUAL,Bracketed placeholder for 'X' — needs Ryu's review
16817,2025-05-23,485BXT,0001999371-25-006630,Tidal Trust II,YieldMax(TM) Target [X](TM) AMZN Option Income ETF,,BRACKET,MANUAL,Bracketed placeholder for 'X' — needs Ryu's review
14693,2025-05-16,485BXT,0001999371-25-006297,Tidal Trust II,YieldMax(TM) Target [X](TM) AMZN Option Income ETF,,BRACKET,MANUAL,Bracketed placeholder for 'X' — needs Ryu's review
16844,2025-05-16,485BXT,0001999371-25-006297,Tidal Trust II,YieldMax(TM) Target [X](TM) AMZN Option Income ETF,,BRACKET,MANUAL,Bracketed placeholder for 'X' — needs Ryu's review
14725,2025-05-02,485BXT,0001999371-25-005311,Tidal Trust II,YieldMax(TM) Target [X](TM) AMZN Option Income ETF,,BRACKET,MANUAL,Bracketed placeholder for 'X' — needs Ryu's review
16884,2025-05-02,485BXT,0001999371-25-005311,Tidal Trust II,YieldMax(TM) Target [X](TM) AMZN Option Income ETF,,BRACKET,MANUAL,Bracketed placeholder for 'X' — needs Ryu's review
15012,2025-02-19,485APOS,0001839882-25-009869,Tidal Trust II,YieldMax(TM) Target [X](TM) AMZN Option Income ETF,,BRACKET,MANUAL,Bracketed placeholder for 'X' — needs Ryu's review
17207,2025-02-19,485APOS,0001839882-25-009869,Tidal Trust II,YieldMax(TM) Target [X](TM) AMZN Option Income ETF,,BRACKET,MANUAL,Bracketed placeholder for 'X' — needs Ryu's review
14152,2025-09-04,485BXT,0001999371-25-012568,Tidal Trust II,YieldMax(TM) Target [X](TM) COIN Option Income ETF,,BRACKET,MANUAL,Bracketed placeholder for 'X' — needs Ryu's review
16237,2025-09-04,485BXT,0001999371-25-012568,Tidal Trust II,YieldMax(TM) Target [X](TM) COIN Option Income ETF,,BRACKET,MANUAL,Bracketed placeholder for 'X' — needs Ryu's review
14288,2025-08-26,485BXT,0001999371-25-011999,Tidal Trust II,YieldMax(TM) Target [X](TM) COIN Option Income ETF,,BRACKET,MANUAL,Bracketed placeholder for 'X' — needs Ryu's review
16393,2025-08-26,485BXT,0001999371-25-011999,Tidal Trust II,YieldMax(TM) Target [X](TM) COIN Option Income ETF,,BRACKET,MANUAL,Bracketed placeholder for 'X' — needs Ryu's review
14346,2025-08-18,485BXT,0001999371-25-011545,Tidal Trust II,YieldMax(TM) Target [X](TM) COIN Option Income ETF,,BRACKET,MANUAL,Bracketed placeholder for 'X' — needs Ryu's review
16456,2025-08-18,485BXT,0001999371-25-011545,Tidal Trust II,YieldMax(TM) Target [X](TM) COIN Option Income ETF,,BRACKET,MANUAL,Bracketed placeholder for 'X' — needs Ryu's review
14381,2025-08-11,485BXT,0001999371-25-011059,Tidal Trust II,YieldMax(TM) Target [X](TM) COIN Option Income ETF,,BRACKET,MANUAL,Bracketed placeholder for 'X' — needs Ryu's review
16505,2025-08-11,485BXT,0001999371-25-011059,Tidal Trust II,YieldMax(TM) Target [X](TM) COIN Option Income ETF,,BRACKET,MANUAL,Bracketed placeholder for 'X' — needs Ryu's review
14394,2025-08-07,485BXT,0001999371-25-010872,Tidal Trust II,YieldMax(TM) Target [X](TM) COIN Option Income ETF,,BRACKET,MANUAL,Bracketed placeholder for 'X' — needs Ryu's review
16518,2025-08-07,485BXT,0001999371-25-010872,Tidal Trust II,YieldMax(TM) Target [X](TM) COIN Option Income ETF,,BRACKET,MANUAL,Bracketed placeholder for 'X' — needs Ryu's review
14417,2025-07-30,485BXT,0001999371-25-010252,Tidal Trust II,YieldMax(TM) Target [X](TM) COIN Option Income ETF,,BRACKET,MANUAL,Bracketed placeholder for 'X' — needs Ryu's review
16541,2025-07-30,485BXT,0001999371-25-010252,Tidal Trust II,YieldMax(TM) Target [X](TM) COIN Option Income ETF,,BRACKET,MANUAL,Bracketed placeholder for 'X' — needs Ryu's review
14467,2025-07-10,485BXT,0001999371-25-008926,Tidal Trust II,YieldMax(TM) Target [X](TM) COIN Option Income ETF,,BRACKET,MANUAL,Bracketed placeholder for 'X' — needs Ryu's review
16598,2025-07-10,485BXT,0001999371-25-008926,Tidal Trust II,YieldMax(TM) Target [X](TM) COIN Option Income ETF,,BRACKET,MANUAL,Bracketed placeholder for 'X' — needs Ryu's review
14503,2025-06-30,485BXT,0001999371-25-008569,Tidal Trust II,YieldMax(TM) Target [X](TM) COIN Option Income ETF,,BRACKET,MANUAL,Bracketed placeholder for 'X' — needs Ryu's review
16635,2025-06-30,485BXT,0001999371-25-008569,Tidal Trust II,YieldMax(TM) Target [X](TM) COIN Option Income ETF,,BRACKET,MANUAL,Bracketed placeholder for 'X' — needs Ryu's review
14533,2025-06-23,485BXT,0001999371-25-008108,Tidal Trust II,YieldMax(TM) Target [X](TM) COIN Option Income ETF,,BRACKET,MANUAL,Bracketed placeholder for 'X' — needs Ryu's review
16665,2025-06-23,485BXT,0001999371-25-008108,Tidal Trust II,YieldMax(TM) Target [X](TM) COIN Option Income ETF,,BRACKET,MANUAL,Bracketed placeholder for 'X' — needs Ryu's review
14549,2025-06-16,485BXT,0001999371-25-007822,Tidal Trust II,YieldMax(TM) Target [X](TM) COIN Option Income ETF,,BRACKET,MANUAL,Bracketed placeholder for 'X' — needs Ryu's review
16687,2025-06-16,485BXT,0001999371-25-007822,Tidal Trust II,YieldMax(TM) Target [X](TM) COIN Option Income ETF,,BRACKET,MANUAL,Bracketed placeholder for 'X' — needs Ryu's review
14564,2025-06-06,485BXT,0001999371-25-007325,Tidal Trust II,YieldMax(TM) Target [X](TM) COIN Option Income ETF,,BRACKET,MANUAL,Bracketed placeholder for 'X' — needs Ryu's review
16703,2025-06-06,485BXT,0001999371-25-007325,Tidal Trust II,YieldMax(TM) Target [X](TM) COIN Option Income ETF,,BRACKET,MANUAL,Bracketed placeholder for 'X' — needs Ryu's review
14640,2025-06-02,485BXT,0001999371-25-007020,Tidal Trust II,YieldMax(TM) Target [X](TM) COIN Option Income ETF,,BRACKET,MANUAL,Bracketed placeholder for 'X' — needs Ryu's review
16789,2025-06-02,485BXT,0001999371-25-007020,Tidal Trust II,YieldMax(TM) Target [X](TM) COIN Option Income ETF,,BRACKET,MANUAL,Bracketed placeholder for 'X' — needs Ryu's review
14669,2025-05-23,485BXT,0001999371-25-006630,Tidal Trust II,YieldMax(TM) Target [X](TM) COIN Option Income ETF,,BRACKET,MANUAL,Bracketed placeholder for 'X' — needs Ryu's review
16818,2025-05-23,485BXT,0001999371-25-006630,Tidal Trust II,YieldMax(TM) Target [X](TM) COIN Option Income ETF,,BRACKET,MANUAL,Bracketed placeholder for 'X' — needs Ryu's review
14694,2025-05-16,485BXT,0001999371-25-006297,Tidal Trust II,YieldMax(TM) Target [X](TM) COIN Option Income ETF,,BRACKET,MANUAL,Bracketed placeholder for 'X' — needs Ryu's review
16845,2025-05-16,485BXT,0001999371-25-006297,Tidal Trust II,YieldMax(TM) Target [X](TM) COIN Option Income ETF,,BRACKET,MANUAL,Bracketed placeholder for 'X' — needs Ryu's review
14726,2025-05-02,485BXT,0001999371-25-005311,Tidal Trust II,YieldMax(TM) Target [X](TM) COIN Option Income ETF,,BRACKET,MANUAL,Bracketed placeholder for 'X' — needs Ryu's review
16885,2025-05-02,485BXT,0001999371-25-005311,Tidal Trust II,YieldMax(TM) Target [X](TM) COIN Option Income ETF,,BRACKET,MANUAL,Bracketed placeholder for 'X' — needs Ryu's review
15013,2025-02-19,485APOS,0001839882-25-009869,Tidal Trust II,YieldMax(TM) Target [X](TM) COIN Option Income ETF,,BRACKET,MANUAL,Bracketed placeholder for 'X' — needs Ryu's review
17208,2025-02-19,485APOS,0001839882-25-009869,Tidal Trust II,YieldMax(TM) Target [X](TM) COIN Option Income ETF,,BRACKET,MANUAL,Bracketed placeholder for 'X' — needs Ryu's review
14153,2025-09-04,485BXT,0001999371-25-012568,Tidal Trust II,YieldMax(TM) Target [X](TM) MARA Option Income ETF,,BRACKET,MANUAL,Bracketed placeholder for 'X' — needs Ryu's review
16238,2025-09-04,485BXT,0001999371-25-012568,Tidal Trust II,YieldMax(TM) Target [X](TM) MARA Option Income ETF,,BRACKET,MANUAL,Bracketed placeholder for 'X' — needs Ryu's review
14289,2025-08-26,485BXT,0001999371-25-011999,Tidal Trust II,YieldMax(TM) Target [X](TM) MARA Option Income ETF,,BRACKET,MANUAL,Bracketed placeholder for 'X' — needs Ryu's review
16394,2025-08-26,485BXT,0001999371-25-011999,Tidal Trust II,YieldMax(TM) Target [X](TM) MARA Option Income ETF,,BRACKET,MANUAL,Bracketed placeholder for 'X' — needs Ryu's review
14347,2025-08-18,485BXT,0001999371-25-011545,Tidal Trust II,YieldMax(TM) Target [X](TM) MARA Option Income ETF,,BRACKET,MANUAL,Bracketed placeholder for 'X' — needs Ryu's review
16457,2025-08-18,485BXT,0001999371-25-011545,Tidal Trust II,YieldMax(TM) Target [X](TM) MARA Option Income ETF,,BRACKET,MANUAL,Bracketed placeholder for 'X' — needs Ryu's review
14382,2025-08-11,485BXT,0001999371-25-011059,Tidal Trust II,YieldMax(TM) Target [X](TM) MARA Option Income ETF,,BRACKET,MANUAL,Bracketed placeholder for 'X' — needs Ryu's review
16506,2025-08-11,485BXT,0001999371-25-011059,Tidal Trust II,YieldMax(TM) Target [X](TM) MARA Option Income ETF,,BRACKET,MANUAL,Bracketed placeholder for 'X' — needs Ryu's review
14395,2025-08-07,485BXT,0001999371-25-010872,Tidal Trust II,YieldMax(TM) Target [X](TM) MARA Option Income ETF,,BRACKET,MANUAL,Bracketed placeholder for 'X' — needs Ryu's review
16519,2025-08-07,485BXT,0001999371-25-010872,Tidal Trust II,YieldMax(TM) Target [X](TM) MARA Option Income ETF,,BRACKET,MANUAL,Bracketed placeholder for 'X' — needs Ryu's review
14418,2025-07-30,485BXT,0001999371-25-010252,Tidal Trust II,YieldMax(TM) Target [X](TM) MARA Option Income ETF,,BRACKET,MANUAL,Bracketed placeholder for 'X' — needs Ryu's review
16542,2025-07-30,485BXT,0001999371-25-010252,Tidal Trust II,YieldMax(TM) Target [X](TM) MARA Option Income ETF,,BRACKET,MANUAL,Bracketed placeholder for 'X' — needs Ryu's review
14468,2025-07-10,485BXT,0001999371-25-008926,Tidal Trust II,YieldMax(TM) Target [X](TM) MARA Option Income ETF,,BRACKET,MANUAL,Bracketed placeholder for 'X' — needs Ryu's review
16599,2025-07-10,485BXT,0001999371-25-008926,Tidal Trust II,YieldMax(TM) Target [X](TM) MARA Option Income ETF,,BRACKET,MANUAL,Bracketed placeholder for 'X' — needs Ryu's review
14504,2025-06-30,485BXT,0001999371-25-008569,Tidal Trust II,YieldMax(TM) Target [X](TM) MARA Option Income ETF,,BRACKET,MANUAL,Bracketed placeholder for 'X' — needs Ryu's review
16636,2025-06-30,485BXT,0001999371-25-008569,Tidal Trust II,YieldMax(TM) Target [X](TM) MARA Option Income ETF,,BRACKET,MANUAL,Bracketed placeholder for 'X' — needs Ryu's review
14534,2025-06-23,485BXT,0001999371-25-008108,Tidal Trust II,YieldMax(TM) Target [X](TM) MARA Option Income ETF,,BRACKET,MANUAL,Bracketed placeholder for 'X' — needs Ryu's review
16666,2025-06-23,485BXT,0001999371-25-008108,Tidal Trust II,YieldMax(TM) Target [X](TM) MARA Option Income ETF,,BRACKET,MANUAL,Bracketed placeholder for 'X' — needs Ryu's review
14550,2025-06-16,485BXT,0001999371-25-007822,Tidal Trust II,YieldMax(TM) Target [X](TM) MARA Option Income ETF,,BRACKET,MANUAL,Bracketed placeholder for 'X' — needs Ryu's review
16688,2025-06-16,485BXT,0001999371-25-007822,Tidal Trust II,YieldMax(TM) Target [X](TM) MARA Option Income ETF,,BRACKET,MANUAL,Bracketed placeholder for 'X' — needs Ryu's review
14565,2025-06-06,485BXT,0001999371-25-007325,Tidal Trust II,YieldMax(TM) Target [X](TM) MARA Option Income ETF,,BRACKET,MANUAL,Bracketed placeholder for 'X' — needs Ryu's review
16704,2025-06-06,485BXT,0001999371-25-007325,Tidal Trust II,YieldMax(TM) Target [X](TM) MARA Option Income ETF,,BRACKET,MANUAL,Bracketed placeholder for 'X' — needs Ryu's review
14641,2025-06-02,485BXT,0001999371-25-007020,Tidal Trust II,YieldMax(TM) Target [X](TM) MARA Option Income ETF,,BRACKET,MANUAL,Bracketed placeholder for 'X' — needs Ryu's review
16790,2025-06-02,485BXT,0001999371-25-007020,Tidal Trust II,YieldMax(TM) Target [X](TM) MARA Option Income ETF,,BRACKET,MANUAL,Bracketed placeholder for 'X' — needs Ryu's review
14670,2025-05-23,485BXT,0001999371-25-006630,Tidal Trust II,YieldMax(TM) Target [X](TM) MARA Option Income ETF,,BRACKET,MANUAL,Bracketed placeholder for 'X' — needs Ryu's review
16819,2025-05-23,485BXT,0001999371-25-006630,Tidal Trust II,YieldMax(TM) Target [X](TM) MARA Option Income ETF,,BRACKET,MANUAL,Bracketed placeholder for 'X' — needs Ryu's review
14695,2025-05-16,485BXT,0001999371-25-006297,Tidal Trust II,YieldMax(TM) Target [X](TM) MARA Option Income ETF,,BRACKET,MANUAL,Bracketed placeholder for 'X' — needs Ryu's review
16846,2025-05-16,485BXT,0001999371-25-006297,Tidal Trust II,YieldMax(TM) Target [X](TM) MARA Option Income ETF,,BRACKET,MANUAL,Bracketed placeholder for 'X' — needs Ryu's review
14727,2025-05-02,485BXT,0001999371-25-005311,Tidal Trust II,YieldMax(TM) Target [X](TM) MARA Option Income ETF,,BRACKET,MANUAL,Bracketed placeholder for 'X' — needs Ryu's review
16886,2025-05-02,485BXT,0001999371-25-005311,Tidal Trust II,YieldMax(TM) Target [X](TM) MARA Option Income ETF,,BRACKET,MANUAL,Bracketed placeholder for 'X' — needs Ryu's review
15014,2025-02-19,485APOS,0001839882-25-009869,Tidal Trust II,YieldMax(TM) Target [X](TM) MARA Option Income ETF,,BRACKET,MANUAL,Bracketed placeholder for 'X' — needs Ryu's review
17209,2025-02-19,485APOS,0001839882-25-009869,Tidal Trust II,YieldMax(TM) Target [X](TM) MARA Option Income ETF,,BRACKET,MANUAL,Bracketed placeholder for 'X' — needs Ryu's review
14154,2025-09-04,485BXT,0001999371-25-012568,Tidal Trust II,YieldMax(TM) Target [X](TM) MSTR Option Income ETF,,BRACKET,MANUAL,Bracketed placeholder for 'X' — needs Ryu's review
16239,2025-09-04,485BXT,0001999371-25-012568,Tidal Trust II,YieldMax(TM) Target [X](TM) MSTR Option Income ETF,,BRACKET,MANUAL,Bracketed placeholder for 'X' — needs Ryu's review
14290,2025-08-26,485BXT,0001999371-25-011999,Tidal Trust II,YieldMax(TM) Target [X](TM) MSTR Option Income ETF,,BRACKET,MANUAL,Bracketed placeholder for 'X' — needs Ryu's review
16395,2025-08-26,485BXT,0001999371-25-011999,Tidal Trust II,YieldMax(TM) Target [X](TM) MSTR Option Income ETF,,BRACKET,MANUAL,Bracketed placeholder for 'X' — needs Ryu's review
14348,2025-08-18,485BXT,0001999371-25-011545,Tidal Trust II,YieldMax(TM) Target [X](TM) MSTR Option Income ETF,,BRACKET,MANUAL,Bracketed placeholder for 'X' — needs Ryu's review
16458,2025-08-18,485BXT,0001999371-25-011545,Tidal Trust II,YieldMax(TM) Target [X](TM) MSTR Option Income ETF,,BRACKET,MANUAL,Bracketed placeholder for 'X' — needs Ryu's review
14383,2025-08-11,485BXT,0001999371-25-011059,Tidal Trust II,YieldMax(TM) Target [X](TM) MSTR Option Income ETF,,BRACKET,MANUAL,Bracketed placeholder for 'X' — needs Ryu's review
16507,2025-08-11,485BXT,0001999371-25-011059,Tidal Trust II,YieldMax(TM) Target [X](TM) MSTR Option Income ETF,,BRACKET,MANUAL,Bracketed placeholder for 'X' — needs Ryu's review
14396,2025-08-07,485BXT,0001999371-25-010872,Tidal Trust II,YieldMax(TM) Target [X](TM) MSTR Option Income ETF,,BRACKET,MANUAL,Bracketed placeholder for 'X' — needs Ryu's review
16520,2025-08-07,485BXT,0001999371-25-010872,Tidal Trust II,YieldMax(TM) Target [X](TM) MSTR Option Income ETF,,BRACKET,MANUAL,Bracketed placeholder for 'X' — needs Ryu's review
14419,2025-07-30,485BXT,0001999371-25-010252,Tidal Trust II,YieldMax(TM) Target [X](TM) MSTR Option Income ETF,,BRACKET,MANUAL,Bracketed placeholder for 'X' — needs Ryu's review
16543,2025-07-30,485BXT,0001999371-25-010252,Tidal Trust II,YieldMax(TM) Target [X](TM) MSTR Option Income ETF,,BRACKET,MANUAL,Bracketed placeholder for 'X' — needs Ryu's review
14469,2025-07-10,485BXT,0001999371-25-008926,Tidal Trust II,YieldMax(TM) Target [X](TM) MSTR Option Income ETF,,BRACKET,MANUAL,Bracketed placeholder for 'X' — needs Ryu's review
16600,2025-07-10,485BXT,0001999371-25-008926,Tidal Trust II,YieldMax(TM) Target [X](TM) MSTR Option Income ETF,,BRACKET,MANUAL,Bracketed placeholder for 'X' — needs Ryu's review
14505,2025-06-30,485BXT,0001999371-25-008569,Tidal Trust II,YieldMax(TM) Target [X](TM) MSTR Option Income ETF,,BRACKET,MANUAL,Bracketed placeholder for 'X' — needs Ryu's review
16637,2025-06-30,485BXT,0001999371-25-008569,Tidal Trust II,YieldMax(TM) Target [X](TM) MSTR Option Income ETF,,BRACKET,MANUAL,Bracketed placeholder for 'X' — needs Ryu's review
14535,2025-06-23,485BXT,0001999371-25-008108,Tidal Trust II,YieldMax(TM) Target [X](TM) MSTR Option Income ETF,,BRACKET,MANUAL,Bracketed placeholder for 'X' — needs Ryu's review
16667,2025-06-23,485BXT,0001999371-25-008108,Tidal Trust II,YieldMax(TM) Target [X](TM) MSTR Option Income ETF,,BRACKET,MANUAL,Bracketed placeholder for 'X' — needs Ryu's review
14551,2025-06-16,485BXT,0001999371-25-007822,Tidal Trust II,YieldMax(TM) Target [X](TM) MSTR Option Income ETF,,BRACKET,MANUAL,Bracketed placeholder for 'X' — needs Ryu's review
16689,2025-06-16,485BXT,0001999371-25-007822,Tidal Trust II,YieldMax(TM) Target [X](TM) MSTR Option Income ETF,,BRACKET,MANUAL,Bracketed placeholder for 'X' — needs Ryu's review
14566,2025-06-06,485BXT,0001999371-25-007325,Tidal Trust II,YieldMax(TM) Target [X](TM) MSTR Option Income ETF,,BRACKET,MANUAL,Bracketed placeholder for 'X' — needs Ryu's review
16705,2025-06-06,485BXT,0001999371-25-007325,Tidal Trust II,YieldMax(TM) Target [X](TM) MSTR Option Income ETF,,BRACKET,MANUAL,Bracketed placeholder for 'X' — needs Ryu's review
14642,2025-06-02,485BXT,0001999371-25-007020,Tidal Trust II,YieldMax(TM) Target [X](TM) MSTR Option Income ETF,,BRACKET,MANUAL,Bracketed placeholder for 'X' — needs Ryu's review
16791,2025-06-02,485BXT,0001999371-25-007020,Tidal Trust II,YieldMax(TM) Target [X](TM) MSTR Option Income ETF,,BRACKET,MANUAL,Bracketed placeholder for 'X' — needs Ryu's review
14671,2025-05-23,485BXT,0001999371-25-006630,Tidal Trust II,YieldMax(TM) Target [X](TM) MSTR Option Income ETF,,BRACKET,MANUAL,Bracketed placeholder for 'X' — needs Ryu's review
16820,2025-05-23,485BXT,0001999371-25-006630,Tidal Trust II,YieldMax(TM) Target [X](TM) MSTR Option Income ETF,,BRACKET,MANUAL,Bracketed placeholder for 'X' — needs Ryu's review
14696,2025-05-16,485BXT,0001999371-25-006297,Tidal Trust II,YieldMax(TM) Target [X](TM) MSTR Option Income ETF,,BRACKET,MANUAL,Bracketed placeholder for 'X' — needs Ryu's review
16847,2025-05-16,485BXT,0001999371-25-006297,Tidal Trust II,YieldMax(TM) Target [X](TM) MSTR Option Income ETF,,BRACKET,MANUAL,Bracketed placeholder for 'X' — needs Ryu's review
14728,2025-05-02,485BXT,0001999371-25-005311,Tidal Trust II,YieldMax(TM) Target [X](TM) MSTR Option Income ETF,,BRACKET,MANUAL,Bracketed placeholder for 'X' — needs Ryu's review
16887,2025-05-02,485BXT,0001999371-25-005311,Tidal Trust II,YieldMax(TM) Target [X](TM) MSTR Option Income ETF,,BRACKET,MANUAL,Bracketed placeholder for 'X' — needs Ryu's review
15015,2025-02-19,485APOS,0001839882-25-009869,Tidal Trust II,YieldMax(TM) Target [X](TM) MSTR Option Income ETF,,BRACKET,MANUAL,Bracketed placeholder for 'X' — needs Ryu's review
17210,2025-02-19,485APOS,0001839882-25-009869,Tidal Trust II,YieldMax(TM) Target [X](TM) MSTR Option Income ETF,,BRACKET,MANUAL,Bracketed placeholder for 'X' — needs Ryu's review
14155,2025-09-04,485BXT,0001999371-25-012568,Tidal Trust II,YieldMax(TM) Target [X](TM) NVDA Option Income ETF,,BRACKET,MANUAL,Bracketed placeholder for 'X' — needs Ryu's review
16240,2025-09-04,485BXT,0001999371-25-012568,Tidal Trust II,YieldMax(TM) Target [X](TM) NVDA Option Income ETF,,BRACKET,MANUAL,Bracketed placeholder for 'X' — needs Ryu's review
14291,2025-08-26,485BXT,0001999371-25-011999,Tidal Trust II,YieldMax(TM) Target [X](TM) NVDA Option Income ETF,,BRACKET,MANUAL,Bracketed placeholder for 'X' — needs Ryu's review
16396,2025-08-26,485BXT,0001999371-25-011999,Tidal Trust II,YieldMax(TM) Target [X](TM) NVDA Option Income ETF,,BRACKET,MANUAL,Bracketed placeholder for 'X' — needs Ryu's review
14349,2025-08-18,485BXT,0001999371-25-011545,Tidal Trust II,YieldMax(TM) Target [X](TM) NVDA Option Income ETF,,BRACKET,MANUAL,Bracketed placeholder for 'X' — needs Ryu's review
16459,2025-08-18,485BXT,0001999371-25-011545,Tidal Trust II,YieldMax(TM) Target [X](TM) NVDA Option Income ETF,,BRACKET,MANUAL,Bracketed placeholder for 'X' — needs Ryu's review
14384,2025-08-11,485BXT,0001999371-25-011059,Tidal Trust II,YieldMax(TM) Target [X](TM) NVDA Option Income ETF,,BRACKET,MANUAL,Bracketed placeholder for 'X' — needs Ryu's review
16508,2025-08-11,485BXT,0001999371-25-011059,Tidal Trust II,YieldMax(TM) Target [X](TM) NVDA Option Income ETF,,BRACKET,MANUAL,Bracketed placeholder for 'X' — needs Ryu's review
14397,2025-08-07,485BXT,0001999371-25-010872,Tidal Trust II,YieldMax(TM) Target [X](TM) NVDA Option Income ETF,,BRACKET,MANUAL,Bracketed placeholder for 'X' — needs Ryu's review
16521,2025-08-07,485BXT,0001999371-25-010872,Tidal Trust II,YieldMax(TM) Target [X](TM) NVDA Option Income ETF,,BRACKET,MANUAL,Bracketed placeholder for 'X' — needs Ryu's review
14420,2025-07-30,485BXT,0001999371-25-010252,Tidal Trust II,YieldMax(TM) Target [X](TM) NVDA Option Income ETF,,BRACKET,MANUAL,Bracketed placeholder for 'X' — needs Ryu's review
16544,2025-07-30,485BXT,0001999371-25-010252,Tidal Trust II,YieldMax(TM) Target [X](TM) NVDA Option Income ETF,,BRACKET,MANUAL,Bracketed placeholder for 'X' — needs Ryu's review
14470,2025-07-10,485BXT,0001999371-25-008926,Tidal Trust II,YieldMax(TM) Target [X](TM) NVDA Option Income ETF,,BRACKET,MANUAL,Bracketed placeholder for 'X' — needs Ryu's review
16601,2025-07-10,485BXT,0001999371-25-008926,Tidal Trust II,YieldMax(TM) Target [X](TM) NVDA Option Income ETF,,BRACKET,MANUAL,Bracketed placeholder for 'X' — needs Ryu's review
14506,2025-06-30,485BXT,0001999371-25-008569,Tidal Trust II,YieldMax(TM) Target [X](TM) NVDA Option Income ETF,,BRACKET,MANUAL,Bracketed placeholder for 'X' — needs Ryu's review
16638,2025-06-30,485BXT,0001999371-25-008569,Tidal Trust II,YieldMax(TM) Target [X](TM) NVDA Option Income ETF,,BRACKET,MANUAL,Bracketed placeholder for 'X' — needs Ryu's review
14536,2025-06-23,485BXT,0001999371-25-008108,Tidal Trust II,YieldMax(TM) Target [X](TM) NVDA Option Income ETF,,BRACKET,MANUAL,Bracketed placeholder for 'X' — needs Ryu's review
16668,2025-06-23,485BXT,0001999371-25-008108,Tidal Trust II,YieldMax(TM) Target [X](TM) NVDA Option Income ETF,,BRACKET,MANUAL,Bracketed placeholder for 'X' — needs Ryu's review
14552,2025-06-16,485BXT,0001999371-25-007822,Tidal Trust II,YieldMax(TM) Target [X](TM) NVDA Option Income ETF,,BRACKET,MANUAL,Bracketed placeholder for 'X' — needs Ryu's review
16690,2025-06-16,485BXT,0001999371-25-007822,Tidal Trust II,YieldMax(TM) Target [X](TM) NVDA Option Income ETF,,BRACKET,MANUAL,Bracketed placeholder for 'X' — needs Ryu's review
14567,2025-06-06,485BXT,0001999371-25-007325,Tidal Trust II,YieldMax(TM) Target [X](TM) NVDA Option Income ETF,,BRACKET,MANUAL,Bracketed placeholder for 'X' — needs Ryu's review
16706,2025-06-06,485BXT,0001999371-25-007325,Tidal Trust II,YieldMax(TM) Target [X](TM) NVDA Option Income ETF,,BRACKET,MANUAL,Bracketed placeholder for 'X' — needs Ryu's review
14643,2025-06-02,485BXT,0001999371-25-007020,Tidal Trust II,YieldMax(TM) Target [X](TM) NVDA Option Income ETF,,BRACKET,MANUAL,Bracketed placeholder for 'X' — needs Ryu's review
16792,2025-06-02,485BXT,0001999371-25-007020,Tidal Trust II,YieldMax(TM) Target [X](TM) NVDA Option Income ETF,,BRACKET,MANUAL,Bracketed placeholder for 'X' — needs Ryu's review
14672,2025-05-23,485BXT,0001999371-25-006630,Tidal Trust II,YieldMax(TM) Target [X](TM) NVDA Option Income ETF,,BRACKET,MANUAL,Bracketed placeholder for 'X' — needs Ryu's review
16821,2025-05-23,485BXT,0001999371-25-006630,Tidal Trust II,YieldMax(TM) Target [X](TM) NVDA Option Income ETF,,BRACKET,MANUAL,Bracketed placeholder for 'X' — needs Ryu's review
14697,2025-05-16,485BXT,0001999371-25-006297,Tidal Trust II,YieldMax(TM) Target [X](TM) NVDA Option Income ETF,,BRACKET,MANUAL,Bracketed placeholder for 'X' — needs Ryu's review
16848,2025-05-16,485BXT,0001999371-25-006297,Tidal Trust II,YieldMax(TM) Target [X](TM) NVDA Option Income ETF,,BRACKET,MANUAL,Bracketed placeholder for 'X' — needs Ryu's review
14729,2025-05-02,485BXT,0001999371-25-005311,Tidal Trust II,YieldMax(TM) Target [X](TM) NVDA Option Income ETF,,BRACKET,MANUAL,Bracketed placeholder for 'X' — needs Ryu's review
16888,2025-05-02,485BXT,0001999371-25-005311,Tidal Trust II,YieldMax(TM) Target [X](TM) NVDA Option Income ETF,,BRACKET,MANUAL,Bracketed placeholder for 'X' — needs Ryu's review
15016,2025-02-19,485APOS,0001839882-25-009869,Tidal Trust II,YieldMax(TM) Target [X](TM) NVDA Option Income ETF,,BRACKET,MANUAL,Bracketed placeholder for 'X' — needs Ryu's review
17211,2025-02-19,485APOS,0001839882-25-009869,Tidal Trust II,YieldMax(TM) Target [X](TM) NVDA Option Income ETF,,BRACKET,MANUAL,Bracketed placeholder for 'X' — needs Ryu's review
14156,2025-09-04,485BXT,0001999371-25-012568,Tidal Trust II,YieldMax(TM) Target [X](TM) PLTR Option Income ETF,,BRACKET,MANUAL,Bracketed placeholder for 'X' — needs Ryu's review
16241,2025-09-04,485BXT,0001999371-25-012568,Tidal Trust II,YieldMax(TM) Target [X](TM) PLTR Option Income ETF,,BRACKET,MANUAL,Bracketed placeholder for 'X' — needs Ryu's review
14292,2025-08-26,485BXT,0001999371-25-011999,Tidal Trust II,YieldMax(TM) Target [X](TM) PLTR Option Income ETF,,BRACKET,MANUAL,Bracketed placeholder for 'X' — needs Ryu's review
16397,2025-08-26,485BXT,0001999371-25-011999,Tidal Trust II,YieldMax(TM) Target [X](TM) PLTR Option Income ETF,,BRACKET,MANUAL,Bracketed placeholder for 'X' — needs Ryu's review
14350,2025-08-18,485BXT,0001999371-25-011545,Tidal Trust II,YieldMax(TM) Target [X](TM) PLTR Option Income ETF,,BRACKET,MANUAL,Bracketed placeholder for 'X' — needs Ryu's review
16460,2025-08-18,485BXT,0001999371-25-011545,Tidal Trust II,YieldMax(TM) Target [X](TM) PLTR Option Income ETF,,BRACKET,MANUAL,Bracketed placeholder for 'X' — needs Ryu's review
14385,2025-08-11,485BXT,0001999371-25-011059,Tidal Trust II,YieldMax(TM) Target [X](TM) PLTR Option Income ETF,,BRACKET,MANUAL,Bracketed placeholder for 'X' — needs Ryu's review
16509,2025-08-11,485BXT,0001999371-25-011059,Tidal Trust II,YieldMax(TM) Target [X](TM) PLTR Option Income ETF,,BRACKET,MANUAL,Bracketed placeholder for 'X' — needs Ryu's review
14398,2025-08-07,485BXT,0001999371-25-010872,Tidal Trust II,YieldMax(TM) Target [X](TM) PLTR Option Income ETF,,BRACKET,MANUAL,Bracketed placeholder for 'X' — needs Ryu's review
16522,2025-08-07,485BXT,0001999371-25-010872,Tidal Trust II,YieldMax(TM) Target [X](TM) PLTR Option Income ETF,,BRACKET,MANUAL,Bracketed placeholder for 'X' — needs Ryu's review
14421,2025-07-30,485BXT,0001999371-25-010252,Tidal Trust II,YieldMax(TM) Target [X](TM) PLTR Option Income ETF,,BRACKET,MANUAL,Bracketed placeholder for 'X' — needs Ryu's review
16545,2025-07-30,485BXT,0001999371-25-010252,Tidal Trust II,YieldMax(TM) Target [X](TM) PLTR Option Income ETF,,BRACKET,MANUAL,Bracketed placeholder for 'X' — needs Ryu's review
14471,2025-07-10,485BXT,0001999371-25-008926,Tidal Trust II,YieldMax(TM) Target [X](TM) PLTR Option Income ETF,,BRACKET,MANUAL,Bracketed placeholder for 'X' — needs Ryu's review
16602,2025-07-10,485BXT,0001999371-25-008926,Tidal Trust II,YieldMax(TM) Target [X](TM) PLTR Option Income ETF,,BRACKET,MANUAL,Bracketed placeholder for 'X' — needs Ryu's review
14507,2025-06-30,485BXT,0001999371-25-008569,Tidal Trust II,YieldMax(TM) Target [X](TM) PLTR Option Income ETF,,BRACKET,MANUAL,Bracketed placeholder for 'X' — needs Ryu's review
16639,2025-06-30,485BXT,0001999371-25-008569,Tidal Trust II,YieldMax(TM) Target [X](TM) PLTR Option Income ETF,,BRACKET,MANUAL,Bracketed placeholder for 'X' — needs Ryu's review
14537,2025-06-23,485BXT,0001999371-25-008108,Tidal Trust II,YieldMax(TM) Target [X](TM) PLTR Option Income ETF,,BRACKET,MANUAL,Bracketed placeholder for 'X' — needs Ryu's review
16669,2025-06-23,485BXT,0001999371-25-008108,Tidal Trust II,YieldMax(TM) Target [X](TM) PLTR Option Income ETF,,BRACKET,MANUAL,Bracketed placeholder for 'X' — needs Ryu's review
14553,2025-06-16,485BXT,0001999371-25-007822,Tidal Trust II,YieldMax(TM) Target [X](TM) PLTR Option Income ETF,,BRACKET,MANUAL,Bracketed placeholder for 'X' — needs Ryu's review
16691,2025-06-16,485BXT,0001999371-25-007822,Tidal Trust II,YieldMax(TM) Target [X](TM) PLTR Option Income ETF,,BRACKET,MANUAL,Bracketed placeholder for 'X' — needs Ryu's review
14568,2025-06-06,485BXT,0001999371-25-007325,Tidal Trust II,YieldMax(TM) Target [X](TM) PLTR Option Income ETF,,BRACKET,MANUAL,Bracketed placeholder for 'X' — needs Ryu's review
16707,2025-06-06,485BXT,0001999371-25-007325,Tidal Trust II,YieldMax(TM) Target [X](TM) PLTR Option Income ETF,,BRACKET,MANUAL,Bracketed placeholder for 'X' — needs Ryu's review
14644,2025-06-02,485BXT,0001999371-25-007020,Tidal Trust II,YieldMax(TM) Target [X](TM) PLTR Option Income ETF,,BRACKET,MANUAL,Bracketed placeholder for 'X' — needs Ryu's review
16793,2025-06-02,485BXT,0001999371-25-007020,Tidal Trust II,YieldMax(TM) Target [X](TM) PLTR Option Income ETF,,BRACKET,MANUAL,Bracketed placeholder for 'X' — needs Ryu's review
14673,2025-05-23,485BXT,0001999371-25-006630,Tidal Trust II,YieldMax(TM) Target [X](TM) PLTR Option Income ETF,,BRACKET,MANUAL,Bracketed placeholder for 'X' — needs Ryu's review
16822,2025-05-23,485BXT,0001999371-25-006630,Tidal Trust II,YieldMax(TM) Target [X](TM) PLTR Option Income ETF,,BRACKET,MANUAL,Bracketed placeholder for 'X' — needs Ryu's review
14698,2025-05-16,485BXT,0001999371-25-006297,Tidal Trust II,YieldMax(TM) Target [X](TM) PLTR Option Income ETF,,BRACKET,MANUAL,Bracketed placeholder for 'X' — needs Ryu's review
16849,2025-05-16,485BXT,0001999371-25-006297,Tidal Trust II,YieldMax(TM) Target [X](TM) PLTR Option Income ETF,,BRACKET,MANUAL,Bracketed placeholder for 'X' — needs Ryu's review
14730,2025-05-02,485BXT,0001999371-25-005311,Tidal Trust II,YieldMax(TM) Target [X](TM) PLTR Option Income ETF,,BRACKET,MANUAL,Bracketed placeholder for 'X' — needs Ryu's review
16889,2025-05-02,485BXT,0001999371-25-005311,Tidal Trust II,YieldMax(TM) Target [X](TM) PLTR Option Income ETF,,BRACKET,MANUAL,Bracketed placeholder for 'X' — needs Ryu's review
15017,2025-02-19,485APOS,0001839882-25-009869,Tidal Trust II,YieldMax(TM) Target [X](TM) PLTR Option Income ETF,,BRACKET,MANUAL,Bracketed placeholder for 'X' — needs Ryu's review
17212,2025-02-19,485APOS,0001839882-25-009869,Tidal Trust II,YieldMax(TM) Target [X](TM) PLTR Option Income ETF,,BRACKET,MANUAL,Bracketed placeholder for 'X' — needs Ryu's review
14157,2025-09-04,485BXT,0001999371-25-012568,Tidal Trust II,YieldMax(TM) Target [X](TM) SMCI Option Income ETF,,BRACKET,MANUAL,Bracketed placeholder for 'X' — needs Ryu's review
16242,2025-09-04,485BXT,0001999371-25-012568,Tidal Trust II,YieldMax(TM) Target [X](TM) SMCI Option Income ETF,,BRACKET,MANUAL,Bracketed placeholder for 'X' — needs Ryu's review
14293,2025-08-26,485BXT,0001999371-25-011999,Tidal Trust II,YieldMax(TM) Target [X](TM) SMCI Option Income ETF,,BRACKET,MANUAL,Bracketed placeholder for 'X' — needs Ryu's review
16398,2025-08-26,485BXT,0001999371-25-011999,Tidal Trust II,YieldMax(TM) Target [X](TM) SMCI Option Income ETF,,BRACKET,MANUAL,Bracketed placeholder for 'X' — needs Ryu's review
14351,2025-08-18,485BXT,0001999371-25-011545,Tidal Trust II,YieldMax(TM) Target [X](TM) SMCI Option Income ETF,,BRACKET,MANUAL,Bracketed placeholder for 'X' — needs Ryu's review
16461,2025-08-18,485BXT,0001999371-25-011545,Tidal Trust II,YieldMax(TM) Target [X](TM) SMCI Option Income ETF,,BRACKET,MANUAL,Bracketed placeholder for 'X' — needs Ryu's review
14386,2025-08-11,485BXT,0001999371-25-011059,Tidal Trust II,YieldMax(TM) Target [X](TM) SMCI Option Income ETF,,BRACKET,MANUAL,Bracketed placeholder for 'X' — needs Ryu's review
16510,2025-08-11,485BXT,0001999371-25-011059,Tidal Trust II,YieldMax(TM) Target [X](TM) SMCI Option Income ETF,,BRACKET,MANUAL,Bracketed placeholder for 'X' — needs Ryu's review
14399,2025-08-07,485BXT,0001999371-25-010872,Tidal Trust II,YieldMax(TM) Target [X](TM) SMCI Option Income ETF,,BRACKET,MANUAL,Bracketed placeholder for 'X' — needs Ryu's review
16523,2025-08-07,485BXT,0001999371-25-010872,Tidal Trust II,YieldMax(TM) Target [X](TM) SMCI Option Income ETF,,BRACKET,MANUAL,Bracketed placeholder for 'X' — needs Ryu's review
14422,2025-07-30,485BXT,0001999371-25-010252,Tidal Trust II,YieldMax(TM) Target [X](TM) SMCI Option Income ETF,,BRACKET,MANUAL,Bracketed placeholder for 'X' — needs Ryu's review
16546,2025-07-30,485BXT,0001999371-25-010252,Tidal Trust II,YieldMax(TM) Target [X](TM) SMCI Option Income ETF,,BRACKET,MANUAL,Bracketed placeholder for 'X' — needs Ryu's review
14472,2025-07-10,485BXT,0001999371-25-008926,Tidal Trust II,YieldMax(TM) Target [X](TM) SMCI Option Income ETF,,BRACKET,MANUAL,Bracketed placeholder for 'X' — needs Ryu's review
16603,2025-07-10,485BXT,0001999371-25-008926,Tidal Trust II,YieldMax(TM) Target [X](TM) SMCI Option Income ETF,,BRACKET,MANUAL,Bracketed placeholder for 'X' — needs Ryu's review
14508,2025-06-30,485BXT,0001999371-25-008569,Tidal Trust II,YieldMax(TM) Target [X](TM) SMCI Option Income ETF,,BRACKET,MANUAL,Bracketed placeholder for 'X' — needs Ryu's review
16640,2025-06-30,485BXT,0001999371-25-008569,Tidal Trust II,YieldMax(TM) Target [X](TM) SMCI Option Income ETF,,BRACKET,MANUAL,Bracketed placeholder for 'X' — needs Ryu's review
14538,2025-06-23,485BXT,0001999371-25-008108,Tidal Trust II,YieldMax(TM) Target [X](TM) SMCI Option Income ETF,,BRACKET,MANUAL,Bracketed placeholder for 'X' — needs Ryu's review
16670,2025-06-23,485BXT,0001999371-25-008108,Tidal Trust II,YieldMax(TM) Target [X](TM) SMCI Option Income ETF,,BRACKET,MANUAL,Bracketed placeholder for 'X' — needs Ryu's review
14554,2025-06-16,485BXT,0001999371-25-007822,Tidal Trust II,YieldMax(TM) Target [X](TM) SMCI Option Income ETF,,BRACKET,MANUAL,Bracketed placeholder for 'X' — needs Ryu's review
16692,2025-06-16,485BXT,0001999371-25-007822,Tidal Trust II,YieldMax(TM) Target [X](TM) SMCI Option Income ETF,,BRACKET,MANUAL,Bracketed placeholder for 'X' — needs Ryu's review
14569,2025-06-06,485BXT,0001999371-25-007325,Tidal Trust II,YieldMax(TM) Target [X](TM) SMCI Option Income ETF,,BRACKET,MANUAL,Bracketed placeholder for 'X' — needs Ryu's review
16708,2025-06-06,485BXT,0001999371-25-007325,Tidal Trust II,YieldMax(TM) Target [X](TM) SMCI Option Income ETF,,BRACKET,MANUAL,Bracketed placeholder for 'X' — needs Ryu's review
14645,2025-06-02,485BXT,0001999371-25-007020,Tidal Trust II,YieldMax(TM) Target [X](TM) SMCI Option Income ETF,,BRACKET,MANUAL,Bracketed placeholder for 'X' — needs Ryu's review
16794,2025-06-02,485BXT,0001999371-25-007020,Tidal Trust II,YieldMax(TM) Target [X](TM) SMCI Option Income ETF,,BRACKET,MANUAL,Bracketed placeholder for 'X' — needs Ryu's review
14674,2025-05-23,485BXT,0001999371-25-006630,Tidal Trust II,YieldMax(TM) Target [X](TM) SMCI Option Income ETF,,BRACKET,MANUAL,Bracketed placeholder for 'X' — needs Ryu's review
16823,2025-05-23,485BXT,0001999371-25-006630,Tidal Trust II,YieldMax(TM) Target [X](TM) SMCI Option Income ETF,,BRACKET,MANUAL,Bracketed placeholder for 'X' — needs Ryu's review
14699,2025-05-16,485BXT,0001999371-25-006297,Tidal Trust II,YieldMax(TM) Target [X](TM) SMCI Option Income ETF,,BRACKET,MANUAL,Bracketed placeholder for 'X' — needs Ryu's review
16850,2025-05-16,485BXT,0001999371-25-006297,Tidal Trust II,YieldMax(TM) Target [X](TM) SMCI Option Income ETF,,BRACKET,MANUAL,Bracketed placeholder for 'X' — needs Ryu's review
14731,2025-05-02,485BXT,0001999371-25-005311,Tidal Trust II,YieldMax(TM) Target [X](TM) SMCI Option Income ETF,,BRACKET,MANUAL,Bracketed placeholder for 'X' — needs Ryu's review
16890,2025-05-02,485BXT,0001999371-25-005311,Tidal Trust II,YieldMax(TM) Target [X](TM) SMCI Option Income ETF,,BRACKET,MANUAL,Bracketed placeholder for 'X' — needs Ryu's review
15018,2025-02-19,485APOS,0001839882-25-009869,Tidal Trust II,YieldMax(TM) Target [X](TM) SMCI Option Income ETF,,BRACKET,MANUAL,Bracketed placeholder for 'X' — needs Ryu's review
17213,2025-02-19,485APOS,0001839882-25-009869,Tidal Trust II,YieldMax(TM) Target [X](TM) SMCI Option Income ETF,,BRACKET,MANUAL,Bracketed placeholder for 'X' — needs Ryu's review
14149,2025-09-04,485BXT,0001999371-25-012568,Tidal Trust II,YieldMax(TM) Target [X](TM) TSLA Option Income ETF,,BRACKET,MANUAL,Bracketed placeholder for 'X' — needs Ryu's review
16234,2025-09-04,485BXT,0001999371-25-012568,Tidal Trust II,YieldMax(TM) Target [X](TM) TSLA Option Income ETF,,BRACKET,MANUAL,Bracketed placeholder for 'X' — needs Ryu's review
14285,2025-08-26,485BXT,0001999371-25-011999,Tidal Trust II,YieldMax(TM) Target [X](TM) TSLA Option Income ETF,,BRACKET,MANUAL,Bracketed placeholder for 'X' — needs Ryu's review
16390,2025-08-26,485BXT,0001999371-25-011999,Tidal Trust II,YieldMax(TM) Target [X](TM) TSLA Option Income ETF,,BRACKET,MANUAL,Bracketed placeholder for 'X' — needs Ryu's review
14343,2025-08-18,485BXT,0001999371-25-011545,Tidal Trust II,YieldMax(TM) Target [X](TM) TSLA Option Income ETF,,BRACKET,MANUAL,Bracketed placeholder for 'X' — needs Ryu's review
16453,2025-08-18,485BXT,0001999371-25-011545,Tidal Trust II,YieldMax(TM) Target [X](TM) TSLA Option Income ETF,,BRACKET,MANUAL,Bracketed placeholder for 'X' — needs Ryu's review
14378,2025-08-11,485BXT,0001999371-25-011059,Tidal Trust II,YieldMax(TM) Target [X](TM) TSLA Option Income ETF,,BRACKET,MANUAL,Bracketed placeholder for 'X' — needs Ryu's review
16502,2025-08-11,485BXT,0001999371-25-011059,Tidal Trust II,YieldMax(TM) Target [X](TM) TSLA Option Income ETF,,BRACKET,MANUAL,Bracketed placeholder for 'X' — needs Ryu's review
14391,2025-08-07,485BXT,0001999371-25-010872,Tidal Trust II,YieldMax(TM) Target [X](TM) TSLA Option Income ETF,,BRACKET,MANUAL,Bracketed placeholder for 'X' — needs Ryu's review
16515,2025-08-07,485BXT,0001999371-25-010872,Tidal Trust II,YieldMax(TM) Target [X](TM) TSLA Option Income ETF,,BRACKET,MANUAL,Bracketed placeholder for 'X' — needs Ryu's review
14414,2025-07-30,485BXT,0001999371-25-010252,Tidal Trust II,YieldMax(TM) Target [X](TM) TSLA Option Income ETF,,BRACKET,MANUAL,Bracketed placeholder for 'X' — needs Ryu's review
16538,2025-07-30,485BXT,0001999371-25-010252,Tidal Trust II,YieldMax(TM) Target [X](TM) TSLA Option Income ETF,,BRACKET,MANUAL,Bracketed placeholder for 'X' — needs Ryu's review
14464,2025-07-10,485BXT,0001999371-25-008926,Tidal Trust II,YieldMax(TM) Target [X](TM) TSLA Option Income ETF,,BRACKET,MANUAL,Bracketed placeholder for 'X' — needs Ryu's review
16595,2025-07-10,485BXT,0001999371-25-008926,Tidal Trust II,YieldMax(TM) Target [X](TM) TSLA Option Income ETF,,BRACKET,MANUAL,Bracketed placeholder for 'X' — needs Ryu's review
14500,2025-06-30,485BXT,0001999371-25-008569,Tidal Trust II,YieldMax(TM) Target [X](TM) TSLA Option Income ETF,,BRACKET,MANUAL,Bracketed placeholder for 'X' — needs Ryu's review
16632,2025-06-30,485BXT,0001999371-25-008569,Tidal Trust II,YieldMax(TM) Target [X](TM) TSLA Option Income ETF,,BRACKET,MANUAL,Bracketed placeholder for 'X' — needs Ryu's review
14530,2025-06-23,485BXT,0001999371-25-008108,Tidal Trust II,YieldMax(TM) Target [X](TM) TSLA Option Income ETF,,BRACKET,MANUAL,Bracketed placeholder for 'X' — needs Ryu's review
16662,2025-06-23,485BXT,0001999371-25-008108,Tidal Trust II,YieldMax(TM) Target [X](TM) TSLA Option Income ETF,,BRACKET,MANUAL,Bracketed placeholder for 'X' — needs Ryu's review
14546,2025-06-16,485BXT,0001999371-25-007822,Tidal Trust II,YieldMax(TM) Target [X](TM) TSLA Option Income ETF,,BRACKET,MANUAL,Bracketed placeholder for 'X' — needs Ryu's review
16684,2025-06-16,485BXT,0001999371-25-007822,Tidal Trust II,YieldMax(TM) Target [X](TM) TSLA Option Income ETF,,BRACKET,MANUAL,Bracketed placeholder for 'X' — needs Ryu's review
14561,2025-06-06,485BXT,0001999371-25-007325,Tidal Trust II,YieldMax(TM) Target [X](TM) TSLA Option Income ETF,,BRACKET,MANUAL,Bracketed placeholder for 'X' — needs Ryu's review
16700,2025-06-06,485BXT,0001999371-25-007325,Tidal Trust II,YieldMax(TM) Target [X](TM) TSLA Option Income ETF,,BRACKET,MANUAL,Bracketed placeholder for 'X' — needs Ryu's review
14637,2025-06-02,485BXT,0001999371-25-007020,Tidal Trust II,YieldMax(TM) Target [X](TM) TSLA Option Income ETF,,BRACKET,MANUAL,Bracketed placeholder for 'X' — needs Ryu's review
16786,2025-06-02,485BXT,0001999371-25-007020,Tidal Trust II,YieldMax(TM) Target [X](TM) TSLA Option Income ETF,,BRACKET,MANUAL,Bracketed placeholder for 'X' — needs Ryu's review
14666,2025-05-23,485BXT,0001999371-25-006630,Tidal Trust II,YieldMax(TM) Target [X](TM) TSLA Option Income ETF,,BRACKET,MANUAL,Bracketed placeholder for 'X' — needs Ryu's review
16815,2025-05-23,485BXT,0001999371-25-006630,Tidal Trust II,YieldMax(TM) Target [X](TM) TSLA Option Income ETF,,BRACKET,MANUAL,Bracketed placeholder for 'X' — needs Ryu's review
14691,2025-05-16,485BXT,0001999371-25-006297,Tidal Trust II,YieldMax(TM) Target [X](TM) TSLA Option Income ETF,,BRACKET,MANUAL,Bracketed placeholder for 'X' — needs Ryu's review
16842,2025-05-16,485BXT,0001999371-25-006297,Tidal Trust II,YieldMax(TM) Target [X](TM) TSLA Option Income ETF,,BRACKET,MANUAL,Bracketed placeholder for 'X' — needs Ryu's review
14723,2025-05-02,485BXT,0001999371-25-005311,Tidal Trust II,YieldMax(TM) Target [X](TM) TSLA Option Income ETF,,BRACKET,MANUAL,Bracketed placeholder for 'X' — needs Ryu's review
16882,2025-05-02,485BXT,0001999371-25-005311,Tidal Trust II,YieldMax(TM) Target [X](TM) TSLA Option Income ETF,,BRACKET,MANUAL,Bracketed placeholder for 'X' — needs Ryu's review
15010,2025-02-19,485APOS,0001839882-25-009869,Tidal Trust II,YieldMax(TM) Target [X](TM) TSLA Option Income ETF,,BRACKET,MANUAL,Bracketed placeholder for 'X' — needs Ryu's review
17205,2025-02-19,485APOS,0001839882-25-009869,Tidal Trust II,YieldMax(TM) Target [X](TM) TSLA Option Income ETF,,BRACKET,MANUAL,Bracketed placeholder for 'X' — needs Ryu's review
29365,2025-03-04,485BXT,0001213900-25-019753,Investment Managers Series Trust II,[ ] Dynamic Yield ETF,,BRACKET,MANUAL,Bracketed placeholder for '' — needs Ryu's review
29366,2025-03-04,485BXT,0001213900-25-019753,Investment Managers Series Trust II,[ ] Dynamic Yield ETF,,BRACKET,MANUAL,Bracketed placeholder for '' — needs Ryu's review
31168,2025-03-04,485BXT,0001213900-25-019753,Investment Managers Series Trust II,[ ] Dynamic Yield ETF,,BRACKET,MANUAL,Bracketed placeholder for '' — needs Ryu's review
31169,2025-03-04,485BXT,0001213900-25-019753,Investment Managers Series Trust II,[ ] Dynamic Yield ETF,,BRACKET,MANUAL,Bracketed placeholder for '' — needs Ryu's review
29396,2025-02-10,485BXT,0001213900-25-011520,Investment Managers Series Trust II,[ ] Dynamic Yield ETF,,BRACKET,MANUAL,Bracketed placeholder for '' — needs Ryu's review
29397,2025-02-10,485BXT,0001213900-25-011520,Investment Managers Series Trust II,[ ] Dynamic Yield ETF,,BRACKET,MANUAL,Bracketed placeholder for '' — needs Ryu's review
31199,2025-02-10,485BXT,0001213900-25-011520,Investment Managers Series Trust II,[ ] Dynamic Yield ETF,,BRACKET,MANUAL,Bracketed placeholder for '' — needs Ryu's review
31200,2025-02-10,485BXT,0001213900-25-011520,Investment Managers Series Trust II,[ ] Dynamic Yield ETF,,BRACKET,MANUAL,Bracketed placeholder for '' — needs Ryu's review
29479,2025-01-16,485BXT,0001213900-25-004016,Investment Managers Series Trust II,[ ] Dynamic Yield ETF,,BRACKET,MANUAL,Bracketed placeholder for '' — needs Ryu's review
29480,2025-01-16,485BXT,0001213900-25-004016,Investment Managers Series Trust II,[ ] Dynamic Yield ETF,,BRACKET,MANUAL,Bracketed placeholder for '' — needs Ryu's review
31282,2025-01-16,485BXT,0001213900-25-004016,Investment Managers Series Trust II,[ ] Dynamic Yield ETF,,BRACKET,MANUAL,Bracketed placeholder for '' — needs Ryu's review
31283,2025-01-16,485BXT,0001213900-25-004016,Investment Managers Series Trust II,[ ] Dynamic Yield ETF,,BRACKET,MANUAL,Bracketed placeholder for '' — needs Ryu's review
29537,2024-12-19,485BXT,0001213900-24-110304,Investment Managers Series Trust II,[ ] Dynamic Yield ETF,,BRACKET,MANUAL,Bracketed placeholder for '' — needs Ryu's review
29538,2024-12-19,485BXT,0001213900-24-110304,Investment Managers Series Trust II,[ ] Dynamic Yield ETF,,BRACKET,MANUAL,Bracketed placeholder for '' — needs Ryu's review
31340,2024-12-19,485BXT,0001213900-24-110304,Investment Managers Series Trust II,[ ] Dynamic Yield ETF,,BRACKET,MANUAL,Bracketed placeholder for '' — needs Ryu's review
31341,2024-12-19,485BXT,0001213900-24-110304,Investment Managers Series Trust II,[ ] Dynamic Yield ETF,,BRACKET,MANUAL,Bracketed placeholder for '' — needs Ryu's review
29552,2024-11-26,485BXT,0001213900-24-102430,Investment Managers Series Trust II,[ ] Dynamic Yield ETF,,BRACKET,MANUAL,Bracketed placeholder for '' — needs Ryu's review
29553,2024-11-26,485BXT,0001213900-24-102430,Investment Managers Series Trust II,[ ] Dynamic Yield ETF,,BRACKET,MANUAL,Bracketed placeholder for '' — needs Ryu's review
31355,2024-11-26,485BXT,0001213900-24-102430,Investment Managers Series Trust II,[ ] Dynamic Yield ETF,,BRACKET,MANUAL,Bracketed placeholder for '' — needs Ryu's review
31356,2024-11-26,485BXT,0001213900-24-102430,Investment Managers Series Trust II,[ ] Dynamic Yield ETF,,BRACKET,MANUAL,Bracketed placeholder for '' — needs Ryu's review
29367,2025-03-04,485BXT,0001213900-25-019753,Investment Managers Series Trust II,[ ] ETF,,BRACKET,MANUAL,Bracketed placeholder for '' — needs Ryu's review
29368,2025-03-04,485BXT,0001213900-25-019753,Investment Managers Series Trust II,[ ] ETF,,BRACKET,MANUAL,Bracketed placeholder for '' — needs Ryu's review
31170,2025-03-04,485BXT,0001213900-25-019753,Investment Managers Series Trust II,[ ] ETF,,BRACKET,MANUAL,Bracketed placeholder for '' — needs Ryu's review
31171,2025-03-04,485BXT,0001213900-25-019753,Investment Managers Series Trust II,[ ] ETF,,BRACKET,MANUAL,Bracketed placeholder for '' — needs Ryu's review
29398,2025-02-10,485BXT,0001213900-25-011520,Investment Managers Series Trust II,[ ] ETF,,BRACKET,MANUAL,Bracketed placeholder for '' — needs Ryu's review
29399,2025-02-10,485BXT,0001213900-25-011520,Investment Managers Series Trust II,[ ] ETF,,BRACKET,MANUAL,Bracketed placeholder for '' — needs Ryu's review
31201,2025-02-10,485BXT,0001213900-25-011520,Investment Managers Series Trust II,[ ] ETF,,BRACKET,MANUAL,Bracketed placeholder for '' — needs Ryu's review
31202,2025-02-10,485BXT,0001213900-25-011520,Investment Managers Series Trust II,[ ] ETF,,BRACKET,MANUAL,Bracketed placeholder for '' — needs Ryu's review
29481,2025-01-16,485BXT,0001213900-25-004016,Investment Managers Series Trust II,[ ] ETF,,BRACKET,MANUAL,Bracketed placeholder for '' — needs Ryu's review
29482,2025-01-16,485BXT,0001213900-25-004016,Investment Managers Series Trust II,[ ] ETF,,BRACKET,MANUAL,Bracketed placeholder for '' — needs Ryu's review
31284,2025-01-16,485BXT,0001213900-25-004016,Investment Managers Series Trust II,[ ] ETF,,BRACKET,MANUAL,Bracketed placeholder for '' — needs Ryu's review
31285,2025-01-16,485BXT,0001213900-25-004016,Investment Managers Series Trust II,[ ] ETF,,BRACKET,MANUAL,Bracketed placeholder for '' — needs Ryu's review
29539,2024-12-19,485BXT,0001213900-24-110304,Investment Managers Series Trust II,[ ] ETF,,BRACKET,MANUAL,Bracketed placeholder for '' — needs Ryu's review
29540,2024-12-19,485BXT,0001213900-24-110304,Investment Managers Series Trust II,[ ] ETF,,BRACKET,MANUAL,Bracketed placeholder for '' — needs Ryu's review
31342,2024-12-19,485BXT,0001213900-24-110304,Investment Managers Series Trust II,[ ] ETF,,BRACKET,MANUAL,Bracketed placeholder for '' — needs Ryu's review
31343,2024-12-19,485BXT,0001213900-24-110304,Investment Managers Series Trust II,[ ] ETF,,BRACKET,MANUAL,Bracketed placeholder for '' — needs Ryu's review
29554,2024-11-26,485BXT,0001213900-24-102430,Investment Managers Series Trust II,[ ] ETF,,BRACKET,MANUAL,Bracketed placeholder for '' — needs Ryu's review
29555,2024-11-26,485BXT,0001213900-24-102430,Investment Managers Series Trust II,[ ] ETF,,BRACKET,MANUAL,Bracketed placeholder for '' — needs Ryu's review
31357,2024-11-26,485BXT,0001213900-24-102430,Investment Managers Series Trust II,[ ] ETF,,BRACKET,MANUAL,Bracketed placeholder for '' — needs Ryu's review
31358,2024-11-26,485BXT,0001213900-24-102430,Investment Managers Series Trust II,[ ] ETF,,BRACKET,MANUAL,Bracketed placeholder for '' — needs Ryu's review
29369,2025-03-04,485BXT,0001213900-25-019753,Investment Managers Series Trust II,[ ] Equity Skew ETF,,BRACKET,MANUAL,Bracketed placeholder for '' — needs Ryu's review
29370,2025-03-04,485BXT,0001213900-25-019753,Investment Managers Series Trust II,[ ] Equity Skew ETF,,BRACKET,MANUAL,Bracketed placeholder for '' — needs Ryu's review
31172,2025-03-04,485BXT,0001213900-25-019753,Investment Managers Series Trust II,[ ] Equity Skew ETF,,BRACKET,MANUAL,Bracketed placeholder for '' — needs Ryu's review
31173,2025-03-04,485BXT,0001213900-25-019753,Investment Managers Series Trust II,[ ] Equity Skew ETF,,BRACKET,MANUAL,Bracketed placeholder for '' — needs Ryu's review
29400,2025-02-10,485BXT,0001213900-25-011520,Investment Managers Series Trust II,[ ] Equity Skew ETF,,BRACKET,MANUAL,Bracketed placeholder for '' — needs Ryu's review
29401,2025-02-10,485BXT,0001213900-25-011520,Investment Managers Series Trust II,[ ] Equity Skew ETF,,BRACKET,MANUAL,Bracketed placeholder for '' — needs Ryu's review
31203,2025-02-10,485BXT,0001213900-25-011520,Investment Managers Series Trust II,[ ] Equity Skew ETF,,BRACKET,MANUAL,Bracketed placeholder for '' — needs Ryu's review
31204,2025-02-10,485BXT,0001213900-25-011520,Investment Managers Series Trust II,[ ] Equity Skew ETF,,BRACKET,MANUAL,Bracketed placeholder for '' — needs Ryu's review
29483,2025-01-16,485BXT,0001213900-25-004016,Investment Managers Series Trust II,[ ] Equity Skew ETF,,BRACKET,MANUAL,Bracketed placeholder for '' — needs Ryu's review
29484,2025-01-16,485BXT,0001213900-25-004016,Investment Managers Series Trust II,[ ] Equity Skew ETF,,BRACKET,MANUAL,Bracketed placeholder for '' — needs Ryu's review
31286,2025-01-16,485BXT,0001213900-25-004016,Investment Managers Series Trust II,[ ] Equity Skew ETF,,BRACKET,MANUAL,Bracketed placeholder for '' — needs Ryu's review
31287,2025-01-16,485BXT,0001213900-25-004016,Investment Managers Series Trust II,[ ] Equity Skew ETF,,BRACKET,MANUAL,Bracketed placeholder for '' — needs Ryu's review
29541,2024-12-19,485BXT,0001213900-24-110304,Investment Managers Series Trust II,[ ] Equity Skew ETF,,BRACKET,MANUAL,Bracketed placeholder for '' — needs Ryu's review
29542,2024-12-19,485BXT,0001213900-24-110304,Investment Managers Series Trust II,[ ] Equity Skew ETF,,BRACKET,MANUAL,Bracketed placeholder for '' — needs Ryu's review
31344,2024-12-19,485BXT,0001213900-24-110304,Investment Managers Series Trust II,[ ] Equity Skew ETF,,BRACKET,MANUAL,Bracketed placeholder for '' — needs Ryu's review
31345,2024-12-19,485BXT,0001213900-24-110304,Investment Managers Series Trust II,[ ] Equity Skew ETF,,BRACKET,MANUAL,Bracketed placeholder for '' — needs Ryu's review
29556,2024-11-26,485BXT,0001213900-24-102430,Investment Managers Series Trust II,[ ] Equity Skew ETF,,BRACKET,MANUAL,Bracketed placeholder for '' — needs Ryu's review
29557,2024-11-26,485BXT,0001213900-24-102430,Investment Managers Series Trust II,[ ] Equity Skew ETF,,BRACKET,MANUAL,Bracketed placeholder for '' — needs Ryu's review
31359,2024-11-26,485BXT,0001213900-24-102430,Investment Managers Series Trust II,[ ] Equity Skew ETF,,BRACKET,MANUAL,Bracketed placeholder for '' — needs Ryu's review
31360,2024-11-26,485BXT,0001213900-24-102430,Investment Managers Series Trust II,[ ] Equity Skew ETF,,BRACKET,MANUAL,Bracketed placeholder for '' — needs Ryu's review
29375,2025-03-04,485BXT,0001213900-25-019752,Investment Managers Series Trust II,[ ] Managed Municipal Income Fund,,BRACKET,MANUAL,Bracketed placeholder for '' — needs Ryu's review
29376,2025-03-04,485BXT,0001213900-25-019752,Investment Managers Series Trust II,[ ] Managed Municipal Income Fund,,BRACKET,MANUAL,Bracketed placeholder for '' — needs Ryu's review
31178,2025-03-04,485BXT,0001213900-25-019752,Investment Managers Series Trust II,[ ] Managed Municipal Income Fund,,BRACKET,MANUAL,Bracketed placeholder for '' — needs Ryu's review
31179,2025-03-04,485BXT,0001213900-25-019752,Investment Managers Series Trust II,[ ] Managed Municipal Income Fund,,BRACKET,MANUAL,Bracketed placeholder for '' — needs Ryu's review
29387,2025-02-10,485BXT,0001213900-25-011521,Investment Managers Series Trust II,[ ] Managed Municipal Income Fund,,BRACKET,MANUAL,Bracketed placeholder for '' — needs Ryu's review
29388,2025-02-10,485BXT,0001213900-25-011521,Investment Managers Series Trust II,[ ] Managed Municipal Income Fund,,BRACKET,MANUAL,Bracketed placeholder for '' — needs Ryu's review
31190,2025-02-10,485BXT,0001213900-25-011521,Investment Managers Series Trust II,[ ] Managed Municipal Income Fund,,BRACKET,MANUAL,Bracketed placeholder for '' — needs Ryu's review
31191,2025-02-10,485BXT,0001213900-25-011521,Investment Managers Series Trust II,[ ] Managed Municipal Income Fund,,BRACKET,MANUAL,Bracketed placeholder for '' — needs Ryu's review
29489,2025-01-16,485BXT,0001213900-25-004015,Investment Managers Series Trust II,[ ] Managed Municipal Income Fund,,BRACKET,MANUAL,Bracketed placeholder for '' — needs Ryu's review
29490,2025-01-16,485BXT,0001213900-25-004015,Investment Managers Series Trust II,[ ] Managed Municipal Income Fund,,BRACKET,MANUAL,Bracketed placeholder for '' — needs Ryu's review
31292,2025-01-16,485BXT,0001213900-25-004015,Investment Managers Series Trust II,[ ] Managed Municipal Income Fund,,BRACKET,MANUAL,Bracketed placeholder for '' — needs Ryu's review
31293,2025-01-16,485BXT,0001213900-25-004015,Investment Managers Series Trust II,[ ] Managed Municipal Income Fund,,BRACKET,MANUAL,Bracketed placeholder for '' — needs Ryu's review
29528,2024-12-19,485BXT,0001213900-24-110305,Investment Managers Series Trust II,[ ] Managed Municipal Income Fund,,BRACKET,MANUAL,Bracketed placeholder for '' — needs Ryu's review
29529,2024-12-19,485BXT,0001213900-24-110305,Investment Managers Series Trust II,[ ] Managed Municipal Income Fund,,BRACKET,MANUAL,Bracketed placeholder for '' — needs Ryu's review
31331,2024-12-19,485BXT,0001213900-24-110305,Investment Managers Series Trust II,[ ] Managed Municipal Income Fund,,BRACKET,MANUAL,Bracketed placeholder for '' — needs Ryu's review
31332,2024-12-19,485BXT,0001213900-24-110305,Investment Managers Series Trust II,[ ] Managed Municipal Income Fund,,BRACKET,MANUAL,Bracketed placeholder for '' — needs Ryu's review
29562,2024-11-26,485BXT,0001213900-24-102429,Investment Managers Series Trust II,[ ] Managed Municipal Income Fund,,BRACKET,MANUAL,Bracketed placeholder for '' — needs Ryu's review
29563,2024-11-26,485BXT,0001213900-24-102429,Investment Managers Series Trust II,[ ] Managed Municipal Income Fund,,BRACKET,MANUAL,Bracketed placeholder for '' — needs Ryu's review
31365,2024-11-26,485BXT,0001213900-24-102429,Investment Managers Series Trust II,[ ] Managed Municipal Income Fund,,BRACKET,MANUAL,Bracketed placeholder for '' — needs Ryu's review
31366,2024-11-26,485BXT,0001213900-24-102429,Investment Managers Series Trust II,[ ] Managed Municipal Income Fund,,BRACKET,MANUAL,Bracketed placeholder for '' — needs Ryu's review
39622,2024-09-19,485APOS,0001398344-24-017978,Investment Managers Series Trust II,[ ] Managed Municipal Income Fund,,BRACKET,MANUAL,Bracketed placeholder for '' — needs Ryu's review
39623,2024-09-19,485APOS,0001398344-24-017978,Investment Managers Series Trust II,[ ] Managed Municipal Income Fund,,BRACKET,MANUAL,Bracketed placeholder for '' — needs Ryu's review
29377,2025-03-04,485BXT,0001213900-25-019752,Investment Managers Series Trust II,[ ] Managed Volatility Fund,,BRACKET,MANUAL,Bracketed placeholder for '' — needs Ryu's review
29378,2025-03-04,485BXT,0001213900-25-019752,Investment Managers Series Trust II,[ ] Managed Volatility Fund,,BRACKET,MANUAL,Bracketed placeholder for '' — needs Ryu's review
29379,2025-03-04,485BXT,0001213900-25-019752,Investment Managers Series Trust II,[ ] Managed Volatility Fund,,BRACKET,MANUAL,Bracketed placeholder for '' — needs Ryu's review
31180,2025-03-04,485BXT,0001213900-25-019752,Investment Managers Series Trust II,[ ] Managed Volatility Fund,,BRACKET,MANUAL,Bracketed placeholder for '' — needs Ryu's review
31181,2025-03-04,485BXT,0001213900-25-019752,Investment Managers Series Trust II,[ ] Managed Volatility Fund,,BRACKET,MANUAL,Bracketed placeholder for '' — needs Ryu's review
31182,2025-03-04,485BXT,0001213900-25-019752,Investment Managers Series Trust II,[ ] Managed Volatility Fund,,BRACKET,MANUAL,Bracketed placeholder for '' — needs Ryu's review
29389,2025-02-10,485BXT,0001213900-25-011521,Investment Managers Series Trust II,[ ] Managed Volatility Fund,,BRACKET,MANUAL,Bracketed placeholder for '' — needs Ryu's review
29390,2025-02-10,485BXT,0001213900-25-011521,Investment Managers Series Trust II,[ ] Managed Volatility Fund,,BRACKET,MANUAL,Bracketed placeholder for '' — needs Ryu's review
29391,2025-02-10,485BXT,0001213900-25-011521,Investment Managers Series Trust II,[ ] Managed Volatility Fund,,BRACKET,MANUAL,Bracketed placeholder for '' — needs Ryu's review
31192,2025-02-10,485BXT,0001213900-25-011521,Investment Managers Series Trust II,[ ] Managed Volatility Fund,,BRACKET,MANUAL,Bracketed placeholder for '' — needs Ryu's review
31193,2025-02-10,485BXT,0001213900-25-011521,Investment Managers Series Trust II,[ ] Managed Volatility Fund,,BRACKET,MANUAL,Bracketed placeholder for '' — needs Ryu's review
31194,2025-02-10,485BXT,0001213900-25-011521,Investment Managers Series Trust II,[ ] Managed Volatility Fund,,BRACKET,MANUAL,Bracketed placeholder for '' — needs Ryu's review
29491,2025-01-16,485BXT,0001213900-25-004015,Investment Managers Series Trust II,[ ] Managed Volatility Fund,,BRACKET,MANUAL,Bracketed placeholder for '' — needs Ryu's review
29492,2025-01-16,485BXT,0001213900-25-004015,Investment Managers Series Trust II,[ ] Managed Volatility Fund,,BRACKET,MANUAL,Bracketed placeholder for '' — needs Ryu's review
29493,2025-01-16,485BXT,0001213900-25-004015,Investment Managers Series Trust II,[ ] Managed Volatility Fund,,BRACKET,MANUAL,Bracketed placeholder for '' — needs Ryu's review
31294,2025-01-16,485BXT,0001213900-25-004015,Investment Managers Series Trust II,[ ] Managed Volatility Fund,,BRACKET,MANUAL,Bracketed placeholder for '' — needs Ryu's review
31295,2025-01-16,485BXT,0001213900-25-004015,Investment Managers Series Trust II,[ ] Managed Volatility Fund,,BRACKET,MANUAL,Bracketed placeholder for '' — needs Ryu's review
31296,2025-01-16,485BXT,0001213900-25-004015,Investment Managers Series Trust II,[ ] Managed Volatility Fund,,BRACKET,MANUAL,Bracketed placeholder for '' — needs Ryu's review
29530,2024-12-19,485BXT,0001213900-24-110305,Investment Managers Series Trust II,[ ] Managed Volatility Fund,,BRACKET,MANUAL,Bracketed placeholder for '' — needs Ryu's review
29531,2024-12-19,485BXT,0001213900-24-110305,Investment Managers Series Trust II,[ ] Managed Volatility Fund,,BRACKET,MANUAL,Bracketed placeholder for '' — needs Ryu's review
29532,2024-12-19,485BXT,0001213900-24-110305,Investment Managers Series Trust II,[ ] Managed Volatility Fund,,BRACKET,MANUAL,Bracketed placeholder for '' — needs Ryu's review
31333,2024-12-19,485BXT,0001213900-24-110305,Investment Managers Series Trust II,[ ] Managed Volatility Fund,,BRACKET,MANUAL,Bracketed placeholder for '' — needs Ryu's review
31334,2024-12-19,485BXT,0001213900-24-110305,Investment Managers Series Trust II,[ ] Managed Volatility Fund,,BRACKET,MANUAL,Bracketed placeholder for '' — needs Ryu's review
31335,2024-12-19,485BXT,0001213900-24-110305,Investment Managers Series Trust II,[ ] Managed Volatility Fund,,BRACKET,MANUAL,Bracketed placeholder for '' — needs Ryu's review
29564,2024-11-26,485BXT,0001213900-24-102429,Investment Managers Series Trust II,[ ] Managed Volatility Fund,,BRACKET,MANUAL,Bracketed placeholder for '' — needs Ryu's review
29565,2024-11-26,485BXT,0001213900-24-102429,Investment Managers Series Trust II,[ ] Managed Volatility Fund,,BRACKET,MANUAL,Bracketed placeholder for '' — needs Ryu's review
29566,2024-11-26,485BXT,0001213900-24-102429,Investment Managers Series Trust II,[ ] Managed Volatility Fund,,BRACKET,MANUAL,Bracketed placeholder for '' — needs Ryu's review
31367,2024-11-26,485BXT,0001213900-24-102429,Investment Managers Series Trust II,[ ] Managed Volatility Fund,,BRACKET,MANUAL,Bracketed placeholder for '' — needs Ryu's review
31368,2024-11-26,485BXT,0001213900-24-102429,Investment Managers Series Trust II,[ ] Managed Volatility Fund,,BRACKET,MANUAL,Bracketed placeholder for '' — needs Ryu's review
31369,2024-11-26,485BXT,0001213900-24-102429,Investment Managers Series Trust II,[ ] Managed Volatility Fund,,BRACKET,MANUAL,Bracketed placeholder for '' — needs Ryu's review
39624,2024-09-19,485APOS,0001398344-24-017978,Investment Managers Series Trust II,[ ] Managed Volatility Fund,,BRACKET,MANUAL,Bracketed placeholder for '' — needs Ryu's review
39625,2024-09-19,485APOS,0001398344-24-017978,Investment Managers Series Trust II,[ ] Managed Volatility Fund,,BRACKET,MANUAL,Bracketed placeholder for '' — needs Ryu's review
39626,2024-09-19,485APOS,0001398344-24-017978,Investment Managers Series Trust II,[ ] Managed Volatility Fund,,BRACKET,MANUAL,Bracketed placeholder for '' — needs Ryu's review
29380,2025-03-04,485BXT,0001213900-25-019752,Investment Managers Series Trust II,[ ] Systematic Macro Trend Fund,,BRACKET,MANUAL,Bracketed placeholder for '' — needs Ryu's review
29381,2025-03-04,485BXT,0001213900-25-019752,Investment Managers Series Trust II,[ ] Systematic Macro Trend Fund,,BRACKET,MANUAL,Bracketed placeholder for '' — needs Ryu's review
31183,2025-03-04,485BXT,0001213900-25-019752,Investment Managers Series Trust II,[ ] Systematic Macro Trend Fund,,BRACKET,MANUAL,Bracketed placeholder for '' — needs Ryu's review
31184,2025-03-04,485BXT,0001213900-25-019752,Investment Managers Series Trust II,[ ] Systematic Macro Trend Fund,,BRACKET,MANUAL,Bracketed placeholder for '' — needs Ryu's review
29392,2025-02-10,485BXT,0001213900-25-011521,Investment Managers Series Trust II,[ ] Systematic Macro Trend Fund,,BRACKET,MANUAL,Bracketed placeholder for '' — needs Ryu's review
29393,2025-02-10,485BXT,0001213900-25-011521,Investment Managers Series Trust II,[ ] Systematic Macro Trend Fund,,BRACKET,MANUAL,Bracketed placeholder for '' — needs Ryu's review
31195,2025-02-10,485BXT,0001213900-25-011521,Investment Managers Series Trust II,[ ] Systematic Macro Trend Fund,,BRACKET,MANUAL,Bracketed placeholder for '' — needs Ryu's review
31196,2025-02-10,485BXT,0001213900-25-011521,Investment Managers Series Trust II,[ ] Systematic Macro Trend Fund,,BRACKET,MANUAL,Bracketed placeholder for '' — needs Ryu's review
29494,2025-01-16,485BXT,0001213900-25-004015,Investment Managers Series Trust II,[ ] Systematic Macro Trend Fund,,BRACKET,MANUAL,Bracketed placeholder for '' — needs Ryu's review
29495,2025-01-16,485BXT,0001213900-25-004015,Investment Managers Series Trust II,[ ] Systematic Macro Trend Fund,,BRACKET,MANUAL,Bracketed placeholder for '' — needs Ryu's review
31297,2025-01-16,485BXT,0001213900-25-004015,Investment Managers Series Trust II,[ ] Systematic Macro Trend Fund,,BRACKET,MANUAL,Bracketed placeholder for '' — needs Ryu's review
31298,2025-01-16,485BXT,0001213900-25-004015,Investment Managers Series Trust II,[ ] Systematic Macro Trend Fund,,BRACKET,MANUAL,Bracketed placeholder for '' — needs Ryu's review
29533,2024-12-19,485BXT,0001213900-24-110305,Investment Managers Series Trust II,[ ] Systematic Macro Trend Fund,,BRACKET,MANUAL,Bracketed placeholder for '' — needs Ryu's review
29534,2024-12-19,485BXT,0001213900-24-110305,Investment Managers Series Trust II,[ ] Systematic Macro Trend Fund,,BRACKET,MANUAL,Bracketed placeholder for '' — needs Ryu's review
31336,2024-12-19,485BXT,0001213900-24-110305,Investment Managers Series Trust II,[ ] Systematic Macro Trend Fund,,BRACKET,MANUAL,Bracketed placeholder for '' — needs Ryu's review
31337,2024-12-19,485BXT,0001213900-24-110305,Investment Managers Series Trust II,[ ] Systematic Macro Trend Fund,,BRACKET,MANUAL,Bracketed placeholder for '' — needs Ryu's review
29567,2024-11-26,485BXT,0001213900-24-102429,Investment Managers Series Trust II,[ ] Systematic Macro Trend Fund,,BRACKET,MANUAL,Bracketed placeholder for '' — needs Ryu's review
29568,2024-11-26,485BXT,0001213900-24-102429,Investment Managers Series Trust II,[ ] Systematic Macro Trend Fund,,BRACKET,MANUAL,Bracketed placeholder for '' — needs Ryu's review
31370,2024-11-26,485BXT,0001213900-24-102429,Investment Managers Series Trust II,[ ] Systematic Macro Trend Fund,,BRACKET,MANUAL,Bracketed placeholder for '' — needs Ryu's review
31371,2024-11-26,485BXT,0001213900-24-102429,Investment Managers Series Trust II,[ ] Systematic Macro Trend Fund,,BRACKET,MANUAL,Bracketed placeholder for '' — needs Ryu's review
39627,2024-09-19,485APOS,0001398344-24-017978,Investment Managers Series Trust II,[ ] Systematic Macro Trend Fund,,BRACKET,MANUAL,Bracketed placeholder for '' — needs Ryu's review
39628,2024-09-19,485APOS,0001398344-24-017978,Investment Managers Series Trust II,[ ] Systematic Macro Trend Fund,,BRACKET,MANUAL,Bracketed placeholder for '' — needs Ryu's review
29371,2025-03-04,485BXT,0001213900-25-019753,Investment Managers Series Trust II,[ ] Tactical Focused ETF,,BRACKET,MANUAL,Bracketed placeholder for '' — needs Ryu's review
29372,2025-03-04,485BXT,0001213900-25-019753,Investment Managers Series Trust II,[ ] Tactical Focused ETF,,BRACKET,MANUAL,Bracketed placeholder for '' — needs Ryu's review
31174,2025-03-04,485BXT,0001213900-25-019753,Investment Managers Series Trust II,[ ] Tactical Focused ETF,,BRACKET,MANUAL,Bracketed placeholder for '' — needs Ryu's review
31175,2025-03-04,485BXT,0001213900-25-019753,Investment Managers Series Trust II,[ ] Tactical Focused ETF,,BRACKET,MANUAL,Bracketed placeholder for '' — needs Ryu's review
29402,2025-02-10,485BXT,0001213900-25-011520,Investment Managers Series Trust II,[ ] Tactical Focused ETF,,BRACKET,MANUAL,Bracketed placeholder for '' — needs Ryu's review
29403,2025-02-10,485BXT,0001213900-25-011520,Investment Managers Series Trust II,[ ] Tactical Focused ETF,,BRACKET,MANUAL,Bracketed placeholder for '' — needs Ryu's review
31205,2025-02-10,485BXT,0001213900-25-011520,Investment Managers Series Trust II,[ ] Tactical Focused ETF,,BRACKET,MANUAL,Bracketed placeholder for '' — needs Ryu's review
31206,2025-02-10,485BXT,0001213900-25-011520,Investment Managers Series Trust II,[ ] Tactical Focused ETF,,BRACKET,MANUAL,Bracketed placeholder for '' — needs Ryu's review
29485,2025-01-16,485BXT,0001213900-25-004016,Investment Managers Series Trust II,[ ] Tactical Focused ETF,,BRACKET,MANUAL,Bracketed placeholder for '' — needs Ryu's review
29486,2025-01-16,485BXT,0001213900-25-004016,Investment Managers Series Trust II,[ ] Tactical Focused ETF,,BRACKET,MANUAL,Bracketed placeholder for '' — needs Ryu's review
31288,2025-01-16,485BXT,0001213900-25-004016,Investment Managers Series Trust II,[ ] Tactical Focused ETF,,BRACKET,MANUAL,Bracketed placeholder for '' — needs Ryu's review
31289,2025-01-16,485BXT,0001213900-25-004016,Investment Managers Series Trust II,[ ] Tactical Focused ETF,,BRACKET,MANUAL,Bracketed placeholder for '' — needs Ryu's review
29543,2024-12-19,485BXT,0001213900-24-110304,Investment Managers Series Trust II,[ ] Tactical Focused ETF,,BRACKET,MANUAL,Bracketed placeholder for '' — needs Ryu's review
29544,2024-12-19,485BXT,0001213900-24-110304,Investment Managers Series Trust II,[ ] Tactical Focused ETF,,BRACKET,MANUAL,Bracketed placeholder for '' — needs Ryu's review
31346,2024-12-19,485BXT,0001213900-24-110304,Investment Managers Series Trust II,[ ] Tactical Focused ETF,,BRACKET,MANUAL,Bracketed placeholder for '' — needs Ryu's review
31347,2024-12-19,485BXT,0001213900-24-110304,Investment Managers Series Trust II,[ ] Tactical Focused ETF,,BRACKET,MANUAL,Bracketed placeholder for '' — needs Ryu's review
29558,2024-11-26,485BXT,0001213900-24-102430,Investment Managers Series Trust II,[ ] Tactical Focused ETF,,BRACKET,MANUAL,Bracketed placeholder for '' — needs Ryu's review
29559,2024-11-26,485BXT,0001213900-24-102430,Investment Managers Series Trust II,[ ] Tactical Focused ETF,,BRACKET,MANUAL,Bracketed placeholder for '' — needs Ryu's review
31361,2024-11-26,485BXT,0001213900-24-102430,Investment Managers Series Trust II,[ ] Tactical Focused ETF,,BRACKET,MANUAL,Bracketed placeholder for '' — needs Ryu's review
31362,2024-11-26,485BXT,0001213900-24-102430,Investment Managers Series Trust II,[ ] Tactical Focused ETF,,BRACKET,MANUAL,Bracketed placeholder for '' — needs Ryu's review
29382,2025-03-04,485BXT,0001213900-25-019752,Investment Managers Series Trust II,[ ] Tactical International Fund,,BRACKET,MANUAL,Bracketed placeholder for '' — needs Ryu's review
29383,2025-03-04,485BXT,0001213900-25-019752,Investment Managers Series Trust II,[ ] Tactical International Fund,,BRACKET,MANUAL,Bracketed placeholder for '' — needs Ryu's review
31185,2025-03-04,485BXT,0001213900-25-019752,Investment Managers Series Trust II,[ ] Tactical International Fund,,BRACKET,MANUAL,Bracketed placeholder for '' — needs Ryu's review
31186,2025-03-04,485BXT,0001213900-25-019752,Investment Managers Series Trust II,[ ] Tactical International Fund,,BRACKET,MANUAL,Bracketed placeholder for '' — needs Ryu's review
29394,2025-02-10,485BXT,0001213900-25-011521,Investment Managers Series Trust II,[ ] Tactical International Fund,,BRACKET,MANUAL,Bracketed placeholder for '' — needs Ryu's review
29395,2025-02-10,485BXT,0001213900-25-011521,Investment Managers Series Trust II,[ ] Tactical International Fund,,BRACKET,MANUAL,Bracketed placeholder for '' — needs Ryu's review
31197,2025-02-10,485BXT,0001213900-25-011521,Investment Managers Series Trust II,[ ] Tactical International Fund,,BRACKET,MANUAL,Bracketed placeholder for '' — needs Ryu's review
31198,2025-02-10,485BXT,0001213900-25-011521,Investment Managers Series Trust II,[ ] Tactical International Fund,,BRACKET,MANUAL,Bracketed placeholder for '' — needs Ryu's review
29496,2025-01-16,485BXT,0001213900-25-004015,Investment Managers Series Trust II,[ ] Tactical International Fund,,BRACKET,MANUAL,Bracketed placeholder for '' — needs Ryu's review
29497,2025-01-16,485BXT,0001213900-25-004015,Investment Managers Series Trust II,[ ] Tactical International Fund,,BRACKET,MANUAL,Bracketed placeholder for '' — needs Ryu's review
31299,2025-01-16,485BXT,0001213900-25-004015,Investment Managers Series Trust II,[ ] Tactical International Fund,,BRACKET,MANUAL,Bracketed placeholder for '' — needs Ryu's review
31300,2025-01-16,485BXT,0001213900-25-004015,Investment Managers Series Trust II,[ ] Tactical International Fund,,BRACKET,MANUAL,Bracketed placeholder for '' — needs Ryu's review
29535,2024-12-19,485BXT,0001213900-24-110305,Investment Managers Series Trust II,[ ] Tactical International Fund,,BRACKET,MANUAL,Bracketed placeholder for '' — needs Ryu's review
29536,2024-12-19,485BXT,0001213900-24-110305,Investment Managers Series Trust II,[ ] Tactical International Fund,,BRACKET,MANUAL,Bracketed placeholder for '' — needs Ryu's review
31338,2024-12-19,485BXT,0001213900-24-110305,Investment Managers Series Trust II,[ ] Tactical International Fund,,BRACKET,MANUAL,Bracketed placeholder for '' — needs Ryu's review
31339,2024-12-19,485BXT,0001213900-24-110305,Investment Managers Series Trust II,[ ] Tactical International Fund,,BRACKET,MANUAL,Bracketed placeholder for '' — needs Ryu's review
29569,2024-11-26,485BXT,0001213900-24-102429,Investment Managers Series Trust II,[ ] Tactical International Fund,,BRACKET,MANUAL,Bracketed placeholder for '' — needs Ryu's review
29570,2024-11-26,485BXT,0001213900-24-102429,Investment Managers Series Trust II,[ ] Tactical International Fund,,BRACKET,MANUAL,Bracketed placeholder for '' — needs Ryu's review
31372,2024-11-26,485BXT,0001213900-24-102429,Investment Managers Series Trust II,[ ] Tactical International Fund,,BRACKET,MANUAL,Bracketed placeholder for '' — needs Ryu's review
31373,2024-11-26,485BXT,0001213900-24-102429,Investment Managers Series Trust II,[ ] Tactical International Fund,,BRACKET,MANUAL,Bracketed placeholder for '' — needs Ryu's review
39629,2024-09-19,485APOS,0001398344-24-017978,Investment Managers Series Trust II,[ ] Tactical International Fund,,BRACKET,MANUAL,Bracketed placeholder for '' — needs Ryu's review
39630,2024-09-19,485APOS,0001398344-24-017978,Investment Managers Series Trust II,[ ] Tactical International Fund,,BRACKET,MANUAL,Bracketed placeholder for '' — needs Ryu's review
29373,2025-03-04,485BXT,0001213900-25-019753,Investment Managers Series Trust II,[ ] US Core Equity ETF,,BRACKET,MANUAL,Bracketed placeholder for '' — needs Ryu's review
29374,2025-03-04,485BXT,0001213900-25-019753,Investment Managers Series Trust II,[ ] US Core Equity ETF,,BRACKET,MANUAL,Bracketed placeholder for '' — needs Ryu's review
31176,2025-03-04,485BXT,0001213900-25-019753,Investment Managers Series Trust II,[ ] US Core Equity ETF,,BRACKET,MANUAL,Bracketed placeholder for '' — needs Ryu's review
31177,2025-03-04,485BXT,0001213900-25-019753,Investment Managers Series Trust II,[ ] US Core Equity ETF,,BRACKET,MANUAL,Bracketed placeholder for '' — needs Ryu's review
29404,2025-02-10,485BXT,0001213900-25-011520,Investment Managers Series Trust II,[ ] US Core Equity ETF,,BRACKET,MANUAL,Bracketed placeholder for '' — needs Ryu's review
29405,2025-02-10,485BXT,0001213900-25-011520,Investment Managers Series Trust II,[ ] US Core Equity ETF,,BRACKET,MANUAL,Bracketed placeholder for '' — needs Ryu's review
31207,2025-02-10,485BXT,0001213900-25-011520,Investment Managers Series Trust II,[ ] US Core Equity ETF,,BRACKET,MANUAL,Bracketed placeholder for '' — needs Ryu's review
31208,2025-02-10,485BXT,0001213900-25-011520,Investment Managers Series Trust II,[ ] US Core Equity ETF,,BRACKET,MANUAL,Bracketed placeholder for '' — needs Ryu's review
29487,2025-01-16,485BXT,0001213900-25-004016,Investment Managers Series Trust II,[ ] US Core Equity ETF,,BRACKET,MANUAL,Bracketed placeholder for '' — needs Ryu's review
29488,2025-01-16,485BXT,0001213900-25-004016,Investment Managers Series Trust II,[ ] US Core Equity ETF,,BRACKET,MANUAL,Bracketed placeholder for '' — needs Ryu's review
31290,2025-01-16,485BXT,0001213900-25-004016,Investment Managers Series Trust II,[ ] US Core Equity ETF,,BRACKET,MANUAL,Bracketed placeholder for '' — needs Ryu's review
31291,2025-01-16,485BXT,0001213900-25-004016,Investment Managers Series Trust II,[ ] US Core Equity ETF,,BRACKET,MANUAL,Bracketed placeholder for '' — needs Ryu's review
29545,2024-12-19,485BXT,0001213900-24-110304,Investment Managers Series Trust II,[ ] US Core Equity ETF,,BRACKET,MANUAL,Bracketed placeholder for '' — needs Ryu's review
29546,2024-12-19,485BXT,0001213900-24-110304,Investment Managers Series Trust II,[ ] US Core Equity ETF,,BRACKET,MANUAL,Bracketed placeholder for '' — needs Ryu's review
31348,2024-12-19,485BXT,0001213900-24-110304,Investment Managers Series Trust II,[ ] US Core Equity ETF,,BRACKET,MANUAL,Bracketed placeholder for '' — needs Ryu's review
31349,2024-12-19,485BXT,0001213900-24-110304,Investment Managers Series Trust II,[ ] US Core Equity ETF,,BRACKET,MANUAL,Bracketed placeholder for '' — needs Ryu's review
29560,2024-11-26,485BXT,0001213900-24-102430,Investment Managers Series Trust II,[ ] US Core Equity ETF,,BRACKET,MANUAL,Bracketed placeholder for '' — needs Ryu's review
29561,2024-11-26,485BXT,0001213900-24-102430,Investment Managers Series Trust II,[ ] US Core Equity ETF,,BRACKET,MANUAL,Bracketed placeholder for '' — needs Ryu's review
31363,2024-11-26,485BXT,0001213900-24-102430,Investment Managers Series Trust II,[ ] US Core Equity ETF,,BRACKET,MANUAL,Bracketed placeholder for '' — needs Ryu's review
31364,2024-11-26,485BXT,0001213900-24-102430,Investment Managers Series Trust II,[ ] US Core Equity ETF,,BRACKET,MANUAL,Bracketed placeholder for '' — needs Ryu's review
